customer_id,wilaya,plan_type,tenure_months,data_gb,voice_min,sms_count,night_data_ratio,topup_count,avg_topup_da,monthly_spend_da,roaming_flag,true_persona
C00001,Blida,Prepaid,13,3.6,733.0,31,0.21,4,400.0,1530.0,0,Talkers
C00002,Annaba,Postpaid,0,5.4,109.0,27,0.33,0,350.0,0.0,0,Low spenders
C00003,Tizi Ouzou,Prepaid,10,3.5,68.0,15,0.22,1,250.0,260.0,0,Low spenders
C00004,Blida,Prepaid,20,54.9,99.0,4,0.55,1,950.0,890.0,0,Data lovers
C00005,Batna,Prepaid,39,41.0,124.0,23,0.19,2,800.0,1510.0,0,Data lovers
C00006,Tizi Ouzou,Prepaid,58,25.6,76.0,6,0.3,6,700.0,3840.0,0,Data lovers
C00007,Ouargla,Prepaid,17,28.3,106.0,17,0.55,4,800.0,2890.0,0,Data lovers
C00008,Tizi Ouzou,Prepaid,27,3.3,52.0,5,0.26,1,300.0,310.0,0,Low spenders
C00009,Ouargla,Prepaid,32,3.1,151.0,0,0.07,1,250.0,270.0,0,Low spenders
C00010,Annaba,Prepaid,25,4.4,719.0,84,0.22,1,600.0,600.0,0,Talkers
C00011,Setif,Prepaid,9,3.2,112.0,14,0.27,1,300.0,310.0,0,Low spenders
C00012,Constantine,Prepaid,19,22.9,70.0,26,0.46,4,950.0,4120.0,0,Data lovers
C00013,Setif,Prepaid,34,21.9,94.0,18,0.31,4,950.0,3730.0,0,Data lovers
C00014,Tlemcen,Prepaid,14,23.4,52.0,24,0.37,5,1100.0,5750.0,0,Data lovers
C00015,Blida,Prepaid,24,3.9,136.0,14,0.19,2,150.0,300.0,0,Low spenders
C00016,Annaba,Prepaid,69,47.1,517.0,29,0.1,4,2500.0,9030.0,1,Premium
C00017,Tlemcen,Postpaid,11,43.4,108.0,20,0.45,4,1150.0,4890.0,0,Data lovers
C00018,Tizi Ouzou,Prepaid,21,2.5,101.0,27,0.3,1,300.0,300.0,0,Low spenders
C00019,Constantine,Prepaid,54,4.6,646.0,28,0.18,3,450.0,1270.0,0,Talkers
C00020,Oran,Prepaid,36,37.1,103.0,1,0.39,4,850.0,3210.0,0,Data lovers
C00021,Setif,Prepaid,22,17.1,110.0,27,0.47,5,1050.0,5170.0,0,Data lovers
C00022,Constantine,Postpaid,13,4.0,0.0,2,0.35,1,250.0,270.0,0,Low spenders
C00023,Setif,Prepaid,29,16.3,89.0,20,0.32,4,1050.0,4530.0,1,Data lovers
C00024,Batna,Prepaid,26,26.5,96.0,23,0.12,3,600.0,1870.0,0,Data lovers
C00025,Blida,Prepaid,11,15.2,151.0,36,0.52,4,600.0,2450.0,0,Students
C00026,Blida,Prepaid,59,15.2,66.0,22,0.45,3,800.0,2410.0,0,Data lovers
C00027,Setif,Postpaid,4,22.8,151.0,44,0.6,4,500.0,2100.0,0,Students
C00028,Ouargla,Prepaid,20,30.5,89.0,1,0.52,2,850.0,1780.0,0,Data lovers
C00029,Alger,Prepaid,5,21.5,124.0,28,0.59,3,400.0,1220.0,0,Students
C00030,Alger,Prepaid,20,21.6,95.0,34,0.41,5,950.0,5070.0,0,Data lovers
C00031,Oran,Prepaid,35,5.9,648.0,63,0.16,4,600.0,2480.0,0,Talkers
C00032,Tlemcen,Postpaid,57,33.6,109.0,23,0.41,3,700.0,2250.0,0,Data lovers
C00033,Tlemcen,Prepaid,1,9.7,147.0,60,0.33,5,300.0,1420.0,0,Students
C00034,Oran,Prepaid,26,28.3,39.0,42,0.6,4,500.0,1940.0,0,Students
C00035,Batna,Prepaid,30,6.3,615.0,44,0.14,4,600.0,2600.0,1,Talkers
C00036,Tizi Ouzou,Prepaid,20,3.8,69.0,14,0.19,1,250.0,260.0,0,Low spenders
C00037,Setif,Prepaid,66,31.1,520.0,60,0.16,5,2550.0,14010.0,0,Premium
C00038,Annaba,Prepaid,13,18.1,70.0,38,0.53,2,450.0,860.0,0,Students
C00039,Constantine,Prepaid,13,25.5,101.0,17,0.51,3,550.0,1650.0,0,Students
C00040,Oran,Postpaid,21,6.2,609.0,70,0.17,4,200.0,800.0,0,Talkers
C00041,Ouargla,Prepaid,18,49.2,373.0,38,0.31,4,2800.0,12070.0,0,Premium
C00042,Ouargla,Prepaid,8,13.5,139.0,55,0.61,1,400.0,380.0,0,Students
C00043,Alger,Postpaid,26,27.5,55.0,19,0.4,4,500.0,2010.0,0,Data lovers
C00044,Blida,Prepaid,50,19.5,84.0,2,0.38,5,550.0,2930.0,0,Data lovers
C00045,Setif,Prepaid,45,26.4,120.0,15,0.28,4,950.0,3540.0,0,Data lovers
C00046,Tizi Ouzou,Prepaid,38,43.3,367.0,94,0.19,6,2300.0,14810.0,0,Premium
C00047,Alger,Prepaid,37,50.5,484.0,71,0.25,6,3250.0,18670.0,1,Premium
C00048,Ouargla,Prepaid,20,19.4,197.0,18,0.54,2,400.0,830.0,0,Students
C00049,Setif,Prepaid,14,1.7,56.0,4,0.16,0,200.0,0.0,0,Low spenders
C00050,Setif,Postpaid,22,1.3,124.0,13,0.2,1,200.0,210.0,0,Low spenders
C00051,Ouargla,Prepaid,5,20.7,184.0,52,0.44,3,450.0,1460.0,0,Students
C00052,Blida,Prepaid,20,5.2,113.0,29,0.54,2,500.0,910.0,0,Students
C00053,Tizi Ouzou,Prepaid,27,1.5,19.0,13,0.15,2,200.0,380.0,0,Low spenders
C00054,Alger,Prepaid,31,4.2,60.0,15,0.13,1,150.0,150.0,0,Low spenders
C00055,Tizi Ouzou,Prepaid,27,29.3,68.0,9,0.46,4,950.0,3750.0,0,Data lovers
C00056,Constantine,Prepaid,10,1.2,79.0,7,0.13,1,0.0,0.0,0,Low spenders
C00057,Annaba,Prepaid,28,19.1,100.0,21,0.43,5,1000.0,5150.0,0,Data lovers
C00058,Constantine,Prepaid,26,42.2,122.0,29,0.32,4,900.0,3660.0,0,Data lovers
C00059,Alger,Prepaid,24,3.2,616.0,35,0.25,3,500.0,1560.0,0,Talkers
C00060,Tlemcen,Prepaid,31,2.4,137.0,14,0.24,2,50.0,100.0,0,Low spenders
C00061,Setif,Prepaid,24,1.3,73.0,20,0.26,0,300.0,0.0,0,Low spenders
C00062,Constantine,Prepaid,10,28.6,125.0,16,0.64,5,400.0,2070.0,0,Students
C00063,Oran,Prepaid,18,23.1,93.0,38,0.4,1,300.0,300.0,0,Students
C00064,Tizi Ouzou,Prepaid,49,58.9,518.0,20,0.22,6,2900.0,16990.0,0,Premium
C00065,Tizi Ouzou,Prepaid,9,27.5,87.0,12,0.24,3,1000.0,3140.0,0,Data lovers
C00066,Oran,Prepaid,7,1.6,17.0,0,0.4,1,200.0,180.0,0,Low spenders
C00067,Ouargla,Postpaid,18,3.0,16.0,17,0.22,2,100.0,220.0,0,Low spenders
C00068,Oran,Postpaid,49,5.3,676.0,30,0.17,3,350.0,1130.0,0,Talkers
C00069,Blida,Prepaid,40,35.2,402.0,53,0.33,5,1850.0,8760.0,1,Premium
C00070,Annaba,Prepaid,6,18.5,168.0,22,0.63,3,500.0,1360.0,0,Students
C00071,Blida,Postpaid,35,0.0,484.0,40,0.16,3,600.0,1730.0,0,Talkers
C00072,Annaba,Prepaid,18,31.2,144.0,10,0.5,4,1050.0,4560.0,0,Data lovers
C00073,Tlemcen,Prepaid,14,33.4,154.0,34,0.44,3,600.0,1910.0,0,Data lovers
C00074,Oran,Prepaid,43,22.0,123.0,27,0.41,2,650.0,1370.0,0,Data lovers
C00075,Constantine,Prepaid,44,42.1,75.0,17,0.34,3,800.0,2340.0,0,Data lovers
C00076,Oran,Prepaid,58,8.4,250.0,48,0.06,3,700.0,2030.0,0,Talkers
C00077,Tlemcen,Prepaid,29,32.3,53.0,38,0.3,4,1050.0,3910.0,0,Data lovers
C00078,Blida,Prepaid,22,1.1,87.0,24,0.14,0,200.0,0.0,0,Low spenders
C00079,Alger,Prepaid,22,3.3,77.0,0,0.14,1,350.0,340.0,0,Low spenders
C00080,Blida,Prepaid,54,32.4,543.0,32,0.27,5,2800.0,13150.0,0,Premium
C00081,Batna,Prepaid,18,2.2,42.0,13,0.23,1,250.0,250.0,0,Low spenders
C00082,Oran,Prepaid,33,3.3,139.0,6,0.11,1,200.0,190.0,0,Low spenders
C00083,Setif,Prepaid,5,20.4,63.0,25,0.52,3,300.0,810.0,0,Students
C00084,Annaba,Prepaid,43,2.0,462.0,31,0.13,2,700.0,1440.0,0,Talkers
C00085,Annaba,Postpaid,13,5.2,63.0,19,0.3,1,100.0,90.0,0,Low spenders
C00086,Ouargla,Prepaid,54,3.3,756.0,76,0.1,2,450.0,910.0,0,Talkers
C00087,Tlemcen,Prepaid,29,15.2,147.0,11,0.26,5,900.0,4480.0,0,Data lovers
C00088,Annaba,Prepaid,31,33.6,35.0,28,0.32,4,800.0,3190.0,0,Data lovers
C00089,Batna,Postpaid,0,22.3,179.0,63,0.49,4,500.0,1940.0,0,Students
C00090,Ouargla,Prepaid,75,40.7,494.0,50,0.2,5,2350.0,11670.0,1,Premium
C00091,Annaba,Prepaid,22,18.2,218.0,21,0.54,2,400.0,800.0,0,Students
C00092,Tlemcen,Prepaid,22,35.7,27.0,23,0.37,6,800.0,4490.0,0,Data lovers
C00093,Batna,Prepaid,37,42.0,136.0,6,0.69,4,450.0,1820.0,0,Data lovers
C00094,Alger,Prepaid,56,0.7,508.0,33,0.11,2,600.0,1160.0,0,Talkers
C00095,Batna,Prepaid,27,34.0,50.0,42,0.33,5,750.0,3410.0,0,Data lovers
C00096,Annaba,Prepaid,7,12.4,74.0,52,0.45,4,250.0,1010.0,0,Students
C00097,Annaba,Prepaid,12,15.2,100.0,15,0.19,2,100.0,200.0,0,Low spenders
C00098,Tizi Ouzou,Prepaid,21,4.1,157.0,35,0.04,0,350.0,0.0,0,Low spenders
C00099,Ouargla,Prepaid,44,24.7,77.0,22,0.39,4,700.0,2890.0,0,Data lovers
C00100,Annaba,Prepaid,0,15.2,170.0,25,0.55,4,600.0,2540.0,0,Data lovers
C00101,Setif,Prepaid,70,2.5,439.0,87,0.18,3,600.0,1800.0,0,Talkers
C00102,Oran,Prepaid,56,6.2,457.0,76,0.13,3,500.0,1630.0,0,Talkers
C00103,Alger,Prepaid,36,5.8,684.0,36,0.23,4,900.0,3480.0,0,Talkers
C00104,Tizi Ouzou,Prepaid,14,15.5,85.0,36,0.65,4,300.0,1140.0,0,Students
C00105,Alger,Postpaid,27,29.3,90.0,26,0.4,4,800.0,2930.0,0,Data lovers
C00106,Constantine,Postpaid,56,38.2,115.0,36,0.48,4,1050.0,4080.0,0,Data lovers
C00107,Oran,Prepaid,58,27.1,154.0,14,0.32,4,900.0,3540.0,0,Data lovers
C00108,Tlemcen,Prepaid,46,3.9,388.0,46,0.23,4,700.0,2810.0,0,Talkers
C00109,Tlemcen,Prepaid,10,12.9,102.0,47,0.61,4,350.0,1370.0,0,Students
C00110,Constantine,Prepaid,37,1.8,432.0,49,0.25,4,850.0,3250.0,0,Talkers
C00111,Alger,Postpaid,35,3.9,463.0,33,0.15,4,700.0,2550.0,0,Talkers
C00112,Tlemcen,Prepaid,29,35.6,143.0,12,0.47,3,1200.0,3740.0,0,Data lovers
C00113,Tlemcen,Prepaid,10,20.6,128.0,39,0.55,3,500.0,1560.0,0,Students
C00114,Batna,Prepaid,21,39.5,33.0,14,0.4,5,850.0,4030.0,0,Data lovers
C00115,Alger,Prepaid,25,1.8,57.0,12,0.31,1,250.0,270.0,0,Low spenders
C00116,Tizi Ouzou,Prepaid,45,55.8,402.0,58,0.22,5,2150.0,10520.0,0,Premium
C00117,Setif,Prepaid,30,2.5,647.0,33,0.23,2,400.0,760.0,0,Talkers
C00118,Batna,Postpaid,24,3.7,652.0,61,0.15,3,600.0,1770.0,0,Talkers
C00119,Tlemcen,Prepaid,18,25.6,117.0,3,0.39,4,1050.0,3860.0,0,Data lovers
C00120,Setif,Postpaid,23,2.5,62.0,5,0.28,1,250.0,250.0,0,Low spenders
C00121,Annaba,Prepaid,27,4.6,564.0,74,0.1,3,500.0,1500.0,0,Talkers
C00122,Blida,Prepaid,48,28.5,105.0,27,0.5,5,1350.0,6230.0,0,Data lovers
C00123,Batna,Prepaid,12,20.7,139.0,32,0.85,3,450.0,1350.0,0,Students
C00124,Oran,Prepaid,13,30.2,153.0,7,0.49,4,1050.0,4470.0,0,Data lovers
C00125,Alger,Prepaid,26,4.9,129.0,12,0.24,1,250.0,230.0,0,Low spenders
C00126,Setif,Prepaid,7,19.8,108.0,44,0.61,5,350.0,1880.0,0,Students
C00127,Blida,Prepaid,40,2.5,507.0,31,0.18,2,750.0,1430.0,0,Talkers
C00128,Setif,Prepaid,12,9.1,80.0,35,0.68,4,400.0,1720.0,1,Students
C00129,Blida,Prepaid,30,2.0,111.0,6,0.19,1,350.0,360.0,0,Low spenders
C00130,Batna,Prepaid,1,0.0,70.0,17,0.18,1,150.0,140.0,0,Low spenders
C00131,Constantine,Prepaid,14,27.6,155.0,45,0.53,5,300.0,1620.0,0,Students
C00132,Setif,Postpaid,12,5.0,15.0,11,0.17,0,200.0,0.0,0,Low spenders
C00133,Ouargla,Prepaid,65,3.2,593.0,59,0.12,4,850.0,3410.0,0,Talkers
C00134,Ouargla,Prepaid,47,1.3,448.0,50,0.23,3,800.0,2290.0,0,Talkers
C00135,Blida,Prepaid,33,48.6,293.0,76,0.25,5,2550.0,11850.0,0,Premium
C00136,Batna,Prepaid,0,19.9,101.0,52,0.56,2,500.0,1030.0,0,Students
C00137,Setif,Prepaid,21,14.7,126.0,26,0.35,3,450.0,1400.0,0,Students
C00138,Setif,Prepaid,58,59.7,701.0,49,0.24,5,1950.0,9330.0,1,Premium
C00139,Blida,Postpaid,29,26.2,107.0,21,0.54,4,1100.0,3960.0,1,Data lovers
C00140,Tizi Ouzou,Prepaid,71,27.8,89.0,22,0.4,4,700.0,3010.0,0,Data lovers
C00141,Constantine,Prepaid,48,58.1,542.0,88,0.28,6,2100.0,13240.0,0,Premium
C00142,Blida,Prepaid,84,50.0,552.0,59,0.32,4,2550.0,10380.0,1,Premium
C00143,Oran,Prepaid,8,25.0,35.0,32,0.59,3,350.0,1080.0,0,Students
C00144,Batna,Postpaid,26,52.1,522.0,70,0.31,6,2400.0,15200.0,1,Premium
C00145,Tizi Ouzou,Prepaid,14,27.2,188.0,57,0.44,3,450.0,1460.0,0,Students
C00146,Tlemcen,Prepaid,30,1.7,138.0,33,0.08,1,250.0,240.0,0,Low spenders
C00147,Tlemcen,Prepaid,6,0.0,66.0,10,0.14,1,200.0,200.0,0,Low spenders
C00148,Constantine,Prepaid,80,51.4,468.0,47,0.23,6,3000.0,16900.0,1,Premium
C00149,Alger,Prepaid,22,0.2,103.0,6,0.08,1,350.0,330.0,0,Low spenders
C00150,Ouargla,Prepaid,5,15.2,124.0,39,0.21,1,300.0,280.0,0,Low spenders
C00151,Oran,Prepaid,21,0.6,987.0,25,0.05,4,500.0,1940.0,0,Talkers
C00152,Constantine,Postpaid,73,41.4,534.0,76,0.11,3,2300.0,7050.0,1,Premium
C00153,Oran,Prepaid,28,19.3,7.0,36,0.48,2,500.0,1070.0,0,Students
C00154,Tlemcen,Prepaid,18,21.8,115.0,36,0.55,4,350.0,1260.0,0,Students
C00155,Tlemcen,Postpaid,53,3.5,631.0,60,0.12,3,600.0,1820.0,0,Talkers
C00156,Tizi Ouzou,Postpaid,23,24.4,46.0,23,0.33,3,750.0,2430.0,0,Data lovers
C00157,Tizi Ouzou,Prepaid,10,1.8,74.0,31,0.12,2,200.0,410.0,0,Low spenders
C00158,Tizi Ouzou,Prepaid,35,3.4,69.0,28,0.13,2,250.0,510.0,0,Low spenders
C00159,Batna,Prepaid,63,50.2,354.0,31,0.27,4,3250.0,12010.0,0,Premium
C00160,Alger,Prepaid,34,27.1,56.0,16,0.49,3,1100.0,3150.0,0,Data lovers
C00161,Annaba,Prepaid,36,5.1,426.0,42,0.08,2,400.0,850.0,0,Talkers
C00162,Annaba,Prepaid,0,3.6,65.0,1,0.15,1,250.0,240.0,0,Low spenders
C00163,Constantine,Postpaid,40,32.4,90.0,22,0.28,6,900.0,5520.0,0,Data lovers
C00164,Blida,Prepaid,29,26.7,38.0,13,0.32,5,1050.0,5710.0,0,Data lovers
C00165,Tlemcen,Postpaid,35,34.3,161.0,19,0.31,3,800.0,2560.0,0,Data lovers
C00166,Setif,Prepaid,32,47.1,483.0,51,0.16,7,2750.0,18230.0,1,Premium
C00167,Ouargla,Prepaid,37,26.9,114.0,6,0.36,4,1000.0,4210.0,0,Data lovers
C00168,Constantine,Prepaid,30,2.9,598.0,68,0.13,1,700.0,650.0,0,Talkers
C00169,Blida,Prepaid,0,3.8,77.0,18,0.24,2,200.0,420.0,0,Low spenders
C00170,Setif,Postpaid,54,7.1,591.0,30,0.17,5,700.0,3340.0,0,Talkers
C00171,Batna,Prepaid,8,2.0,129.0,2,0.14,1,350.0,350.0,0,Low spenders
C00172,Constantine,Prepaid,37,7.7,840.0,75,0.14,2,750.0,1360.0,0,Talkers
C00173,Annaba,Prepaid,16,3.3,101.0,33,0.17,1,150.0,160.0,0,Low spenders
C00174,Oran,Prepaid,27,3.9,99.0,25,0.23,1,150.0,150.0,0,Low spenders
C00175,Constantine,Prepaid,7,35.9,45.0,20,0.36,4,750.0,3270.0,0,Data lovers
C00176,Setif,Prepaid,39,15.2,68.0,18,0.12,1,250.0,250.0,0,Low spenders
C00177,Ouargla,Prepaid,23,59.7,130.0,53,0.66,1,400.0,430.0,0,Students
C00178,Annaba,Prepaid,28,0.8,18.0,17,0.12,1,150.0,160.0,0,Low spenders
C00179,Ouargla,Prepaid,24,21.0,119.0,28,0.41,3,700.0,1910.0,0,Data lovers
C00180,Batna,Prepaid,41,7.0,586.0,34,0.14,3,600.0,1650.0,0,Talkers
C00181,Annaba,Prepaid,9,12.6,102.0,46,0.48,4,200.0,850.0,0,Students
C00182,Ouargla,Prepaid,51,1.8,127.0,0,0.24,1,200.0,200.0,0,Low spenders
C00183,Setif,Prepaid,32,2.8,613.0,39,0.11,3,400.0,1210.0,0,Talkers
C00184,Setif,Prepaid,9,20.6,25.0,15,0.5,7,850.0,6050.0,0,Data lovers
C00185,Annaba,Prepaid,13,0.7,104.0,17,0.06,1,400.0,410.0,0,Low spenders
C00186,Tizi Ouzou,Prepaid,59,59.7,650.0,36,0.25,5,2300.0,11510.0,0,Premium
C00187,Setif,Prepaid,61,46.1,394.0,49,0.14,3,2150.0,6440.0,0,Premium
C00188,Blida,Prepaid,47,33.2,395.0,58,0.31,5,2500.0,12520.0,0,Premium
C00189,Tizi Ouzou,Postpaid,40,18.7,0.0,41,0.53,5,800.0,3760.0,0,Data lovers
C00190,Alger,Postpaid,45,4.5,681.0,64,0.23,3,650.0,1880.0,0,Talkers
C00191,Alger,Prepaid,13,34.0,121.0,0,0.37,5,950.0,4730.0,0,Data lovers
C00192,Blida,Postpaid,45,58.5,943.0,22,0.32,5,2950.0,16120.0,0,Premium
C00193,Setif,Prepaid,33,15.2,533.0,37,0.24,5,3300.0,15020.0,0,Premium
C00194,Annaba,Prepaid,12,28.5,43.0,51,0.42,4,350.0,1500.0,0,Students
C00195,Tizi Ouzou,Prepaid,40,7.7,579.0,74,0.18,2,700.0,1400.0,0,Talkers
C00196,Oran,Prepaid,31,26.2,61.0,0,0.29,3,800.0,2510.0,0,Data lovers
C00197,Batna,Postpaid,26,26.4,133.0,28,0.54,4,900.0,3470.0,0,Data lovers
C00198,Constantine,Postpaid,30,2.9,81.0,21,0.12,2,200.0,420.0,0,Low spenders
C00199,Blida,Prepaid,50,15.2,410.0,48,0.28,4,2100.0,8560.0,1,Premium
C00200,Tizi Ouzou,Prepaid,13,27.1,95.0,51,0.57,1,250.0,270.0,0,Students
C00201,Annaba,Prepaid,32,43.7,512.0,43,0.4,7,2050.0,14260.0,1,Premium
C00202,Alger,Prepaid,47,36.6,127.0,18,0.41,4,450.0,1750.0,0,Data lovers
C00203,Oran,Prepaid,23,0.0,27.0,10,0.09,1,200.0,210.0,0,Low spenders
C00204,Tlemcen,Prepaid,22,29.5,127.0,35,0.56,4,400.0,1620.0,0,Students
C00205,Blida,Prepaid,29,2.9,87.0,25,0.2,1,150.0,160.0,0,Low spenders
C00206,Batna,Prepaid,28,2.0,672.0,26,0.12,2,650.0,1180.0,0,Talkers
C00207,Oran,Prepaid,10,3.4,71.0,13,0.27,1,150.0,150.0,0,Low spenders
C00208,Setif,Prepaid,25,3.9,58.0,0,0.15,1,350.0,350.0,0,Low spenders
C00209,Tlemcen,Prepaid,75,51.6,540.0,72,0.35,4,2150.0,8180.0,0,Premium
C00210,Tlemcen,Postpaid,33,32.0,84.0,17,0.39,4,1100.0,4480.0,0,Data lovers
C00211,Setif,Prepaid,20,3.1,31.0,24,0.23,1,0.0,0.0,0,Low spenders
C00212,Annaba,Prepaid,39,37.4,86.0,21,0.28,3,1100.0,3000.0,0,Data lovers
C00213,Constantine,Prepaid,56,32.3,791.0,73,0.15,5,3000.0,14410.0,1,Premium
C00214,Tizi Ouzou,Prepaid,26,5.5,65.0,29,0.21,1,250.0,240.0,0,Low spenders
C00215,Batna,Prepaid,8,14.4,119.0,35,0.61,3,400.0,1270.0,0,Students
C00216,Tlemcen,Prepaid,28,4.0,137.0,27,0.14,1,150.0,150.0,0,Low spenders
C00217,Oran,Prepaid,10,15.2,31.0,10,0.58,2,350.0,720.0,0,Students
C00218,Tizi Ouzou,Prepaid,14,37.7,63.0,8,0.45,5,800.0,4120.0,0,Data lovers
C00219,Ouargla,Prepaid,39,37.2,475.0,53,0.33,4,2400.0,9880.0,0,Premium
C00220,Tizi Ouzou,Prepaid,38,32.8,120.0,20,0.42,2,850.0,1620.0,0,Data lovers
C00221,Oran,Prepaid,36,6.3,655.0,60,0.1,3,300.0,880.0,0,Talkers
C00222,Tlemcen,Prepaid,4,36.9,176.0,26,0.38,3,800.0,2630.0,0,Data lovers
C00223,Tlemcen,Prepaid,21,16.4,168.0,31,0.71,2,450.0,820.0,0,Students
C00224,Constantine,Prepaid,35,3.2,117.0,5,0.23,1,250.0,230.0,0,Low spenders
C00225,Batna,Prepaid,48,5.0,579.0,23,0.24,3,600.0,1770.0,0,Talkers
C00226,Constantine,Prepaid,19,3.5,51.0,26,0.19,1,200.0,200.0,0,Low spenders
C00227,Tlemcen,Postpaid,15,6.6,0.0,20,0.2,1,400.0,390.0,0,Low spenders
C00228,Setif,Prepaid,8,2.4,41.0,15,0.25,1,100.0,110.0,0,Low spenders
C00229,Constantine,Prepaid,35,32.4,29.0,48,0.48,3,850.0,2620.0,0,Data lovers
C00230,Blida,Prepaid,13,3.5,154.0,16,0.16,1,350.0,370.0,0,Low spenders
C00231,Annaba,Prepaid,13,33.0,85.0,23,0.51,4,600.0,2190.0,0,Data lovers
C00232,Oran,Prepaid,53,51.4,124.0,62,0.3,7,3100.0,21080.0,0,Premium
C00233,Ouargla,Prepaid,23,4.3,582.0,90,0.1,4,600.0,2450.0,0,Talkers
C00234,Batna,Prepaid,12,23.2,60.0,25,0.63,3,450.0,1390.0,0,Students
C00235,Ouargla,Prepaid,19,35.8,149.0,34,0.58,5,1200.0,5630.0,0,Data lovers
C00236,Tizi Ouzou,Prepaid,19,2.4,131.0,5,0.12,1,300.0,300.0,0,Low spenders
C00237,Batna,Prepaid,18,0.3,61.0,13,0.14,1,100.0,110.0,0,Low spenders
C00238,Batna,Prepaid,47,26.9,128.0,22,0.23,5,800.0,4350.0,0,Data lovers
C00239,Annaba,Postpaid,40,2.6,118.0,1,0.26,1,250.0,270.0,0,Low spenders
C00240,Alger,Postpaid,9,15.2,95.0,50,0.68,2,350.0,740.0,0,Students
C00241,Oran,Postpaid,9,28.0,91.0,21,0.34,2,800.0,1470.0,0,Data lovers
C00242,Constantine,Prepaid,24,25.3,160.0,22,0.43,4,1250.0,4550.0,0,Data lovers
C00243,Tlemcen,Prepaid,26,15.2,128.0,30,0.65,2,500.0,1010.0,0,Students
C00244,Tizi Ouzou,Prepaid,17,15.2,59.0,44,0.67,3,200.0,610.0,1,Students
C00245,Constantine,Prepaid,55,4.0,632.0,54,0.1,2,500.0,1040.0,0,Talkers
C00246,Tlemcen,Prepaid,15,4.8,663.0,68,0.18,3,600.0,1630.0,0,Talkers
C00247,Tizi Ouzou,Prepaid,50,4.2,545.0,69,0.19,4,600.0,2370.0,0,Talkers
C00248,Oran,Prepaid,39,5.1,453.0,70,0.11,3,700.0,2220.0,0,Talkers
C00249,Blida,Prepaid,38,6.2,467.0,56,0.17,4,550.0,2310.0,0,Talkers
C00250,Tlemcen,Prepaid,21,21.8,113.0,51,0.65,3,300.0,890.0,0,Students
C00251,Alger,Prepaid,18,12.3,149.0,51,0.71,3,300.0,830.0,0,Students
C00252,Alger,Prepaid,4,24.0,150.0,42,0.48,4,500.0,2010.0,0,Students
C00253,Ouargla,Prepaid,55,2.9,463.0,72,0.03,3,650.0,2040.0,0,Talkers
C00254,Constantine,Prepaid,29,4.9,194.0,65,0.1,4,750.0,3100.0,0,Talkers
C00255,Setif,Prepaid,32,2.4,99.0,4,0.4,1,200.0,190.0,0,Low spenders
C00256,Setif,Prepaid,33,38.9,61.0,13,0.44,5,700.0,3600.0,0,Data lovers
C00257,Ouargla,Prepaid,30,50.1,467.0,62,0.33,6,2750.0,16220.0,0,Premium
C00258,Setif,Prepaid,52,5.2,486.0,75,0.19,5,500.0,2700.0,0,Talkers
C00259,Batna,Prepaid,16,39.7,95.0,20,0.5,4,700.0,3010.0,0,Data lovers
C00260,Ouargla,Prepaid,15,25.5,24.0,0,0.43,5,1100.0,5200.0,0,Data lovers
C00261,Tizi Ouzou,Postpaid,35,4.4,668.0,47,0.12,2,700.0,1390.0,0,Talkers
C00262,Oran,Prepaid,32,3.8,717.0,73,0.15,2,750.0,1640.0,0,Talkers
C00263,Batna,Postpaid,59,7.1,485.0,45,0.19,3,700.0,2150.0,0,Talkers
C00264,Setif,Prepaid,3,24.2,171.0,45,0.56,4,450.0,1980.0,0,Students
C00265,Blida,Prepaid,51,3.6,382.0,77,0.19,3,450.0,1320.0,0,Talkers
C00266,Annaba,Prepaid,54,0.0,800.0,129,0.24,3,750.0,2310.0,0,Talkers
C00267,Constantine,Prepaid,19,4.5,103.0,6,0.2,1,200.0,220.0,0,Low spenders
C00268,Oran,Postpaid,13,19.5,117.0,6,0.33,1,100.0,100.0,0,Low spenders
C00269,Setif,Postpaid,26,2.8,143.0,18,0.14,2,250.0,520.0,0,Low spenders
C00270,Constantine,Prepaid,34,24.7,136.0,24,0.43,3,700.0,2150.0,0,Data lovers
C00271,Tlemcen,Prepaid,13,9.8,41.0,24,0.42,4,1200.0,5050.0,0,Data lovers
C00272,Tizi Ouzou,Prepaid,23,2.1,145.0,44,0.19,1,750.0,700.0,0,Talkers
C00273,Batna,Prepaid,8,17.7,29.0,56,0.64,3,400.0,1270.0,0,Students
C00274,Constantine,Prepaid,34,34.3,122.0,12,0.4,4,950.0,3590.0,0,Data lovers
C00275,Annaba,Prepaid,71,2.4,563.0,43,0.22,3,800.0,2570.0,0,Talkers
C00276,Tizi Ouzou,Prepaid,22,2.3,118.0,9,0.18,1,150.0,160.0,0,Low spenders
C00277,Blida,Prepaid,26,2.8,388.0,37,0.17,3,600.0,1680.0,0,Talkers
C00278,Alger,Prepaid,34,5.1,68.0,5,0.14,1,300.0,290.0,0,Low spenders
C00279,Constantine,Prepaid,23,57.8,472.0,40,0.2,5,2750.0,13440.0,1,Premium
C00280,Alger,Prepaid,43,3.9,638.0,63,0.11,3,450.0,1310.0,0,Talkers
C00281,Blida,Prepaid,8,24.0,172.0,36,0.48,3,400.0,1250.0,0,Students
C00282,Constantine,Prepaid,0,27.0,94.0,70,0.69,4,550.0,2180.0,0,Students
C00283,Batna,Prepaid,15,19.0,19.0,23,0.4,5,550.0,2750.0,0,Data lovers
C00284,Tlemcen,Prepaid,9,43.8,67.0,29,0.36,4,850.0,3500.0,0,Data lovers
C00285,Ouargla,Prepaid,78,4.8,742.0,66,0.02,2,750.0,1490.0,0,Talkers
C00286,Batna,Prepaid,65,56.1,353.0,16,0.39,5,2350.0,12420.0,0,Premium
C00287,Ouargla,Prepaid,11,30.6,43.0,17,0.5,3,900.0,2670.0,0,Data lovers
C00288,Tlemcen,Postpaid,1,4.5,69.0,8,0.31,1,250.0,240.0,0,Low spenders
C00289,Tlemcen,Prepaid,56,4.4,457.0,42,0.16,4,600.0,2160.0,0,Talkers
C00290,Oran,Prepaid,34,17.9,69.0,27,0.46,6,800.0,4330.0,0,Data lovers
C00291,Ouargla,Prepaid,52,28.6,124.0,29,0.5,4,900.0,3870.0,0,Data lovers
C00292,Alger,Prepaid,28,1.5,114.0,1,0.28,1,250.0,260.0,0,Low spenders
C00293,Tizi Ouzou,Prepaid,23,5.3,75.0,39,0.33,1,350.0,370.0,0,Low spenders
C00294,Batna,Prepaid,41,3.4,623.0,67,0.18,4,550.0,2040.0,0,Talkers
C00295,Setif,Prepaid,19,3.5,45.0,29,0.26,1,150.0,140.0,0,Low spenders
C00296,Tizi Ouzou,Prepaid,30,21.0,104.0,16,0.4,4,700.0,2840.0,0,Data lovers
C00297,Alger,Prepaid,29,2.4,63.0,35,0.23,1,150.0,140.0,0,Low spenders
C00298,Constantine,Postpaid,72,4.1,730.0,39,0.12,4,600.0,2550.0,0,Talkers
C00299,Oran,Prepaid,0,8.2,209.0,23,0.51,4,450.0,1650.0,0,Students
C00300,Ouargla,Prepaid,41,38.4,141.0,37,0.31,4,1100.0,4190.0,0,Data lovers
C00301,Constantine,Postpaid,14,47.3,108.0,2,0.44,3,1100.0,3480.0,0,Data lovers
C00302,Blida,Prepaid,0,27.9,97.0,28,0.44,5,1050.0,4890.0,0,Data lovers
C00303,Tizi Ouzou,Prepaid,36,2.1,47.0,8,0.29,1,300.0,310.0,0,Low spenders
C00304,Blida,Prepaid,54,4.9,905.0,51,0.2,1,600.0,630.0,0,Talkers
C00305,Alger,Prepaid,34,4.5,144.0,24,0.18,1,150.0,140.0,0,Low spenders
C00306,Annaba,Prepaid,13,23.8,95.0,41,0.68,2,400.0,820.0,0,Students
C00307,Constantine,Prepaid,12,16.1,115.0,46,0.46,2,300.0,550.0,0,Students
C00308,Constantine,Prepaid,25,5.5,28.0,9,0.21,1,150.0,160.0,0,Low spenders
C00309,Annaba,Prepaid,39,25.7,48.0,18,0.54,5,750.0,4060.0,0,Data lovers
C00310,Oran,Prepaid,79,6.8,685.0,57,0.24,3,600.0,1700.0,0,Talkers
C00311,Blida,Prepaid,29,4.0,106.0,22,0.25,2,200.0,400.0,0,Low spenders
C00312,Blida,Prepaid,52,29.9,745.0,52,0.35,5,2250.0,10760.0,1,Premium
C00313,Annaba,Prepaid,45,1.9,124.0,17,0.31,1,250.0,270.0,0,Low spenders
C00314,Tizi Ouzou,Prepaid,4,38.0,124.0,30,0.59,2,400.0,850.0,0,Students
C00315,Setif,Prepaid,27,5.4,670.0,67,0.11,4,750.0,2770.0,0,Talkers
C00316,Ouargla,Prepaid,15,42.9,120.0,36,0.49,5,700.0,3810.0,0,Data lovers
C00317,Tizi Ouzou,Prepaid,29,7.9,508.0,68,0.21,4,850.0,3370.0,0,Talkers
C00318,Blida,Prepaid,13,3.1,59.0,7,0.23,1,300.0,270.0,0,Low spenders
C00319,Annaba,Prepaid,2,19.2,170.0,36,0.56,4,250.0,920.0,0,Students
C00320,Annaba,Prepaid,63,52.3,398.0,48,0.32,5,2350.0,10700.0,0,Premium
C00321,Tlemcen,Postpaid,11,28.8,105.0,40,0.57,3,200.0,620.0,0,Students
C00322,Ouargla,Prepaid,56,43.9,388.0,47,0.19,5,2650.0,11960.0,1,Premium
C00323,Batna,Prepaid,53,6.6,1045.0,85,0.15,4,350.0,1360.0,0,Talkers
C00324,Blida,Prepaid,4,3.2,143.0,28,0.31,1,250.0,230.0,0,Low spenders
C00325,Blida,Prepaid,53,22.0,93.0,17,0.36,3,850.0,2580.0,0,Data lovers
C00326,Tlemcen,Prepaid,0,25.2,16.0,15,0.46,4,600.0,2240.0,1,Data lovers
C00327,Oran,Prepaid,13,0.9,70.0,16,0.25,1,0.0,0.0,0,Low spenders
C00328,Annaba,Prepaid,23,41.0,47.0,30,0.48,2,1000.0,1860.0,0,Data lovers
C00329,Blida,Postpaid,0,21.2,30.0,25,0.59,2,500.0,1010.0,1,Students
C00330,Batna,Prepaid,24,20.1,83.0,36,0.43,3,350.0,1070.0,0,Students
C00331,Annaba,Prepaid,50,44.4,456.0,23,0.21,5,3550.0,18050.0,0,Premium
C00332,Blida,Prepaid,35,40.4,127.0,16,0.33,3,850.0,2480.0,0,Data lovers
C00333,Ouargla,Prepaid,17,21.7,98.0,40,0.6,3,450.0,1460.0,0,Students
C00334,Batna,Postpaid,6,28.6,149.0,31,0.6,3,1050.0,2910.0,0,Data lovers
C00335,Tizi Ouzou,Prepaid,9,17.1,62.0,8,0.47,5,750.0,3850.0,0,Data lovers
C00336,Blida,Prepaid,48,32.0,97.0,34,0.25,2,850.0,1830.0,0,Data lovers
C00337,Annaba,Prepaid,25,23.4,142.0,17,0.41,2,1050.0,2090.0,1,Data lovers
C00338,Blida,Prepaid,24,17.3,66.0,4,0.25,4,1000.0,3790.0,0,Data lovers
C00339,Setif,Prepaid,63,29.5,786.0,61,0.22,4,2700.0,9820.0,0,Premium
C00340,Setif,Prepaid,38,28.1,113.0,7,0.35,4,600.0,2480.0,0,Data lovers
C00341,Oran,Prepaid,0,14.6,111.0,25,0.55,4,450.0,1800.0,0,Students
C00342,Blida,Postpaid,0,27.2,63.0,10,0.32,3,500.0,1520.0,0,Students
C00343,Alger,Prepaid,46,4.1,474.0,58,0.16,3,700.0,2260.0,0,Talkers
C00344,Alger,Prepaid,27,5.2,400.0,67,0.22,2,500.0,1030.0,0,Talkers
C00345,Constantine,Prepaid,34,53.7,659.0,49,0.32,6,2450.0,14040.0,0,Premium
C00346,Tizi Ouzou,Prepaid,55,59.7,406.0,62,0.39,5,2900.0,15930.0,0,Premium
C00347,Annaba,Prepaid,18,25.5,154.0,34,0.46,3,450.0,1370.0,0,Students
C00348,Ouargla,Prepaid,15,4.0,108.0,10,0.09,1,250.0,240.0,0,Low spenders
C00349,Oran,Prepaid,36,2.6,429.0,35,0.09,2,900.0,1960.0,0,Talkers
C00350,Setif,Prepaid,26,8.2,574.0,59,0.11,1,550.0,550.0,0,Talkers
C00351,Blida,Prepaid,19,4.1,108.0,1,0.19,1,100.0,100.0,0,Low spenders
C00352,Tizi Ouzou,Prepaid,78,47.9,564.0,61,0.22,5,2450.0,12630.0,0,Premium
C00353,Setif,Prepaid,38,4.8,662.0,72,0.19,2,550.0,1000.0,0,Talkers
C00354,Ouargla,Prepaid,27,29.8,124.0,22,0.56,4,900.0,3270.0,0,Data lovers
C00355,Setif,Prepaid,8,27.6,62.0,48,0.43,4,400.0,1730.0,0,Students
C00356,Alger,Prepaid,62,23.5,81.0,20,0.35,4,1050.0,4200.0,0,Data lovers
C00357,Blida,Prepaid,42,4.7,59.0,10,0.17,1,200.0,190.0,0,Low spenders
C00358,Setif,Prepaid,35,28.5,78.0,5,0.46,3,1300.0,3690.0,0,Data lovers
C00359,Ouargla,Prepaid,27,36.6,111.0,32,0.52,4,1200.0,4320.0,0,Data lovers
C00360,Constantine,Prepaid,24,5.7,421.0,42,0.11,1,600.0,630.0,0,Talkers
C00361,Setif,Prepaid,26,26.9,92.0,15,0.49,4,650.0,2400.0,0,Data lovers
C00362,Setif,Prepaid,31,31.3,149.0,14,0.22,3,750.0,2360.0,0,Data lovers
C00363,Alger,Postpaid,34,50.7,559.0,46,0.19,5,2750.0,12740.0,0,Premium
C00364,Tizi Ouzou,Prepaid,40,3.3,456.0,51,0.17,2,550.0,1170.0,0,Talkers
C00365,Constantine,Prepaid,49,14.2,62.0,34,0.65,4,800.0,3350.0,0,Data lovers
C00366,Setif,Prepaid,19,0.5,53.0,17,0.1,1,200.0,200.0,0,Low spenders
C00367,Ouargla,Prepaid,13,48.6,117.0,2,0.3,5,1100.0,5230.0,0,Data lovers
C00368,Annaba,Prepaid,4,26.5,139.0,17,0.22,3,600.0,1760.0,0,Data lovers
C00369,Alger,Postpaid,37,29.2,124.0,14,0.4,4,950.0,3560.0,0,Data lovers
C00370,Blida,Prepaid,0,20.5,0.0,38,0.69,2,500.0,1070.0,0,Students
C00371,Ouargla,Prepaid,48,28.6,358.0,41,0.23,4,3050.0,11180.0,0,Premium
C00372,Tizi Ouzou,Prepaid,37,35.6,512.0,16,0.09,3,3350.0,9610.0,1,Premium
C00373,Alger,Prepaid,36,1.2,967.0,59,0.11,4,550.0,2270.0,0,Talkers
C00374,Ouargla,Postpaid,59,5.6,916.0,50,0.13,4,700.0,2880.0,0,Talkers
C00375,Oran,Prepaid,62,2.3,891.0,60,0.14,2,450.0,900.0,0,Talkers
C00376,Setif,Prepaid,28,32.8,189.0,31,0.57,3,300.0,850.0,0,Students
C00377,Annaba,Prepaid,4,3.0,108.0,7,0.21,1,200.0,190.0,0,Low spenders
C00378,Setif,Prepaid,7,28.6,97.0,6,0.32,5,900.0,4410.0,0,Data lovers
C00379,Tlemcen,Prepaid,15,33.7,58.0,0,0.34,5,800.0,3860.0,0,Data lovers
C00380,Ouargla,Prepaid,8,14.6,193.0,46,0.49,2,400.0,770.0,0,Students
C00381,Annaba,Postpaid,71,31.0,540.0,35,0.15,4,2850.0,11060.0,1,Premium
C00382,Batna,Prepaid,7,26.4,75.0,25,0.37,3,250.0,740.0,0,Students
C00383,Blida,Postpaid,21,1.2,44.0,15,0.18,1,150.0,150.0,0,Low spenders
C00384,Annaba,Prepaid,20,2.6,0.0,13,0.18,1,200.0,210.0,0,Low spenders
C00385,Oran,Prepaid,37,5.0,730.0,64,0.2,3,600.0,1840.0,0,Talkers
C00386,Annaba,Prepaid,35,3.8,561.0,97,0.21,3,650.0,2040.0,0,Talkers
C00387,Annaba,Prepaid,29,22.6,67.0,10,0.69,4,400.0,1440.0,0,Students
C00388,Setif,Prepaid,30,27.7,133.0,14,0.37,5,950.0,4400.0,0,Data lovers
C00389,Tizi Ouzou,Prepaid,21,26.1,113.0,19,0.53,3,950.0,3080.0,0,Data lovers
C00390,Blida,Prepaid,22,4.7,0.0,10,0.2,1,150.0,160.0,0,Low spenders
C00391,Ouargla,Prepaid,20,6.5,701.0,61,0.15,3,750.0,2150.0,0,Talkers
C00392,Annaba,Postpaid,24,16.0,179.0,47,0.44,4,450.0,1630.0,0,Students
C00393,Setif,Prepaid,31,3.4,150.0,15,0.22,2,100.0,220.0,0,Low spenders
C00394,Annaba,Postpaid,20,28.5,91.0,8,0.43,4,800.0,2950.0,0,Data lovers
C00395,Setif,Prepaid,39,34.8,61.0,12,0.34,4,800.0,3420.0,0,Data lovers
C00396,Constantine,Prepaid,39,2.7,69.0,17,0.13,2,250.0,510.0,0,Low spenders
C00397,Tizi Ouzou,Prepaid,29,6.2,486.0,27,0.11,2,500.0,920.0,0,Talkers
C00398,Batna,Prepaid,22,2.1,594.0,52,0.17,2,500.0,910.0,0,Talkers
C00399,Alger,Prepaid,76,52.8,657.0,70,0.26,3,2900.0,8780.0,0,Premium
C00400,Blida,Prepaid,21,4.3,50.0,7,0.29,1,200.0,200.0,0,Low spenders
C00401,Batna,Prepaid,45,30.0,49.0,19,0.57,4,850.0,3310.0,0,Data lovers
C00402,Tlemcen,Prepaid,13,16.4,203.0,67,0.74,3,450.0,1430.0,0,Students
C00403,Setif,Postpaid,37,25.9,92.0,17,0.59,3,700.0,2140.0,0,Data lovers
C00404,Tizi Ouzou,Prepaid,15,3.2,67.0,21,0.24,1,200.0,190.0,0,Low spenders
C00405,Tizi Ouzou,Postpaid,70,49.1,402.0,61,0.34,4,2050.0,8650.0,0,Premium
C00406,Tlemcen,Prepaid,38,4.5,719.0,83,0.1,4,700.0,2720.0,0,Talkers
C00407,Batna,Prepaid,41,6.7,831.0,57,0.17,1,450.0,460.0,0,Talkers
C00408,Annaba,Prepaid,23,28.9,118.0,37,0.54,5,1450.0,7410.0,0,Data lovers
C00409,Ouargla,Prepaid,58,33.4,156.0,23,0.25,3,550.0,1560.0,0,Data lovers
C00410,Alger,Prepaid,37,6.4,19.0,17,0.3,1,200.0,200.0,0,Low spenders
C00411,Setif,Prepaid,26,34.1,103.0,15,0.37,5,1100.0,5220.0,0,Data lovers
C00412,Tlemcen,Prepaid,26,2.1,104.0,11,0.21,1,200.0,210.0,0,Low spenders
C00413,Ouargla,Prepaid,21,0.4,0.0,7,0.22,1,250.0,240.0,0,Low spenders
C00414,Tlemcen,Prepaid,58,2.6,652.0,48,0.15,3,900.0,2640.0,0,Talkers
C00415,Constantine,Prepaid,41,40.5,79.0,20,0.35,5,950.0,4580.0,0,Data lovers
C00416,Setif,Prepaid,8,30.0,69.0,29,0.63,3,350.0,1050.0,0,Students
C00417,Ouargla,Prepaid,29,31.5,151.0,18,0.41,3,900.0,2620.0,0,Data lovers
C00418,Tizi Ouzou,Prepaid,14,21.0,74.0,60,0.55,4,450.0,1820.0,0,Students
C00419,Tlemcen,Prepaid,19,6.5,138.0,14,0.26,1,50.0,50.0,0,Low spenders
C00420,Tizi Ouzou,Prepaid,27,4.7,81.0,19,0.18,1,250.0,230.0,0,Low spenders
C00421,Alger,Prepaid,17,3.7,92.0,13,0.24,0,100.0,0.0,0,Low spenders
C00422,Setif,Prepaid,16,4.5,80.0,16,0.0,1,300.0,310.0,0,Low spenders
C00423,Setif,Prepaid,8,1.0,120.0,14,0.22,1,350.0,330.0,0,Low spenders
C00424,Blida,Postpaid,55,15.2,95.0,36,0.5,3,750.0,2350.0,1,Data lovers
C00425,Ouargla,Prepaid,35,8.9,578.0,83,0.14,0,750.0,0.0,0,Talkers
C00426,Setif,Postpaid,15,21.7,117.0,30,0.52,3,350.0,1040.0,0,Students
C00427,Constantine,Prepaid,36,33.4,123.0,14,0.45,3,950.0,2640.0,0,Data lovers
C00428,Oran,Prepaid,25,7.3,707.0,37,0.2,3,600.0,1840.0,0,Talkers
C00429,Tizi Ouzou,Prepaid,7,15.2,61.0,22,0.7,2,300.0,560.0,0,Students
C00430,Ouargla,Postpaid,45,32.6,61.0,35,0.28,3,900.0,2750.0,0,Data lovers
C00431,Oran,Prepaid,4,6.5,130.0,33,0.57,4,1100.0,4470.0,0,Data lovers
C00432,Alger,Prepaid,15,23.8,67.0,18,0.52,4,250.0,1080.0,0,Students
C00433,Tlemcen,Prepaid,35,2.6,517.0,30,0.12,2,650.0,1350.0,0,Talkers
C00434,Setif,Prepaid,13,0.0,94.0,15,0.32,1,300.0,280.0,0,Low spenders
C00435,Tlemcen,Prepaid,68,6.7,490.0,53,0.09,3,400.0,1190.0,0,Talkers
C00436,Alger,Prepaid,30,3.4,138.0,25,0.26,0,200.0,0.0,0,Low spenders
C00437,Blida,Prepaid,33,1.2,57.0,9,0.17,1,250.0,240.0,0,Low spenders
C00438,Alger,Prepaid,48,54.2,336.0,30,0.38,5,1800.0,9710.0,1,Premium
C00439,Setif,Prepaid,52,21.2,37.0,25,0.21,6,200.0,1100.0,0,Data lovers
C00440,Blida,Prepaid,35,0.9,82.0,31,0.1,1,250.0,240.0,0,Low spenders
C00441,Ouargla,Prepaid,51,51.8,401.0,52,0.39,5,2200.0,10470.0,1,Premium
C00442,Oran,Prepaid,27,42.2,115.0,18,0.3,5,1150.0,6160.0,0,Data lovers
C00443,Tlemcen,Prepaid,0,4.4,139.0,0,0.12,2,200.0,410.0,0,Low spenders
C00444,Oran,Prepaid,30,7.4,124.0,85,0.18,3,450.0,1300.0,0,Talkers
C00445,Alger,Prepaid,30,4.5,767.0,31,0.13,1,550.0,540.0,0,Talkers
C00446,Tizi Ouzou,Prepaid,37,1.7,427.0,61,0.14,4,450.0,1850.0,0,Talkers
C00447,Tizi Ouzou,Prepaid,10,0.2,37.0,13,0.16,1,200.0,220.0,0,Low spenders
C00448,Tizi Ouzou,Prepaid,19,18.4,171.0,23,0.57,3,550.0,1610.0,0,Students
C00449,Batna,Prepaid,2,25.1,80.0,9,0.4,4,1200.0,4620.0,0,Data lovers
C00450,Constantine,Prepaid,25,39.5,102.0,6,0.57,4,900.0,3410.0,0,Data lovers
C00451,Blida,Postpaid,18,3.1,143.0,25,0.22,1,150.0,160.0,0,Low spenders
C00452,Batna,Prepaid,29,4.1,26.0,12,0.22,1,100.0,100.0,0,Low spenders
C00453,Blida,Prepaid,5,12.8,38.0,53,0.44,3,300.0,940.0,0,Students
C00454,Tlemcen,Prepaid,47,4.5,612.0,63,0.25,3,750.0,2260.0,0,Talkers
C00455,Alger,Prepaid,18,19.9,247.0,33,0.58,3,400.0,1280.0,0,Students
C00456,Tlemcen,Prepaid,53,4.8,548.0,4,0.12,3,450.0,1390.0,0,Talkers
C00457,Constantine,Prepaid,37,7.0,804.0,68,0.21,3,750.0,2350.0,0,Talkers
C00458,Constantine,Prepaid,17,1.5,131.0,15,0.15,1,150.0,160.0,0,Low spenders
C00459,Tlemcen,Postpaid,79,43.1,516.0,54,0.21,6,3850.0,22850.0,0,Premium
C00460,Constantine,Prepaid,52,33.1,183.0,11,0.42,3,950.0,2740.0,0,Data lovers
C00461,Ouargla,Prepaid,49,7.4,731.0,66,0.13,3,450.0,1270.0,1,Talkers
C00462,Tlemcen,Prepaid,47,18.3,106.0,0,0.36,5,650.0,3100.0,0,Data lovers
C00463,Annaba,Prepaid,53,3.2,514.0,74,0.11,3,650.0,1890.0,0,Talkers
C00464,Annaba,Prepaid,30,1.7,143.0,17,0.2,1,350.0,380.0,0,Low spenders
C00465,Ouargla,Prepaid,8,4.3,128.0,0,0.15,0,150.0,0.0,0,Low spenders
C00466,Blida,Prepaid,39,43.1,348.0,65,0.38,4,2000.0,8150.0,0,Premium
C00467,Batna,Prepaid,33,2.2,92.0,8,0.18,1,0.0,0.0,0,Low spenders
C00468,Oran,Prepaid,15,12.6,160.0,55,0.56,6,200.0,1170.0,0,Students
C00469,Constantine,Prepaid,28,9.9,111.0,35,0.33,1,350.0,330.0,0,Students
C00470,Batna,Postpaid,13,17.3,105.0,42,0.62,3,650.0,1860.0,0,Students
C00471,Tizi Ouzou,Prepaid,30,0.5,109.0,24,0.19,1,100.0,100.0,0,Low spenders
C00472,Alger,Prepaid,6,2.5,50.0,0,0.16,1,200.0,210.0,0,Low spenders
C00473,Oran,Prepaid,61,31.2,87.0,3,0.4,3,950.0,2970.0,1,Data lovers
C00474,Alger,Prepaid,5,2.8,72.0,9,0.31,2,100.0,200.0,0,Low spenders
C00475,Alger,Prepaid,21,1.8,94.0,21,0.31,1,100.0,100.0,0,Low spenders
C00476,Batna,Postpaid,17,1.5,85.0,29,0.23,0,350.0,0.0,0,Low spenders
C00477,Tlemcen,Postpaid,12,2.5,132.0,12,0.2,0,300.0,0.0,0,Low spenders
C00478,Alger,Prepaid,33,3.3,697.0,37,0.06,4,600.0,2220.0,1,Talkers
C00479,Batna,Prepaid,33,29.9,111.0,28,0.36,5,1100.0,5600.0,0,Data lovers
C00480,Setif,Prepaid,31,15.2,105.0,33,0.28,3,650.0,2010.0,0,Data lovers
C00481,Batna,Prepaid,16,24.7,40.0,63,0.42,4,350.0,1280.0,0,Students
C00482,Tizi Ouzou,Prepaid,75,40.6,708.0,72,0.16,4,2250.0,9860.0,0,Premium
C00483,Constantine,Prepaid,54,2.7,443.0,60,0.26,3,600.0,1870.0,1,Talkers
C00484,Setif,Prepaid,17,15.2,112.0,9,0.28,1,300.0,300.0,0,Low spenders
C00485,Constantine,Prepaid,65,33.3,558.0,32,0.27,5,1700.0,9040.0,1,Premium
C00486,Ouargla,Prepaid,2,10.8,147.0,40,0.56,3,250.0,780.0,0,Students
C00487,Tlemcen,Prepaid,25,36.7,88.0,18,0.32,4,1150.0,4620.0,1,Data lovers
C00488,Tlemcen,Prepaid,31,2.4,84.0,3,0.14,1,200.0,200.0,0,Low spenders
C00489,Batna,Postpaid,39,28.9,67.0,13,0.41,4,950.0,3560.0,1,Data lovers
C00490,Annaba,Prepaid,56,27.7,80.0,12,0.53,3,1200.0,3910.0,0,Data lovers
C00491,Ouargla,Prepaid,30,26.1,149.0,19,0.35,4,700.0,2530.0,0,Data lovers
C00492,Batna,Prepaid,41,3.4,525.0,38,0.25,2,500.0,910.0,0,Talkers
C00493,Ouargla,Prepaid,34,33.9,83.0,15,0.25,3,950.0,2910.0,0,Data lovers
C00494,Ouargla,Prepaid,11,2.6,63.0,26,0.11,2,250.0,550.0,0,Low spenders
C00495,Alger,Prepaid,42,41.3,122.0,29,0.42,4,1150.0,4200.0,0,Data lovers
C00496,Constantine,Prepaid,19,52.7,452.0,98,0.31,6,2500.0,16220.0,0,Premium
C00497,Annaba,Prepaid,0,31.7,129.0,32,0.36,4,1100.0,3980.0,1,Data lovers
C00498,Constantine,Postpaid,30,24.0,65.0,1,0.37,6,1050.0,5740.0,0,Data lovers
C00499,Constantine,Prepaid,34,5.1,706.0,62,0.15,4,400.0,1530.0,0,Talkers
C00500,Tlemcen,Prepaid,51,50.5,124.0,46,0.28,3,2400.0,7750.0,0,Premium
C00501,Constantine,Prepaid,24,59.7,435.0,44,0.23,3,2300.0,7070.0,1,Premium
C00502,Tlemcen,Prepaid,36,51.4,431.0,28,0.27,6,2700.0,14690.0,0,Premium
C00503,Ouargla,Prepaid,53,32.4,143.0,25,0.41,5,800.0,3710.0,0,Data lovers
C00504,Annaba,Prepaid,5,12.0,129.0,12,0.7,3,550.0,1580.0,0,Students
C00505,Ouargla,Prepaid,56,3.5,508.0,8,0.23,4,800.0,3060.0,0,Talkers
C00506,Annaba,Prepaid,46,27.7,77.0,22,0.4,3,700.0,2250.0,0,Data lovers
C00507,Annaba,Prepaid,44,6.5,755.0,96,0.15,4,500.0,2000.0,0,Talkers
C00508,Blida,Prepaid,45,37.6,49.0,20,0.34,3,1100.0,3580.0,0,Data lovers
C00509,Ouargla,Postpaid,63,5.1,511.0,57,0.13,4,600.0,2520.0,0,Talkers
C00510,Ouargla,Prepaid,25,2.4,705.0,43,0.17,2,800.0,1700.0,0,Talkers
C00511,Alger,Prepaid,65,45.2,517.0,49,0.34,3,3150.0,9470.0,0,Premium
C00512,Alger,Prepaid,18,3.3,53.0,15,0.22,1,300.0,310.0,0,Low spenders
C00513,Ouargla,Prepaid,34,2.5,331.0,75,0.17,2,600.0,1280.0,0,Talkers
C00514,Blida,Prepaid,57,22.8,133.0,21,0.52,4,1000.0,4300.0,0,Data lovers
C00515,Tizi Ouzou,Prepaid,27,36.5,103.0,24,0.5,5,650.0,3570.0,0,Data lovers
C00516,Ouargla,Prepaid,21,15.8,46.0,21,0.45,3,400.0,1220.0,0,Data lovers
C00517,Constantine,Prepaid,27,1.3,91.0,5,0.22,1,200.0,190.0,0,Low spenders
C00518,Tlemcen,Prepaid,8,18.1,10.0,28,0.37,4,750.0,2890.0,0,Data lovers
C00519,Annaba,Prepaid,76,32.9,122.0,23,0.35,3,900.0,2940.0,0,Data lovers
C00520,Ouargla,Prepaid,0,26.7,130.0,64,0.48,6,250.0,1580.0,0,Students
C00521,Ouargla,Prepaid,23,24.1,78.0,22,0.58,2,400.0,750.0,0,Students
C00522,Annaba,Prepaid,44,42.5,492.0,62,0.22,5,3000.0,16460.0,0,Premium
C00523,Constantine,Postpaid,0,34.9,71.0,45,0.42,4,750.0,3170.0,0,Data lovers
C00524,Tlemcen,Prepaid,29,6.6,31.0,32,0.27,1,200.0,200.0,0,Low spenders
C00525,Alger,Prepaid,62,6.9,802.0,101,0.16,2,500.0,1060.0,0,Talkers
C00526,Blida,Prepaid,18,32.3,124.0,5,0.51,6,800.0,4980.0,0,Data lovers
C00527,Oran,Prepaid,7,25.7,131.0,59,0.56,3,300.0,950.0,0,Students
C00528,Setif,Prepaid,2,4.0,83.0,0,0.23,1,150.0,140.0,0,Low spenders
C00529,Oran,Postpaid,43,56.6,388.0,32,0.33,4,2650.0,10900.0,0,Premium
C00530,Blida,Postpaid,0,18.1,150.0,14,0.7,2,350.0,710.0,0,Students
C00531,Setif,Prepaid,14,4.4,91.0,26,0.08,1,150.0,160.0,0,Low spenders
C00532,Setif,Prepaid,17,30.6,83.0,26,0.43,5,650.0,3370.0,0,Data lovers
C00533,Oran,Postpaid,45,53.4,491.0,4,0.28,5,2850.0,14100.0,0,Premium
C00534,Constantine,Prepaid,23,44.2,78.0,28,0.45,1,750.0,760.0,0,Data lovers
C00535,Batna,Prepaid,38,40.3,277.0,41,0.35,5,2700.0,12210.0,0,Premium
C00536,Constantine,Prepaid,41,15.2,427.0,63,0.19,5,2650.0,12850.0,0,Premium
C00537,Alger,Prepaid,12,36.1,61.0,30,0.42,4,1050.0,4560.0,0,Data lovers
C00538,Batna,Prepaid,29,49.6,425.0,67,0.2,5,2550.0,11740.0,0,Premium
C00539,Annaba,Prepaid,26,0.4,71.0,12,0.37,1,200.0,210.0,0,Low spenders
C00540,Constantine,Prepaid,0,16.4,196.0,35,0.67,1,400.0,410.0,0,Students
C00541,Oran,Prepaid,54,4.2,715.0,69,0.14,2,650.0,1290.0,0,Talkers
C00542,Tlemcen,Prepaid,17,6.0,84.0,20,0.3,1,250.0,270.0,0,Low spenders
C00543,Alger,Prepaid,60,5.5,682.0,56,0.11,4,700.0,3040.0,0,Talkers
C00544,Tlemcen,Prepaid,16,11.3,124.0,43,0.58,3,450.0,1420.0,0,Students
C00545,Blida,Postpaid,19,19.5,90.0,52,0.65,3,450.0,1270.0,0,Students
C00546,Alger,Prepaid,1,4.4,39.0,18,0.09,1,0.0,0.0,0,Low spenders
C00547,Ouargla,Prepaid,63,33.4,413.0,41,0.32,5,1950.0,10620.0,0,Premium
C00548,Oran,Prepaid,9,17.6,162.0,41,0.49,1,350.0,320.0,0,Students
C00549,Ouargla,Postpaid,30,53.0,573.0,48,0.29,5,1850.0,8970.0,0,Premium
C00550,Oran,Prepaid,23,20.9,98.0,3,0.34,5,500.0,2400.0,0,Data lovers
C00551,Annaba,Prepaid,18,2.9,121.0,4,0.19,2,200.0,410.0,0,Low spenders
C00552,Batna,Postpaid,25,5.4,112.0,31,0.31,1,100.0,90.0,0,Low spenders
C00553,Batna,Postpaid,49,15.2,124.0,37,0.3,4,2550.0,10030.0,0,Premium
C00554,Tlemcen,Prepaid,33,25.1,93.0,25,0.52,4,600.0,2270.0,0,Data lovers
C00555,Setif,Prepaid,16,3.0,106.0,14,0.1,1,250.0,270.0,1,Low spenders
C00556,Tlemcen,Prepaid,20,6.0,554.0,76,0.15,3,600.0,1840.0,0,Talkers
C00557,Tizi Ouzou,Prepaid,2,24.3,168.0,13,0.5,5,350.0,1770.0,0,Students
C00558,Ouargla,Prepaid,19,12.7,124.0,0,0.56,3,250.0,690.0,0,Students
C00559,Oran,Prepaid,6,20.4,97.0,52,0.44,2,350.0,710.0,0,Students
C00560,Ouargla,Prepaid,34,0.5,88.0,10,0.23,1,50.0,50.0,0,Low spenders
C00561,Batna,Prepaid,8,18.3,203.0,54,0.57,4,450.0,1630.0,0,Students
C00562,Ouargla,Postpaid,11,1.7,54.0,19,0.32,2,200.0,360.0,0,Low spenders
C00563,Alger,Prepaid,18,3.2,116.0,23,0.16,1,100.0,110.0,0,Low spenders
C00564,Blida,Prepaid,53,9.0,713.0,75,0.19,1,400.0,400.0,0,Talkers
C00565,Oran,Prepaid,19,17.8,97.0,24,0.43,2,850.0,1610.0,0,Data lovers
C00566,Oran,Prepaid,0,20.6,148.0,35,0.67,5,350.0,1920.0,0,Students
C00567,Oran,Prepaid,49,33.0,331.0,75,0.32,6,4150.0,25700.0,0,Premium
C00568,Annaba,Prepaid,27,6.7,570.0,79,0.18,3,300.0,920.0,0,Talkers
C00569,Tlemcen,Prepaid,33,1.1,143.0,24,0.24,1,150.0,150.0,0,Low spenders
C00570,Setif,Postpaid,62,47.7,276.0,57,0.24,6,2900.0,17120.0,1,Premium
C00571,Setif,Prepaid,8,29.3,212.0,28,0.55,4,400.0,1710.0,0,Students
C00572,Setif,Prepaid,45,48.4,507.0,51,0.48,4,1200.0,4930.0,0,Premium
C00573,Setif,Prepaid,65,33.2,455.0,67,0.34,5,2500.0,12150.0,0,Premium
C00574,Alger,Prepaid,40,15.2,89.0,15,0.15,1,150.0,160.0,0,Low spenders
C00575,Constantine,Prepaid,35,30.5,102.0,16,0.28,5,700.0,3350.0,0,Data lovers
C00576,Annaba,Prepaid,18,19.2,173.0,11,0.54,2,400.0,830.0,0,Students
C00577,Alger,Prepaid,35,27.1,67.0,7,0.52,4,850.0,3390.0,0,Data lovers
C00578,Setif,Prepaid,6,26.4,43.0,44,0.65,4,400.0,1460.0,0,Students
C00579,Ouargla,Postpaid,17,4.9,68.0,0,0.18,0,250.0,0.0,1,Low spenders
C00580,Tlemcen,Prepaid,14,59.7,438.0,48,0.25,5,2450.0,13280.0,0,Premium
C00581,Annaba,Prepaid,29,38.8,146.0,25,0.47,3,850.0,2620.0,0,Data lovers
C00582,Oran,Prepaid,24,25.8,202.0,55,0.57,4,400.0,1470.0,0,Students
C00583,Oran,Postpaid,19,33.9,111.0,19,0.35,3,650.0,2050.0,0,Data lovers
C00584,Setif,Prepaid,63,36.8,398.0,56,0.25,5,2300.0,11800.0,1,Premium
C00585,Alger,Prepaid,55,4.7,403.0,46,0.22,1,550.0,510.0,0,Talkers
C00586,Annaba,Postpaid,19,1.9,82.0,20,0.11,1,200.0,210.0,0,Low spenders
C00587,Batna,Prepaid,18,20.8,116.0,56,0.69,3,300.0,930.0,0,Students
C00588,Tlemcen,Prepaid,52,2.8,813.0,48,0.21,3,500.0,1570.0,0,Talkers
C00589,Tizi Ouzou,Prepaid,23,37.0,114.0,24,0.36,4,1300.0,4690.0,0,Data lovers
C00590,Blida,Postpaid,17,10.6,183.0,23,0.58,1,250.0,260.0,1,Students
C00591,Tlemcen,Prepaid,23,57.5,680.0,69,0.31,5,3300.0,15700.0,0,Premium
C00592,Oran,Prepaid,28,3.4,258.0,29,0.16,4,750.0,3150.0,0,Talkers
C00593,Alger,Prepaid,11,8.0,114.0,13,0.36,1,250.0,240.0,0,Low spenders
C00594,Tizi Ouzou,Postpaid,20,13.0,129.0,24,0.55,4,350.0,1340.0,0,Students
C00595,Blida,Prepaid,14,26.9,70.0,42,0.65,2,450.0,860.0,0,Students
C00596,Setif,Prepaid,37,21.3,124.0,28,0.41,3,700.0,2240.0,0,Data lovers
C00597,Tlemcen,Prepaid,23,1.4,116.0,18,0.14,1,250.0,260.0,0,Low spenders
C00598,Ouargla,Prepaid,47,0.7,603.0,63,0.16,3,700.0,2020.0,0,Talkers
C00599,Constantine,Prepaid,23,37.8,158.0,16,0.52,3,650.0,2010.0,0,Data lovers
C00600,Ouargla,Postpaid,44,2.3,678.0,43,0.11,2,500.0,1060.0,0,Talkers
C00601,Setif,Prepaid,22,15.2,148.0,15,0.54,4,950.0,3660.0,0,Data lovers
C00602,Oran,Prepaid,6,8.6,135.0,71,0.62,4,450.0,1950.0,0,Students
C00603,Batna,Prepaid,21,19.7,149.0,21,0.33,4,1000.0,3760.0,0,Data lovers
C00604,Alger,Prepaid,17,18.7,109.0,27,0.64,3,400.0,1090.0,0,Students
C00605,Annaba,Postpaid,10,20.6,152.0,29,0.4,4,500.0,1930.0,0,Students
C00606,Constantine,Prepaid,60,15.2,546.0,58,0.14,6,2350.0,14550.0,0,Premium
C00607,Constantine,Prepaid,54,40.5,94.0,30,0.57,3,850.0,2510.0,0,Data lovers
C00608,Blida,Prepaid,25,4.3,71.0,7,0.16,1,250.0,260.0,0,Low spenders
C00609,Tizi Ouzou,Prepaid,23,16.2,118.0,75,0.55,4,450.0,1860.0,0,Students
C00610,Tlemcen,Prepaid,19,13.1,86.0,0,0.47,3,550.0,1630.0,0,Students
C00611,Blida,Prepaid,20,26.8,65.0,9,0.37,4,900.0,3540.0,0,Data lovers
C00612,Tlemcen,Prepaid,7,12.6,139.0,33,0.43,4,500.0,1880.0,0,Students
C00613,Tizi Ouzou,Prepaid,14,1.4,553.0,48,0.19,5,500.0,2480.0,0,Talkers
C00614,Tlemcen,Prepaid,19,29.8,174.0,28,0.46,3,900.0,2830.0,0,Data lovers
C00615,Constantine,Prepaid,19,12.2,92.0,46,0.63,2,450.0,940.0,0,Students
C00616,Setif,Prepaid,22,3.1,692.0,64,0.16,2,750.0,1360.0,0,Talkers
C00617,Tlemcen,Prepaid,70,5.4,718.0,43,0.0,2,550.0,1090.0,0,Talkers
C00618,Alger,Prepaid,33,29.8,118.0,12,0.36,5,900.0,4190.0,0,Data lovers
C00619,Alger,Postpaid,35,22.8,11.0,33,0.6,5,850.0,3980.0,0,Data lovers
C00620,Oran,Prepaid,32,22.7,143.0,22,0.34,4,1200.0,4940.0,0,Data lovers
C00621,Tlemcen,Prepaid,84,1.9,888.0,109,0.17,3,500.0,1480.0,0,Talkers
C00622,Alger,Prepaid,30,4.2,73.0,3,0.33,1,200.0,210.0,0,Low spenders
C00623,Batna,Prepaid,26,40.1,142.0,20,0.44,4,1150.0,4220.0,0,Data lovers
C00624,Tlemcen,Prepaid,30,4.8,73.0,15,0.23,1,300.0,290.0,0,Low spenders
C00625,Tizi Ouzou,Prepaid,19,13.4,103.0,69,0.52,3,450.0,1460.0,0,Students
C00626,Oran,Prepaid,14,20.3,37.0,46,0.71,2,350.0,640.0,0,Students
C00627,Tizi Ouzou,Postpaid,43,5.6,382.0,48,0.09,4,700.0,2780.0,0,Talkers
C00628,Ouargla,Prepaid,64,15.2,343.0,35,0.15,3,500.0,1390.0,0,Talkers
C00629,Setif,Prepaid,28,2.3,811.0,63,0.16,3,900.0,2900.0,0,Talkers
C00630,Batna,Prepaid,37,18.5,118.0,19,0.29,4,1300.0,5700.0,0,Data lovers
C00631,Blida,Prepaid,15,3.3,852.0,63,0.21,3,450.0,1260.0,0,Talkers
C00632,Batna,Postpaid,23,37.8,95.0,11,0.41,7,1000.0,6770.0,0,Data lovers
C00633,Ouargla,Prepaid,20,17.8,162.0,39,0.42,4,950.0,4170.0,0,Data lovers
C00634,Constantine,Prepaid,26,3.5,63.0,24,0.26,1,200.0,180.0,0,Low spenders
C00635,Annaba,Prepaid,18,6.3,691.0,75,0.19,3,600.0,1920.0,0,Talkers
C00636,Tlemcen,Postpaid,27,36.8,53.0,9,0.51,6,700.0,4140.0,0,Data lovers
C00637,Setif,Prepaid,41,15.2,150.0,32,0.41,4,900.0,3710.0,0,Data lovers
C00638,Blida,Prepaid,6,16.3,148.0,34,0.59,4,450.0,1890.0,0,Students
C00639,Batna,Prepaid,9,22.6,209.0,17,0.41,4,400.0,1740.0,0,Students
C00640,Tizi Ouzou,Prepaid,59,40.9,124.0,58,0.12,5,2150.0,11220.0,0,Premium
C00641,Constantine,Prepaid,13,1.7,61.0,14,0.23,2,250.0,470.0,0,Low spenders
C00642,Annaba,Prepaid,16,3.4,84.0,19,0.06,0,100.0,0.0,0,Low spenders
C00643,Tlemcen,Prepaid,8,2.2,150.0,19,0.17,2,350.0,770.0,0,Low spenders
C00644,Tlemcen,Prepaid,40,4.6,24.0,10,0.14,1,250.0,240.0,0,Low spenders
C00645,Oran,Prepaid,10,14.6,62.0,35,0.49,4,300.0,1280.0,0,Students
C00646,Ouargla,Prepaid,62,20.7,696.0,70,0.19,4,1500.0,6490.0,0,Premium
C00647,Batna,Prepaid,13,4.9,85.0,4,0.17,1,150.0,160.0,0,Low spenders
C00648,Constantine,Prepaid,11,13.5,124.0,58,0.57,3,350.0,1140.0,0,Students
C00649,Tlemcen,Prepaid,23,27.6,59.0,10,0.58,4,950.0,3890.0,0,Data lovers
C00650,Annaba,Prepaid,22,24.2,133.0,30,0.35,1,300.0,290.0,0,Students
C00651,Ouargla,Prepaid,55,15.2,354.0,42,0.32,5,2900.0,14400.0,0,Premium
C00652,Oran,Prepaid,10,28.8,112.0,6,0.28,2,700.0,1410.0,0,Data lovers
C00653,Tizi Ouzou,Prepaid,17,9.7,100.0,41,0.57,4,200.0,880.0,0,Students
C00654,Tlemcen,Prepaid,0,4.7,37.0,8,0.22,0,100.0,0.0,0,Low spenders
C00655,Alger,Prepaid,37,28.3,76.0,15,0.22,5,650.0,3390.0,0,Data lovers
C00656,Ouargla,Prepaid,27,1.1,115.0,3,0.21,1,150.0,150.0,0,Low spenders
C00657,Alger,Prepaid,55,52.7,652.0,45,0.26,4,3500.0,14560.0,0,Premium
C00658,Constantine,Prepaid,0,12.8,170.0,9,0.51,2,1150.0,2120.0,0,Data lovers
C00659,Batna,Prepaid,44,23.9,111.0,15,0.29,4,650.0,2810.0,1,Data lovers
C00660,Alger,Prepaid,31,35.5,94.0,23,0.28,3,1250.0,3440.0,0,Data lovers
C00661,Tlemcen,Prepaid,6,41.2,159.0,1,0.55,3,1150.0,3250.0,0,Data lovers
C00662,Setif,Prepaid,24,37.9,25.0,4,0.44,3,1300.0,3830.0,0,Data lovers
C00663,Tizi Ouzou,Prepaid,41,57.4,341.0,53,0.14,4,2100.0,7800.0,1,Premium
C00664,Blida,Prepaid,27,23.4,155.0,18,0.41,4,900.0,3720.0,0,Data lovers
C00665,Batna,Postpaid,54,15.2,551.0,91,0.26,1,600.0,650.0,0,Talkers
C00666,Ouargla,Prepaid,23,4.3,25.0,33,0.19,1,200.0,190.0,0,Low spenders
C00667,Annaba,Prepaid,20,30.7,102.0,12,0.38,5,850.0,4470.0,0,Data lovers
C00668,Blida,Prepaid,14,3.6,67.0,18,0.27,0,150.0,0.0,0,Low spenders
C00669,Ouargla,Prepaid,72,36.6,462.0,53,0.2,5,1900.0,9770.0,1,Premium
C00670,Tlemcen,Prepaid,29,19.2,92.0,0,0.35,4,1000.0,4220.0,0,Data lovers
C00671,Ouargla,Prepaid,63,47.8,490.0,58,0.2,7,2900.0,20700.0,0,Premium
C00672,Alger,Prepaid,36,24.8,157.0,29,0.36,3,1200.0,3300.0,0,Data lovers
C00673,Oran,Prepaid,35,42.3,129.0,3,0.3,5,700.0,3760.0,0,Data lovers
C00674,Batna,Postpaid,19,28.4,178.0,11,0.37,4,850.0,3670.0,0,Data lovers
C00675,Annaba,Postpaid,55,4.7,831.0,81,0.11,4,800.0,3490.0,0,Talkers
C00676,Alger,Prepaid,3,2.1,95.0,16,0.23,2,200.0,370.0,0,Low spenders
C00677,Alger,Prepaid,23,2.0,63.0,7,0.35,2,200.0,370.0,0,Low spenders
C00678,Tizi Ouzou,Prepaid,37,2.0,686.0,43,0.19,3,500.0,1620.0,0,Talkers
C00679,Setif,Prepaid,18,8.8,124.0,42,0.5,2,500.0,1020.0,0,Students
C00680,Oran,Postpaid,33,2.2,137.0,7,0.26,1,250.0,250.0,0,Low spenders
C00681,Constantine,Postpaid,12,5.9,60.0,11,0.17,1,250.0,250.0,0,Low spenders
C00682,Oran,Prepaid,26,29.3,117.0,28,0.48,3,1100.0,3590.0,0,Data lovers
C00683,Tizi Ouzou,Postpaid,51,18.0,99.0,27,0.31,5,850.0,4100.0,0,Data lovers
C00684,Constantine,Prepaid,69,36.0,487.0,28,0.21,5,2250.0,10410.0,0,Premium
C00685,Blida,Prepaid,14,15.3,168.0,34,0.49,4,400.0,1500.0,0,Students
C00686,Alger,Prepaid,13,15.7,145.0,38,0.78,3,300.0,870.0,0,Students
C00687,Setif,Postpaid,42,28.6,128.0,6,0.26,4,750.0,2800.0,0,Data lovers
C00688,Batna,Prepaid,13,5.3,432.0,40,0.08,3,250.0,710.0,0,Talkers
C00689,Ouargla,Prepaid,11,29.6,200.0,12,0.5,2,350.0,730.0,0,Students
C00690,Constantine,Postpaid,21,18.8,166.0,34,0.6,2,400.0,750.0,0,Students
C00691,Alger,Prepaid,8,22.7,140.0,54,0.47,3,350.0,970.0,0,Students
C00692,Annaba,Postpaid,4,15.8,126.0,38,0.62,3,500.0,1540.0,0,Students
C00693,Constantine,Prepaid,16,35.9,168.0,19,0.24,4,1250.0,4880.0,0,Data lovers
C00694,Setif,Postpaid,19,1.7,78.0,18,0.14,1,150.0,150.0,0,Low spenders
C00695,Tlemcen,Prepaid,35,4.0,644.0,85,0.21,3,150.0,410.0,0,Talkers
C00696,Setif,Postpaid,39,5.2,70.0,11,0.25,1,250.0,260.0,0,Low spenders
C00697,Alger,Prepaid,27,28.7,113.0,21,0.5,4,1100.0,4660.0,0,Data lovers
C00698,Tlemcen,Prepaid,23,1.3,645.0,77,0.17,3,500.0,1500.0,0,Talkers
C00699,Ouargla,Postpaid,7,2.6,109.0,26,0.16,1,150.0,140.0,0,Low spenders
C00700,Setif,Prepaid,29,35.9,153.0,17,0.47,4,1000.0,4310.0,0,Data lovers
C00701,Constantine,Prepaid,4,23.4,150.0,33,0.54,4,550.0,2110.0,0,Students
C00702,Oran,Prepaid,1,15.2,104.0,21,0.56,3,350.0,1070.0,0,Students
C00703,Constantine,Postpaid,30,3.5,0.0,4,0.2,1,200.0,210.0,0,Low spenders
C00704,Oran,Postpaid,9,4.8,73.0,3,0.23,3,150.0,450.0,0,Low spenders
C00705,Oran,Prepaid,7,23.5,60.0,5,0.52,4,300.0,1080.0,0,Students
C00706,Setif,Prepaid,25,31.3,98.0,29,0.55,2,300.0,600.0,0,Students
C00707,Tizi Ouzou,Prepaid,22,4.2,548.0,87,0.18,4,550.0,2010.0,0,Talkers
C00708,Blida,Prepaid,44,25.6,163.0,20,0.35,3,950.0,2740.0,0,Data lovers
C00709,Tizi Ouzou,Prepaid,54,53.9,629.0,55,0.15,5,2400.0,13040.0,1,Premium
C00710,Tlemcen,Prepaid,28,41.0,564.0,28,0.33,7,3450.0,24640.0,0,Premium
C00711,Constantine,Prepaid,15,26.1,118.0,31,0.59,3,200.0,600.0,0,Students
C00712,Alger,Prepaid,18,3.2,458.0,14,0.08,3,550.0,1510.0,0,Talkers
C00713,Oran,Prepaid,51,19.0,103.0,9,0.37,5,750.0,3840.0,0,Data lovers
C00714,Alger,Prepaid,0,24.9,109.0,54,0.49,2,500.0,990.0,0,Students
C00715,Tizi Ouzou,Postpaid,0,4.4,51.0,12,0.1,1,200.0,220.0,0,Low spenders
C00716,Batna,Prepaid,10,5.3,607.0,45,0.17,3,500.0,1540.0,0,Talkers
C00717,Constantine,Postpaid,57,42.1,502.0,37,0.31,6,2300.0,14600.0,1,Premium
C00718,Ouargla,Prepaid,15,24.2,101.0,31,0.47,3,1100.0,3110.0,0,Data lovers
C00719,Alger,Postpaid,34,1.4,754.0,64,0.13,3,900.0,2810.0,0,Talkers
C00720,Batna,Postpaid,26,15.2,28.0,10,0.2,1,150.0,150.0,0,Low spenders
C00721,Tizi Ouzou,Postpaid,62,47.3,457.0,57,0.14,4,2400.0,8740.0,0,Premium
C00722,Batna,Prepaid,30,34.9,126.0,13,0.41,5,850.0,4240.0,0,Data lovers
C00723,Ouargla,Postpaid,18,22.8,103.0,17,0.18,2,900.0,1630.0,0,Data lovers
C00724,Blida,Prepaid,72,45.4,313.0,33,0.28,3,2750.0,7590.0,0,Premium
C00725,Ouargla,Prepaid,41,5.6,0.0,0,0.13,0,150.0,0.0,0,Low spenders
C00726,Oran,Prepaid,12,28.7,106.0,39,0.56,5,250.0,1340.0,0,Students
C00727,Setif,Prepaid,19,44.4,147.0,6,0.45,4,1400.0,5250.0,0,Data lovers
C00728,Annaba,Prepaid,35,34.7,58.0,23,0.36,3,550.0,1540.0,0,Data lovers
C00729,Constantine,Prepaid,6,4.2,124.0,5,0.25,1,150.0,160.0,0,Low spenders
C00730,Oran,Prepaid,17,3.4,34.0,28,0.27,1,100.0,90.0,0,Low spenders
C00731,Annaba,Prepaid,6,11.3,60.0,34,0.41,1,450.0,460.0,0,Students
C00732,Tlemcen,Prepaid,43,20.5,166.0,18,0.38,4,800.0,3300.0,0,Data lovers
C00733,Blida,Prepaid,72,43.0,437.0,54,0.23,4,2300.0,9040.0,1,Premium
C00734,Blida,Prepaid,20,19.9,60.0,13,0.34,3,1300.0,3520.0,0,Data lovers
C00735,Batna,Prepaid,18,16.5,87.0,28,0.59,4,500.0,2170.0,0,Students
C00736,Setif,Postpaid,29,12.2,124.0,71,0.6,3,350.0,1090.0,0,Students
C00737,Tizi Ouzou,Prepaid,35,17.5,116.0,8,0.38,4,800.0,3000.0,0,Data lovers
C00738,Blida,Prepaid,24,28.9,56.0,14,0.42,5,900.0,4100.0,0,Data lovers
C00739,Tlemcen,Prepaid,30,2.1,0.0,13,0.16,1,300.0,280.0,0,Low spenders
C00740,Setif,Postpaid,15,27.0,80.0,13,0.36,5,1050.0,5770.0,0,Data lovers
C00741,Blida,Prepaid,32,1.3,99.0,13,0.17,0,400.0,0.0,0,Low spenders
C00742,Alger,Prepaid,21,30.2,124.0,12,0.53,5,900.0,4250.0,0,Data lovers
C00743,Ouargla,Prepaid,50,40.2,450.0,58,0.0,5,3050.0,15230.0,0,Premium
C00744,Setif,Prepaid,16,27.5,100.0,54,0.71,3,500.0,1540.0,1,Students
C00745,Tlemcen,Prepaid,4,12.9,97.0,36,0.77,4,500.0,2050.0,0,Students
C00746,Ouargla,Prepaid,21,4.1,83.0,11,0.26,1,150.0,150.0,0,Low spenders
C00747,Alger,Prepaid,58,24.6,114.0,27,0.42,6,500.0,2750.0,0,Data lovers
C00748,Annaba,Prepaid,27,17.2,120.0,6,0.24,5,1100.0,5870.0,1,Data lovers
C00749,Oran,Prepaid,31,29.7,118.0,10,0.4,4,900.0,3660.0,0,Data lovers
C00750,Blida,Prepaid,6,19.7,98.0,48,0.5,4,300.0,1120.0,0,Students
C00751,Oran,Prepaid,18,6.1,59.0,21,0.19,2,150.0,320.0,0,Low spenders
C00752,Blida,Postpaid,30,3.3,90.0,17,0.28,1,200.0,210.0,0,Low spenders
C00753,Ouargla,Prepaid,10,15.3,164.0,12,0.57,3,550.0,1630.0,0,Students
C00754,Batna,Prepaid,18,29.7,123.0,26,0.74,3,450.0,1370.0,0,Students
C00755,Tizi Ouzou,Postpaid,49,15.2,356.0,60,0.41,4,2000.0,7690.0,1,Premium
C00756,Tlemcen,Prepaid,42,36.1,86.0,19,0.47,4,950.0,3430.0,0,Data lovers
C00757,Annaba,Prepaid,12,1.8,655.0,76,0.25,3,550.0,1700.0,0,Talkers
C00758,Blida,Postpaid,46,3.1,71.0,22,0.24,1,200.0,200.0,1,Low spenders
C00759,Oran,Postpaid,27,18.8,121.0,66,0.44,4,450.0,1970.0,0,Students
C00760,Setif,Prepaid,25,5.3,42.0,3,0.21,1,300.0,320.0,0,Low spenders
C00761,Tizi Ouzou,Prepaid,78,56.4,503.0,26,0.15,5,2800.0,14070.0,1,Premium
C00762,Tizi Ouzou,Prepaid,38,3.6,663.0,99,0.03,4,800.0,3400.0,0,Talkers
C00763,Tizi Ouzou,Prepaid,28,4.0,851.0,33,0.16,3,600.0,1680.0,0,Talkers
C00764,Tizi Ouzou,Prepaid,21,3.5,84.0,27,0.11,1,300.0,300.0,0,Low spenders
C00765,Ouargla,Prepaid,15,18.1,177.0,33,0.63,3,250.0,770.0,0,Students
C00766,Alger,Prepaid,37,30.0,65.0,27,0.46,6,1100.0,6480.0,0,Data lovers
C00767,Oran,Prepaid,50,33.5,149.0,7,0.39,6,900.0,5090.0,0,Data lovers
C00768,Annaba,Prepaid,36,15.2,96.0,5,0.24,1,150.0,160.0,0,Low spenders
C00769,Setif,Prepaid,0,3.4,43.0,20,0.29,0,200.0,0.0,0,Low spenders
C00770,Annaba,Prepaid,47,4.1,526.0,50,0.15,2,500.0,990.0,0,Talkers
C00771,Batna,Prepaid,17,0.7,124.0,16,0.01,2,600.0,1300.0,0,Talkers
C00772,Annaba,Prepaid,29,29.7,133.0,34,0.27,5,1150.0,5420.0,0,Data lovers
C00773,Blida,Prepaid,57,3.9,775.0,57,0.18,3,450.0,1220.0,0,Talkers
C00774,Oran,Prepaid,43,26.4,63.0,11,0.66,4,800.0,3270.0,1,Data lovers
C00775,Batna,Prepaid,60,59.7,513.0,65,0.26,5,1950.0,9390.0,1,Premium
C00776,Blida,Prepaid,45,27.6,429.0,62,0.31,3,2800.0,8400.0,1,Premium
C00777,Batna,Prepaid,30,27.4,124.0,24,0.45,3,850.0,2350.0,0,Data lovers
C00778,Alger,Prepaid,63,30.5,112.0,13,0.46,3,800.0,2440.0,0,Data lovers
C00779,Batna,Postpaid,45,36.5,106.0,23,0.41,2,900.0,1760.0,0,Data lovers
C00780,Constantine,Prepaid,49,29.2,627.0,39,0.31,6,3300.0,20980.0,0,Premium
C00781,Alger,Prepaid,22,5.1,78.0,10,0.28,1,200.0,190.0,0,Low spenders
C00782,Constantine,Prepaid,33,5.1,722.0,71,0.17,4,550.0,2040.0,0,Talkers
C00783,Tlemcen,Prepaid,10,26.8,105.0,47,0.49,4,300.0,1140.0,0,Students
C00784,Ouargla,Prepaid,0,2.5,39.0,20,0.11,0,150.0,0.0,0,Low spenders
C00785,Batna,Prepaid,17,15.2,119.0,52,0.64,2,550.0,990.0,0,Students
C00786,Constantine,Prepaid,35,5.7,106.0,23,0.15,1,100.0,110.0,0,Low spenders
C00787,Constantine,Prepaid,47,30.3,477.0,44,0.28,6,2950.0,17380.0,1,Premium
C00788,Tizi Ouzou,Postpaid,33,25.2,98.0,0,0.48,5,950.0,5120.0,0,Data lovers
C00789,Constantine,Prepaid,21,6.4,94.0,6,0.27,1,300.0,290.0,0,Low spenders
C00790,Oran,Prepaid,25,6.9,517.0,79,0.17,4,600.0,2620.0,0,Talkers
C00791,Alger,Prepaid,38,1.3,0.0,23,0.36,1,50.0,50.0,0,Low spenders
C00792,Tlemcen,Prepaid,17,2.8,688.0,61,0.14,3,550.0,1510.0,1,Talkers
C00793,Alger,Prepaid,15,12.3,123.0,36,0.62,2,400.0,830.0,0,Students
C00794,Setif,Prepaid,42,14.3,21.0,17,0.58,5,750.0,3890.0,0,Data lovers
C00795,Batna,Prepaid,12,9.3,143.0,20,0.62,4,250.0,1000.0,0,Students
C00796,Alger,Prepaid,27,2.6,576.0,55,0.12,2,550.0,1150.0,0,Talkers
C00797,Ouargla,Prepaid,19,29.2,117.0,17,0.51,5,1000.0,4730.0,0,Data lovers
C00798,Tlemcen,Postpaid,28,1.8,124.0,19,0.14,0,100.0,0.0,0,Low spenders
C00799,Annaba,Prepaid,13,17.0,65.0,48,0.56,4,350.0,1270.0,0,Students
C00800,Annaba,Prepaid,23,35.3,111.0,22,0.32,5,1000.0,4750.0,0,Data lovers
C00801,Constantine,Prepaid,19,4.4,135.0,19,0.18,1,250.0,240.0,0,Low spenders
C00802,Batna,Prepaid,62,3.8,522.0,55,0.09,4,400.0,1620.0,0,Talkers
C00803,Annaba,Prepaid,14,3.7,100.0,23,0.42,2,150.0,320.0,0,Low spenders
C00804,Tlemcen,Prepaid,14,7.4,620.0,50,0.15,3,800.0,2490.0,0,Talkers
C00805,Constantine,Prepaid,18,0.5,75.0,16,0.21,1,200.0,190.0,0,Low spenders
C00806,Tlemcen,Prepaid,27,45.9,603.0,36,0.26,6,3050.0,16970.0,0,Premium
C00807,Ouargla,Prepaid,39,1.7,93.0,20,0.31,2,200.0,380.0,0,Low spenders
C00808,Batna,Prepaid,19,15.2,134.0,62,0.47,4,500.0,1910.0,0,Students
C00809,Blida,Prepaid,11,28.8,58.0,0,0.46,5,1400.0,6910.0,0,Data lovers
C00810,Alger,Prepaid,2,27.6,235.0,51,0.66,3,400.0,1300.0,0,Students
C00811,Ouargla,Postpaid,13,35.0,59.0,25,0.25,3,1400.0,3850.0,0,Data lovers
C00812,Oran,Prepaid,50,15.2,458.0,35,0.16,3,700.0,2220.0,0,Talkers
C00813,Tizi Ouzou,Prepaid,39,33.1,94.0,34,0.38,4,1000.0,4030.0,0,Data lovers
C00814,Ouargla,Prepaid,45,1.6,851.0,80,0.12,1,600.0,550.0,0,Talkers
C00815,Tizi Ouzou,Postpaid,39,5.0,41.0,10,0.24,1,250.0,260.0,0,Low spenders
C00816,Oran,Prepaid,16,1.9,80.0,15,0.21,1,400.0,420.0,0,Low spenders
C00817,Blida,Prepaid,41,5.3,0.0,17,0.1,0,250.0,0.0,0,Low spenders
C00818,Tlemcen,Prepaid,68,59.7,573.0,50,0.25,4,3450.0,12760.0,0,Premium
C00819,Annaba,Prepaid,8,24.6,101.0,39,0.49,5,350.0,1750.0,0,Students
C00820,Alger,Prepaid,49,2.4,102.0,8,0.18,0,200.0,0.0,0,Low spenders
C00821,Ouargla,Postpaid,11,35.8,95.0,27,0.33,5,700.0,3670.0,0,Data lovers
C00822,Alger,Prepaid,13,24.9,156.0,47,0.5,3,450.0,1480.0,0,Students
C00823,Tlemcen,Postpaid,20,2.6,31.0,24,0.26,1,150.0,140.0,0,Low spenders
C00824,Tlemcen,Prepaid,14,18.5,196.0,81,0.45,2,350.0,710.0,0,Students
C00825,Ouargla,Prepaid,36,3.6,25.0,0,0.22,1,150.0,160.0,0,Low spenders
C00826,Tizi Ouzou,Prepaid,32,4.5,394.0,76,0.13,3,600.0,1790.0,0,Talkers
C00827,Tlemcen,Prepaid,36,15.2,155.0,31,0.42,3,700.0,2000.0,1,Data lovers
C00828,Tizi Ouzou,Prepaid,56,33.8,102.0,25,0.33,3,750.0,2220.0,0,Data lovers
C00829,Tlemcen,Prepaid,37,37.7,344.0,44,0.21,5,2050.0,9820.0,1,Premium
C00830,Alger,Postpaid,63,33.7,567.0,71,0.28,5,2350.0,12490.0,1,Premium
C00831,Ouargla,Prepaid,17,22.7,241.0,71,0.53,4,400.0,1500.0,0,Students
C00832,Setif,Postpaid,29,7.0,475.0,40,0.09,3,600.0,1870.0,0,Talkers
C00833,Ouargla,Prepaid,52,41.0,133.0,12,0.44,4,850.0,3550.0,0,Data lovers
C00834,Alger,Prepaid,3,13.0,35.0,50,0.37,2,250.0,510.0,0,Students
C00835,Batna,Postpaid,12,2.2,134.0,22,0.29,0,150.0,0.0,0,Low spenders
C00836,Tlemcen,Prepaid,33,15.2,34.0,1,0.08,0,200.0,0.0,0,Low spenders
C00837,Blida,Prepaid,14,23.9,181.0,52,0.5,3,300.0,840.0,0,Students
C00838,Batna,Prepaid,25,28.4,71.0,21,0.46,4,850.0,3660.0,0,Data lovers
C00839,Batna,Prepaid,35,3.3,88.0,38,0.26,1,300.0,280.0,0,Low spenders
C00840,Oran,Postpaid,30,0.8,39.0,18,0.17,1,200.0,180.0,0,Low spenders
C00841,Ouargla,Prepaid,12,20.5,165.0,54,0.62,3,500.0,1400.0,0,Students
C00842,Alger,Prepaid,38,41.9,137.0,30,0.32,5,1250.0,6820.0,0,Data lovers
C00843,Annaba,Prepaid,37,2.1,706.0,53,0.13,2,600.0,1260.0,0,Talkers
C00844,Constantine,Postpaid,18,11.6,123.0,28,0.48,3,1050.0,3440.0,0,Data lovers
C00845,Oran,Prepaid,33,32.4,66.0,18,0.54,5,1050.0,5200.0,0,Data lovers
C00846,Blida,Prepaid,18,36.5,167.0,5,0.43,3,300.0,940.0,0,Students
C00847,Blida,Prepaid,74,6.1,435.0,46,0.09,5,400.0,2170.0,0,Talkers
C00848,Alger,Prepaid,0,17.1,32.0,20,0.53,5,400.0,2140.0,0,Students
C00849,Tizi Ouzou,Postpaid,16,25.4,139.0,20,0.64,4,400.0,1610.0,0,Students
C00850,Batna,Prepaid,7,19.7,140.0,59,0.53,4,450.0,1950.0,0,Students
C00851,Annaba,Prepaid,27,4.4,471.0,68,0.09,3,750.0,2410.0,0,Talkers
C00852,Oran,Prepaid,9,39.9,66.0,14,0.44,4,1050.0,4240.0,0,Data lovers
C00853,Tizi Ouzou,Postpaid,9,2.7,761.0,52,0.23,2,750.0,1610.0,0,Talkers
C00854,Ouargla,Prepaid,35,40.3,504.0,60,0.13,3,2400.0,7590.0,1,Premium
C00855,Constantine,Postpaid,17,3.5,89.0,23,0.32,1,300.0,320.0,0,Low spenders
C00856,Tlemcen,Prepaid,23,20.4,124.0,40,0.35,5,850.0,4420.0,0,Data lovers
C00857,Setif,Postpaid,49,5.0,478.0,65,0.12,3,1000.0,3230.0,0,Talkers
C00858,Oran,Prepaid,4,32.3,34.0,16,0.43,2,1200.0,2400.0,0,Data lovers
C00859,Blida,Prepaid,1,14.1,168.0,26,0.54,5,350.0,1820.0,0,Students
C00860,Alger,Prepaid,15,3.7,67.0,32,0.23,1,150.0,140.0,0,Low spenders
C00861,Tlemcen,Prepaid,15,2.2,78.0,8,0.14,1,150.0,160.0,0,Low spenders
C00862,Batna,Postpaid,9,3.7,82.0,23,0.29,1,100.0,110.0,0,Low spenders
C00863,Alger,Prepaid,34,0.0,67.0,0,0.0,0,200.0,0.0,0,Low spenders
C00864,Blida,Prepaid,21,26.5,217.0,50,0.46,4,250.0,1030.0,0,Students
C00865,Batna,Prepaid,47,30.7,510.0,65,0.29,5,2200.0,12080.0,0,Premium
C00866,Ouargla,Prepaid,45,5.4,64.0,13,0.03,1,200.0,190.0,0,Low spenders
C00867,Batna,Prepaid,31,24.7,109.0,29,0.36,5,750.0,3420.0,0,Data lovers
C00868,Blida,Postpaid,47,2.4,103.0,9,0.26,2,100.0,200.0,0,Low spenders
C00869,Tizi Ouzou,Prepaid,36,5.2,624.0,54,0.12,4,450.0,1910.0,0,Talkers
C00870,Oran,Prepaid,0,21.7,84.0,0,0.56,3,400.0,1190.0,0,Students
C00871,Blida,Prepaid,38,7.2,587.0,53,0.14,1,500.0,540.0,0,Talkers
C00872,Tizi Ouzou,Postpaid,39,37.6,21.0,28,0.56,3,800.0,2330.0,0,Data lovers
C00873,Alger,Prepaid,46,50.8,141.0,26,0.48,3,1100.0,3610.0,0,Data lovers
C00874,Blida,Postpaid,15,14.2,100.0,57,0.61,3,350.0,1070.0,0,Students
C00875,Batna,Prepaid,24,1.3,111.0,0,0.04,2,250.0,510.0,0,Low spenders
C00876,Annaba,Prepaid,23,3.4,43.0,17,0.28,1,200.0,200.0,0,Low spenders
C00877,Oran,Prepaid,36,3.8,134.0,31,0.17,1,300.0,290.0,0,Low spenders
C00878,Tizi Ouzou,Prepaid,25,26.0,151.0,30,0.39,4,750.0,2870.0,1,Data lovers
C00879,Oran,Prepaid,35,4.8,124.0,49,0.1,3,700.0,1930.0,0,Talkers
C00880,Batna,Postpaid,36,39.6,96.0,3,0.45,6,1000.0,6590.0,0,Data lovers
C00881,Tizi Ouzou,Prepaid,40,6.7,822.0,75,0.22,3,600.0,1870.0,0,Talkers
C00882,Alger,Prepaid,41,7.2,444.0,64,0.06,5,450.0,2280.0,0,Talkers
C00883,Setif,Prepaid,22,3.8,94.0,17,0.05,2,0.0,0.0,0,Low spenders
C00884,Constantine,Prepaid,35,0.0,87.0,0,0.18,1,150.0,160.0,0,Low spenders
C00885,Batna,Prepaid,15,28.6,0.0,0,0.46,4,750.0,2890.0,1,Data lovers
C00886,Setif,Prepaid,23,3.7,589.0,91,0.17,3,600.0,1760.0,0,Talkers
C00887,Alger,Prepaid,20,10.9,64.0,45,0.59,2,450.0,960.0,0,Students
C00888,Ouargla,Postpaid,50,50.2,124.0,22,0.3,5,2700.0,13260.0,0,Premium
C00889,Alger,Prepaid,0,28.7,96.0,16,0.23,6,750.0,4920.0,0,Data lovers
C00890,Oran,Prepaid,19,19.7,177.0,24,0.55,2,550.0,1010.0,0,Students
C00891,Tlemcen,Prepaid,41,1.4,117.0,30,0.32,1,150.0,160.0,0,Low spenders
C00892,Alger,Prepaid,3,17.1,88.0,17,0.67,3,500.0,1420.0,0,Students
C00893,Oran,Prepaid,23,2.8,33.0,14,0.09,1,150.0,160.0,0,Low spenders
C00894,Setif,Prepaid,28,0.7,147.0,15,0.38,1,300.0,310.0,0,Low spenders
C00895,Annaba,Prepaid,0,10.2,132.0,18,0.56,4,250.0,970.0,0,Students
C00896,Ouargla,Prepaid,13,3.1,156.0,12,0.24,1,100.0,100.0,0,Low spenders
C00897,Tlemcen,Prepaid,37,5.3,633.0,61,0.26,2,950.0,1730.0,0,Talkers
C00898,Tizi Ouzou,Prepaid,18,5.2,100.0,0,0.19,0,200.0,0.0,0,Low spenders
C00899,Constantine,Prepaid,55,3.2,59.0,28,0.27,1,150.0,140.0,0,Low spenders
C00900,Constantine,Prepaid,27,4.4,65.0,21,0.32,1,200.0,190.0,0,Low spenders
C00901,Ouargla,Postpaid,41,15.2,157.0,19,0.49,5,950.0,4880.0,0,Data lovers
C00902,Tizi Ouzou,Postpaid,21,1.2,28.0,8,0.25,1,200.0,190.0,0,Low spenders
C00903,Constantine,Prepaid,0,14.8,173.0,45,0.36,2,450.0,910.0,0,Students
C00904,Setif,Prepaid,15,3.9,172.0,18,0.32,1,100.0,90.0,0,Low spenders
C00905,Ouargla,Prepaid,2,18.8,131.0,53,0.44,3,400.0,1140.0,0,Students
C00906,Blida,Prepaid,41,27.5,105.0,11,0.11,3,550.0,1720.0,0,Data lovers
C00907,Tlemcen,Prepaid,10,5.7,151.0,25,0.19,2,200.0,390.0,0,Low spenders
C00908,Tizi Ouzou,Postpaid,25,25.4,115.0,14,0.44,3,1150.0,3280.0,0,Data lovers
C00909,Setif,Prepaid,22,0.0,0.0,0,0.14,2,350.0,680.0,0,Low spenders
C00910,Constantine,Prepaid,9,22.2,108.0,26,0.62,4,350.0,1350.0,0,Students
C00911,Blida,Prepaid,39,27.3,75.0,27,0.3,5,900.0,4500.0,0,Data lovers
C00912,Batna,Prepaid,28,5.6,857.0,69,0.08,3,550.0,1590.0,0,Talkers
C00913,Tlemcen,Prepaid,25,0.9,124.0,23,0.0,1,200.0,200.0,0,Low spenders
C00914,Annaba,Prepaid,43,2.9,729.0,78,0.04,2,900.0,1810.0,0,Talkers
C00915,Ouargla,Prepaid,46,41.5,246.0,85,0.28,5,2450.0,12700.0,1,Premium
C00916,Tlemcen,Prepaid,6,5.3,139.0,29,0.24,1,50.0,50.0,0,Low spenders
C00917,Tizi Ouzou,Prepaid,72,15.2,594.0,63,0.26,7,2600.0,16610.0,1,Premium
C00918,Tlemcen,Prepaid,8,22.6,105.0,20,0.43,3,450.0,1420.0,0,Students
C00919,Constantine,Prepaid,2,22.8,122.0,41,0.41,3,250.0,720.0,0,Students
C00920,Tizi Ouzou,Prepaid,17,25.8,143.0,25,0.5,3,1100.0,2970.0,0,Data lovers
C00921,Tizi Ouzou,Prepaid,12,11.5,93.0,10,0.47,4,350.0,1380.0,0,Students
C00922,Setif,Prepaid,39,4.5,742.0,67,0.22,4,800.0,3340.0,0,Talkers
C00923,Constantine,Prepaid,42,4.2,733.0,62,0.15,1,900.0,890.0,0,Talkers
C00924,Constantine,Prepaid,48,35.7,71.0,24,0.43,5,950.0,4310.0,0,Data lovers
C00925,Alger,Prepaid,13,16.7,53.0,40,0.43,3,400.0,1160.0,0,Students
C00926,Alger,Prepaid,45,15.2,592.0,18,0.26,6,2600.0,15700.0,1,Premium
C00927,Oran,Postpaid,59,52.7,214.0,49,0.26,4,2350.0,8700.0,1,Premium
C00928,Tizi Ouzou,Prepaid,9,16.3,195.0,72,0.64,3,500.0,1570.0,0,Students
C00929,Tizi Ouzou,Prepaid,25,42.4,103.0,8,0.32,3,950.0,3010.0,0,Data lovers
C00930,Constantine,Prepaid,28,4.6,507.0,47,0.16,2,800.0,1580.0,0,Talkers
C00931,Tlemcen,Prepaid,35,25.1,134.0,16,0.4,5,1150.0,5900.0,0,Data lovers
C00932,Oran,Postpaid,12,5.9,80.0,62,0.44,2,350.0,660.0,0,Students
C00933,Alger,Prepaid,25,4.1,588.0,61,0.11,4,650.0,2690.0,0,Talkers
C00934,Setif,Postpaid,2,28.3,109.0,22,0.43,4,900.0,3650.0,0,Data lovers
C00935,Oran,Prepaid,15,7.4,657.0,55,0.08,3,350.0,1020.0,0,Talkers
C00936,Blida,Prepaid,34,9.6,76.0,31,0.49,4,600.0,2270.0,0,Data lovers
C00937,Setif,Prepaid,14,27.4,50.0,29,0.55,2,350.0,700.0,0,Students
C00938,Blida,Prepaid,4,5.1,34.0,8,0.12,1,50.0,50.0,0,Low spenders
C00939,Constantine,Prepaid,12,24.0,116.0,28,0.33,5,550.0,2590.0,0,Data lovers
C00940,Annaba,Postpaid,25,20.6,90.0,21,0.53,2,200.0,420.0,0,Students
C00941,Ouargla,Postpaid,12,2.9,37.0,0,0.23,1,300.0,290.0,0,Low spenders
C00942,Tizi Ouzou,Prepaid,29,17.9,176.0,32,0.33,2,400.0,870.0,0,Students
C00943,Blida,Prepaid,11,19.8,223.0,39,0.3,4,250.0,990.0,0,Students
C00944,Annaba,Prepaid,3,3.9,599.0,69,0.08,4,500.0,2170.0,0,Talkers
C00945,Setif,Prepaid,42,5.0,708.0,48,0.17,2,850.0,1790.0,0,Talkers
C00946,Ouargla,Postpaid,62,7.2,674.0,81,0.23,2,450.0,920.0,0,Talkers
C00947,Ouargla,Prepaid,19,0.0,600.0,65,0.16,3,600.0,1680.0,0,Talkers
C00948,Alger,Prepaid,47,6.6,486.0,82,0.07,3,850.0,2740.0,0,Talkers
C00949,Tizi Ouzou,Postpaid,33,36.8,58.0,1,0.33,4,1050.0,4610.0,0,Data lovers
C00950,Batna,Prepaid,21,15.2,72.0,20,0.21,1,150.0,160.0,0,Low spenders
C00951,Oran,Postpaid,9,2.6,69.0,18,0.09,1,250.0,240.0,0,Low spenders
C00952,Ouargla,Prepaid,30,29.2,153.0,25,0.63,4,500.0,2130.0,0,Students
C00953,Tlemcen,Prepaid,46,31.3,65.0,13,0.51,6,900.0,4860.0,0,Data lovers
C00954,Ouargla,Prepaid,59,15.2,459.0,82,0.25,5,2250.0,11000.0,0,Premium
C00955,Constantine,Prepaid,22,41.2,130.0,26,0.39,3,1100.0,3020.0,0,Data lovers
C00956,Batna,Prepaid,29,32.8,148.0,22,0.36,5,600.0,2990.0,0,Data lovers
C00957,Tlemcen,Prepaid,34,4.4,708.0,22,0.12,3,750.0,2440.0,0,Talkers
C00958,Oran,Postpaid,16,4.1,160.0,14,0.18,1,300.0,290.0,0,Low spenders
C00959,Blida,Prepaid,7,20.9,177.0,22,0.59,2,400.0,740.0,0,Students
C00960,Annaba,Postpaid,19,3.1,116.0,21,0.14,0,250.0,0.0,0,Low spenders
C00961,Batna,Prepaid,47,12.5,636.0,60,0.2,2,500.0,1080.0,0,Talkers
C00962,Tlemcen,Prepaid,23,26.3,124.0,48,0.26,5,1150.0,5480.0,0,Data lovers
C00963,Oran,Prepaid,45,32.7,454.0,59,0.14,4,2550.0,9770.0,1,Premium
C00964,Annaba,Prepaid,42,6.2,721.0,40,0.11,2,550.0,1130.0,0,Talkers
C00965,Constantine,Prepaid,45,47.7,589.0,53,0.21,6,2350.0,14540.0,0,Premium
C00966,Ouargla,Prepaid,4,21.2,102.0,39,0.51,3,400.0,1240.0,0,Students
C00967,Batna,Prepaid,34,21.6,64.0,14,0.63,4,1100.0,4560.0,0,Data lovers
C00968,Blida,Prepaid,50,2.3,124.0,59,0.14,4,800.0,3480.0,0,Talkers
C00969,Batna,Prepaid,41,2.7,712.0,86,0.27,3,700.0,1960.0,0,Talkers
C00970,Annaba,Prepaid,39,1.5,29.0,23,0.26,1,250.0,260.0,0,Low spenders
C00971,Constantine,Postpaid,70,2.6,576.0,87,0.08,3,400.0,1240.0,0,Talkers
C00972,Blida,Postpaid,22,26.9,124.0,10,0.41,4,1000.0,4150.0,0,Data lovers
C00973,Blida,Prepaid,14,45.2,91.0,0,0.37,4,1350.0,4950.0,0,Data lovers
C00974,Batna,Prepaid,45,3.0,826.0,95,0.17,3,400.0,1220.0,0,Talkers
C00975,Blida,Prepaid,13,2.5,131.0,22,0.13,1,400.0,410.0,0,Low spenders
C00976,Batna,Prepaid,0,2.4,58.0,0,0.16,1,250.0,240.0,0,Low spenders
C00977,Tlemcen,Prepaid,29,0.9,83.0,9,0.27,1,300.0,290.0,0,Low spenders
C00978,Ouargla,Prepaid,45,3.1,653.0,30,0.11,2,450.0,980.0,0,Talkers
C00979,Annaba,Prepaid,53,43.6,499.0,58,0.21,4,2150.0,8960.0,0,Premium
C00980,Tizi Ouzou,Prepaid,45,46.4,452.0,39,0.2,3,2250.0,6110.0,0,Premium
C00981,Alger,Prepaid,16,34.8,38.0,10,0.39,5,1150.0,5310.0,0,Data lovers
C00982,Batna,Postpaid,43,40.1,134.0,12,0.48,5,1000.0,4680.0,0,Data lovers
C00983,Constantine,Prepaid,12,15.2,126.0,31,0.41,3,500.0,1470.0,0,Students
C00984,Tizi Ouzou,Prepaid,0,2.4,119.0,0,0.02,1,150.0,160.0,0,Low spenders
C00985,Setif,Prepaid,36,2.0,89.0,0,0.24,1,300.0,310.0,0,Low spenders
C00986,Ouargla,Prepaid,45,0.0,358.0,67,0.22,2,500.0,900.0,0,Talkers
C00987,Alger,Prepaid,3,15.2,92.0,12,0.23,1,200.0,180.0,0,Low spenders
C00988,Tlemcen,Prepaid,33,31.4,98.0,14,0.46,3,1200.0,3670.0,0,Data lovers
C00989,Tizi Ouzou,Prepaid,0,24.2,111.0,64,0.53,3,500.0,1520.0,1,Students
C00990,Tizi Ouzou,Prepaid,5,20.7,207.0,50,0.67,2,400.0,830.0,0,Students
C00991,Alger,Prepaid,58,31.5,128.0,18,0.45,5,950.0,4450.0,0,Data lovers
C00992,Blida,Postpaid,33,2.8,510.0,25,0.15,4,600.0,2310.0,0,Talkers
C00993,Tlemcen,Prepaid,10,11.9,61.0,40,0.49,1,350.0,320.0,0,Students
C00994,Batna,Prepaid,25,7.0,10.0,19,0.17,2,100.0,200.0,0,Low spenders
C00995,Annaba,Prepaid,0,23.1,102.0,37,0.6,2,500.0,980.0,0,Students
C00996,Batna,Prepaid,21,15.6,40.0,37,0.54,3,350.0,1090.0,0,Students
C00997,Blida,Prepaid,14,2.2,107.0,17,0.28,2,150.0,320.0,0,Low spenders
C00998,Tlemcen,Prepaid,0,3.4,71.0,39,0.11,2,200.0,410.0,0,Low spenders
C00999,Oran,Prepaid,31,4.3,112.0,23,0.23,0,250.0,0.0,0,Low spenders
C01000,Alger,Prepaid,24,4.8,636.0,71,0.11,3,900.0,2660.0,0,Talkers
C01001,Tizi Ouzou,Prepaid,11,12.1,90.0,45,0.44,2,300.0,610.0,1,Students
C01002,Alger,Prepaid,7,21.6,94.0,49,0.57,3,350.0,1030.0,0,Students
C01003,Constantine,Prepaid,44,36.6,114.0,34,0.43,5,1200.0,6120.0,0,Data lovers
C01004,Tizi Ouzou,Prepaid,16,49.4,540.0,64,0.34,4,2550.0,10660.0,0,Premium
C01005,Blida,Prepaid,11,11.3,29.0,27,0.54,1,400.0,440.0,0,Students
C01006,Setif,Prepaid,11,15.2,126.0,11,0.06,2,200.0,380.0,0,Low spenders
C01007,Constantine,Prepaid,18,23.7,92.0,47,0.53,2,550.0,1040.0,0,Students
C01008,Constantine,Postpaid,6,17.8,3.0,29,0.41,2,350.0,760.0,0,Students
C01009,Annaba,Prepaid,32,2.5,47.0,22,0.1,0,200.0,0.0,0,Low spenders
C01010,Blida,Postpaid,30,2.6,162.0,12,0.12,1,200.0,200.0,0,Low spenders
C01011,Ouargla,Postpaid,39,39.1,561.0,43,0.24,5,2600.0,13510.0,0,Premium
C01012,Oran,Prepaid,28,4.0,492.0,73,0.18,3,700.0,2080.0,0,Talkers
C01013,Oran,Prepaid,62,42.1,669.0,36,0.31,5,2250.0,12020.0,0,Premium
C01014,Alger,Prepaid,52,59.7,528.0,30,0.08,5,2600.0,12660.0,1,Premium
C01015,Batna,Prepaid,26,6.0,483.0,55,0.11,4,450.0,1800.0,0,Talkers
C01016,Tizi Ouzou,Prepaid,16,4.5,28.0,0,0.11,1,250.0,270.0,0,Low spenders
C01017,Blida,Prepaid,26,28.2,80.0,6,0.41,3,950.0,3000.0,0,Data lovers
C01018,Batna,Postpaid,15,13.4,151.0,33,0.41,3,400.0,1120.0,0,Students
C01019,Blida,Prepaid,0,2.9,33.0,0,0.07,1,200.0,200.0,0,Low spenders
C01020,Blida,Prepaid,20,27.8,67.0,54,0.68,3,550.0,1700.0,0,Students
C01021,Batna,Prepaid,17,22.3,132.0,17,0.57,2,300.0,550.0,0,Students
C01022,Alger,Prepaid,7,19.1,142.0,59,0.54,3,550.0,1720.0,0,Students
C01023,Blida,Prepaid,43,39.4,90.0,32,0.4,4,800.0,3350.0,0,Data lovers
C01024,Ouargla,Prepaid,20,19.5,61.0,37,0.55,3,500.0,1390.0,0,Students
C01025,Tizi Ouzou,Prepaid,34,7.7,297.0,51,0.14,3,600.0,1810.0,0,Talkers
C01026,Batna,Prepaid,29,1.3,696.0,53,0.13,2,700.0,1410.0,0,Talkers
C01027,Alger,Postpaid,14,2.9,124.0,4,0.32,1,300.0,280.0,0,Low spenders
C01028,Tizi Ouzou,Prepaid,0,23.8,137.0,30,0.56,1,450.0,430.0,0,Students
C01029,Ouargla,Postpaid,11,22.4,146.0,42,0.48,4,350.0,1530.0,0,Students
C01030,Tizi Ouzou,Prepaid,49,6.6,479.0,57,0.12,1,500.0,500.0,0,Talkers
C01031,Tizi Ouzou,Prepaid,46,6.7,622.0,83,0.13,5,750.0,3780.0,0,Talkers
C01032,Tizi Ouzou,Postpaid,6,22.0,80.0,42,0.47,2,500.0,930.0,0,Students
C01033,Oran,Prepaid,19,3.7,44.0,20,0.1,0,150.0,0.0,0,Low spenders
C01034,Oran,Prepaid,7,1.1,55.0,10,0.16,0,100.0,0.0,0,Low spenders
C01035,Constantine,Prepaid,62,33.7,124.0,24,0.19,3,3250.0,9730.0,1,Premium
C01036,Tlemcen,Prepaid,67,40.6,394.0,20,0.29,5,2550.0,13510.0,0,Premium
C01037,Setif,Postpaid,42,30.5,134.0,19,0.35,3,700.0,2220.0,0,Data lovers
C01038,Oran,Prepaid,37,4.1,486.0,78,0.14,3,750.0,2330.0,0,Talkers
C01039,Constantine,Prepaid,48,3.7,607.0,48,0.14,3,800.0,2550.0,0,Talkers
C01040,Setif,Prepaid,56,21.3,77.0,0,0.37,5,550.0,2650.0,0,Data lovers
C01041,Alger,Prepaid,29,5.4,629.0,63,0.23,3,650.0,1850.0,0,Talkers
C01042,Tizi Ouzou,Prepaid,10,2.2,86.0,16,0.32,1,250.0,250.0,0,Low spenders
C01043,Tizi Ouzou,Prepaid,0,2.9,28.0,11,0.1,1,200.0,210.0,0,Low spenders
C01044,Alger,Prepaid,38,3.0,683.0,90,0.11,0,1000.0,0.0,0,Talkers
C01045,Tlemcen,Prepaid,12,38.6,140.0,35,0.52,5,850.0,4240.0,0,Data lovers
C01046,Setif,Prepaid,33,1.6,777.0,42,0.21,2,550.0,1210.0,0,Talkers
C01047,Alger,Prepaid,18,4.8,102.0,9,0.22,1,150.0,150.0,0,Low spenders
C01048,Constantine,Prepaid,20,39.5,120.0,37,0.45,4,900.0,3890.0,0,Data lovers
C01049,Tizi Ouzou,Prepaid,11,1.8,121.0,5,0.11,1,150.0,150.0,0,Low spenders
C01050,Alger,Prepaid,16,25.9,193.0,47,0.36,1,250.0,240.0,0,Students
C01051,Alger,Prepaid,36,10.6,639.0,65,0.24,3,500.0,1630.0,0,Talkers
C01052,Oran,Prepaid,50,3.7,526.0,40,0.16,3,700.0,2190.0,0,Talkers
C01053,Constantine,Prepaid,29,3.0,71.0,15,0.22,1,350.0,360.0,0,Low spenders
C01054,Oran,Prepaid,42,1.7,69.0,10,0.32,1,200.0,190.0,0,Low spenders
C01055,Tlemcen,Prepaid,20,15.2,30.0,26,0.19,1,350.0,340.0,0,Low spenders
C01056,Oran,Postpaid,16,1.4,90.0,34,0.27,1,250.0,260.0,0,Low spenders
C01057,Oran,Prepaid,13,30.5,43.0,46,0.42,2,300.0,610.0,0,Students
C01058,Tlemcen,Prepaid,18,6.0,32.0,11,0.2,1,250.0,260.0,0,Low spenders
C01059,Blida,Prepaid,30,4.8,762.0,65,0.11,2,350.0,710.0,0,Talkers
C01060,Ouargla,Postpaid,58,28.8,63.0,17,0.53,4,1000.0,3900.0,0,Data lovers
C01061,Alger,Postpaid,41,27.9,49.0,10,0.24,6,950.0,6200.0,0,Data lovers
C01062,Blida,Prepaid,49,37.1,94.0,18,0.24,3,1000.0,2820.0,0,Data lovers
C01063,Tlemcen,Prepaid,40,3.3,730.0,54,0.13,2,750.0,1400.0,0,Talkers
C01064,Constantine,Prepaid,35,32.1,75.0,30,0.25,4,750.0,3300.0,0,Data lovers
C01065,Setif,Prepaid,27,27.8,78.0,18,0.3,5,500.0,2430.0,0,Data lovers
C01066,Alger,Postpaid,5,18.6,140.0,44,0.67,2,450.0,920.0,0,Students
C01067,Ouargla,Prepaid,27,0.0,624.0,69,0.0,3,850.0,2330.0,0,Talkers
C01068,Batna,Prepaid,12,6.0,110.0,21,0.17,1,100.0,100.0,0,Low spenders
C01069,Setif,Prepaid,38,31.9,103.0,5,0.27,3,1350.0,3780.0,0,Data lovers
C01070,Alger,Prepaid,16,15.9,142.0,14,0.48,3,850.0,2600.0,0,Data lovers
C01071,Oran,Prepaid,19,0.7,90.0,7,0.21,2,200.0,400.0,0,Low spenders
C01072,Annaba,Prepaid,19,4.1,6.0,4,0.15,0,150.0,0.0,0,Low spenders
C01073,Tlemcen,Postpaid,54,42.6,570.0,21,0.26,5,2200.0,11160.0,1,Premium
C01074,Setif,Prepaid,32,32.9,29.0,22,0.51,3,800.0,2320.0,0,Data lovers
C01075,Batna,Postpaid,44,54.5,175.0,40,0.26,5,2000.0,10980.0,0,Premium
C01076,Annaba,Prepaid,36,0.0,579.0,82,0.12,3,700.0,1930.0,0,Talkers
C01077,Ouargla,Prepaid,0,44.4,70.0,1,0.47,3,1050.0,2870.0,0,Data lovers
C01078,Alger,Prepaid,36,20.9,149.0,0,0.19,5,650.0,2990.0,0,Data lovers
C01079,Blida,Prepaid,65,39.6,587.0,76,0.2,4,2450.0,9910.0,1,Premium
C01080,Constantine,Prepaid,33,4.9,167.0,5,0.28,1,150.0,140.0,0,Low spenders
C01081,Tlemcen,Postpaid,47,20.2,161.0,39,0.29,3,650.0,1940.0,0,Data lovers
C01082,Oran,Postpaid,59,26.1,570.0,73,0.27,5,2000.0,10120.0,0,Premium
C01083,Tlemcen,Prepaid,49,45.7,121.0,15,0.35,3,850.0,2800.0,0,Data lovers
C01084,Ouargla,Prepaid,24,22.9,113.0,30,0.47,4,900.0,3410.0,1,Data lovers
C01085,Ouargla,Prepaid,11,4.0,36.0,10,0.23,1,300.0,320.0,0,Low spenders
C01086,Tlemcen,Postpaid,22,22.0,140.0,39,0.54,3,500.0,1460.0,0,Students
C01087,Blida,Prepaid,41,20.2,139.0,2,0.3,3,250.0,740.0,0,Data lovers
C01088,Oran,Prepaid,39,32.5,127.0,27,0.42,3,1000.0,3140.0,0,Data lovers
C01089,Constantine,Prepaid,18,19.3,65.0,49,0.59,6,450.0,2880.0,0,Students
C01090,Ouargla,Prepaid,28,2.1,102.0,7,0.26,2,300.0,630.0,0,Low spenders
C01091,Tizi Ouzou,Prepaid,31,4.1,63.0,8,0.1,1,150.0,160.0,0,Low spenders
C01092,Oran,Postpaid,0,24.7,78.0,21,0.52,3,350.0,1070.0,0,Students
C01093,Batna,Prepaid,31,26.1,98.0,36,0.32,4,850.0,3120.0,0,Data lovers
C01094,Oran,Postpaid,60,44.9,364.0,19,0.2,6,1250.0,7780.0,0,Premium
C01095,Setif,Prepaid,18,24.0,180.0,34,0.52,2,350.0,730.0,0,Students
C01096,Batna,Prepaid,26,22.8,64.0,12,0.41,5,850.0,4110.0,0,Data lovers
C01097,Oran,Prepaid,21,7.0,107.0,13,0.49,3,1150.0,3540.0,0,Data lovers
C01098,Setif,Prepaid,32,20.8,183.0,32,0.25,4,950.0,3570.0,1,Data lovers
C01099,Constantine,Prepaid,31,18.3,118.0,22,0.65,4,1300.0,5180.0,0,Data lovers
C01100,Alger,Prepaid,37,53.4,597.0,48,0.39,5,2600.0,11880.0,0,Premium
C01101,Alger,Prepaid,17,33.9,130.0,17,0.31,5,850.0,4280.0,0,Data lovers
C01102,Tlemcen,Postpaid,61,2.2,540.0,89,0.18,4,400.0,1730.0,0,Talkers
C01103,Tizi Ouzou,Prepaid,40,21.8,466.0,33,0.31,5,2700.0,14640.0,0,Premium
C01104,Tizi Ouzou,Prepaid,52,6.8,501.0,21,0.2,1,600.0,650.0,0,Talkers
C01105,Tlemcen,Prepaid,52,39.8,92.0,42,0.53,4,1100.0,4610.0,0,Data lovers
C01106,Batna,Prepaid,11,5.0,783.0,49,0.19,3,450.0,1240.0,0,Talkers
C01107,Setif,Prepaid,14,31.5,29.0,16,0.62,2,450.0,930.0,0,Students
C01108,Batna,Prepaid,37,0.0,757.0,34,0.12,4,450.0,1880.0,0,Talkers
C01109,Tlemcen,Prepaid,29,35.8,454.0,52,0.29,6,1750.0,9860.0,0,Premium
C01110,Batna,Prepaid,30,34.6,54.0,12,0.65,5,150.0,690.0,0,Data lovers
C01111,Annaba,Prepaid,26,1.6,124.0,0,0.18,2,350.0,670.0,0,Low spenders
C01112,Alger,Prepaid,65,39.6,178.0,16,0.58,4,850.0,3100.0,0,Data lovers
C01113,Tizi Ouzou,Prepaid,28,28.3,153.0,40,0.5,3,700.0,2250.0,0,Data lovers
C01114,Constantine,Prepaid,51,21.8,84.0,0,0.37,3,900.0,2640.0,0,Data lovers
C01115,Constantine,Prepaid,43,2.5,57.0,9,0.1,0,150.0,0.0,0,Low spenders
C01116,Ouargla,Prepaid,26,1.9,21.0,24,0.13,1,200.0,180.0,0,Low spenders
C01117,Blida,Prepaid,36,24.4,157.0,10,0.24,5,900.0,4330.0,0,Data lovers
C01118,Ouargla,Prepaid,18,37.6,210.0,34,0.64,4,300.0,1110.0,0,Students
C01119,Alger,Prepaid,31,29.0,76.0,15,0.47,5,1250.0,6860.0,0,Data lovers
C01120,Tizi Ouzou,Prepaid,0,10.7,57.0,30,0.46,3,450.0,1290.0,0,Students
C01121,Batna,Postpaid,28,29.5,72.0,6,0.44,3,650.0,2120.0,0,Data lovers
C01122,Ouargla,Prepaid,18,3.5,51.0,24,0.11,0,150.0,0.0,0,Low spenders
C01123,Setif,Prepaid,29,3.2,526.0,46,0.16,5,400.0,1940.0,0,Talkers
C01124,Tizi Ouzou,Postpaid,31,39.9,124.0,17,0.32,2,1000.0,2100.0,0,Data lovers
C01125,Oran,Postpaid,11,1.7,45.0,17,0.21,2,200.0,410.0,0,Low spenders
C01126,Tlemcen,Prepaid,30,31.6,77.0,21,0.45,3,1000.0,2920.0,0,Data lovers
C01127,Constantine,Prepaid,83,36.0,604.0,29,0.25,7,1700.0,11660.0,0,Premium
C01128,Tlemcen,Postpaid,6,17.9,157.0,28,0.53,3,350.0,1030.0,0,Students
C01129,Constantine,Prepaid,17,12.7,134.0,27,0.6,2,250.0,490.0,0,Students
C01130,Oran,Prepaid,82,4.9,541.0,41,0.0,3,700.0,2160.0,0,Talkers
C01131,Tizi Ouzou,Prepaid,31,4.0,50.0,20,0.25,1,150.0,140.0,0,Low spenders
C01132,Constantine,Prepaid,9,23.7,237.0,20,0.4,4,250.0,1030.0,0,Students
C01133,Tizi Ouzou,Prepaid,58,35.6,134.0,25,0.38,5,1000.0,5490.0,0,Data lovers
C01134,Constantine,Prepaid,0,38.4,136.0,4,0.32,7,700.0,4520.0,1,Data lovers
C01135,Tizi Ouzou,Prepaid,33,5.3,612.0,70,0.2,3,550.0,1700.0,0,Talkers
C01136,Annaba,Prepaid,5,24.4,172.0,40,0.8,2,600.0,1160.0,0,Students
C01137,Alger,Postpaid,7,3.7,71.0,4,0.28,1,300.0,320.0,0,Low spenders
C01138,Oran,Prepaid,4,2.0,49.0,25,0.16,1,200.0,220.0,0,Low spenders
C01139,Blida,Prepaid,20,5.2,494.0,55,0.13,3,550.0,1600.0,0,Talkers
C01140,Ouargla,Postpaid,50,35.9,173.0,10,0.33,4,900.0,3520.0,0,Data lovers
C01141,Oran,Prepaid,49,59.7,419.0,24,0.22,4,2450.0,9150.0,0,Premium
C01142,Constantine,Postpaid,27,29.4,120.0,50,0.71,3,350.0,1000.0,0,Students
C01143,Tlemcen,Prepaid,67,22.2,100.0,18,0.26,5,800.0,4290.0,0,Data lovers
C01144,Oran,Prepaid,40,20.0,168.0,14,0.32,6,750.0,4890.0,0,Data lovers
C01145,Tizi Ouzou,Prepaid,40,3.6,25.0,24,0.25,1,100.0,100.0,0,Low spenders
C01146,Tlemcen,Prepaid,18,1.1,44.0,6,0.18,1,100.0,100.0,0,Low spenders
C01147,Setif,Prepaid,60,1.3,551.0,40,0.04,3,600.0,1710.0,0,Talkers
C01148,Tlemcen,Postpaid,26,4.3,147.0,6,0.36,0,100.0,0.0,0,Low spenders
C01149,Constantine,Postpaid,18,22.2,139.0,41,0.5,4,500.0,2170.0,0,Students
C01150,Setif,Prepaid,44,2.0,474.0,23,0.13,4,550.0,2240.0,0,Talkers
C01151,Oran,Prepaid,11,2.3,50.0,20,0.19,2,50.0,100.0,0,Low spenders
C01152,Tizi Ouzou,Prepaid,12,3.6,74.0,15,0.36,1,200.0,220.0,0,Low spenders
C01153,Constantine,Prepaid,35,0.3,100.0,33,0.23,1,200.0,220.0,0,Low spenders
C01154,Blida,Postpaid,18,18.1,97.0,40,0.53,2,500.0,910.0,0,Students
C01155,Batna,Prepaid,41,1.2,546.0,79,0.18,2,650.0,1390.0,0,Talkers
C01156,Batna,Prepaid,34,4.8,124.0,42,0.12,3,750.0,2350.0,0,Talkers
C01157,Annaba,Prepaid,52,3.7,614.0,68,0.23,4,600.0,2520.0,0,Talkers
C01158,Oran,Postpaid,23,28.9,82.0,49,0.7,4,300.0,1310.0,0,Students
C01159,Tlemcen,Prepaid,0,30.8,5.0,39,0.48,2,350.0,720.0,0,Students
C01160,Ouargla,Prepaid,6,15.4,169.0,46,0.49,4,350.0,1370.0,0,Students
C01161,Setif,Prepaid,1,17.8,216.0,45,0.54,3,450.0,1370.0,0,Students
C01162,Blida,Prepaid,28,1.5,38.0,34,0.3,0,200.0,0.0,0,Low spenders
C01163,Ouargla,Prepaid,47,3.1,697.0,30,0.27,3,700.0,2070.0,0,Talkers
C01164,Alger,Prepaid,33,2.4,86.0,0,0.15,1,200.0,190.0,0,Low spenders
C01165,Batna,Postpaid,64,54.1,485.0,78,0.23,4,2150.0,8170.0,0,Premium
C01166,Blida,Prepaid,3,17.6,90.0,62,0.74,3,550.0,1540.0,0,Students
C01167,Alger,Prepaid,54,9.0,633.0,69,0.11,1,800.0,820.0,0,Talkers
C01168,Batna,Prepaid,30,15.2,532.0,77,0.14,3,800.0,2600.0,0,Talkers
C01169,Constantine,Prepaid,5,15.8,88.0,28,0.41,3,500.0,1450.0,0,Data lovers
C01170,Annaba,Prepaid,37,48.0,643.0,34,0.28,4,2400.0,10300.0,1,Premium
C01171,Alger,Prepaid,42,1.3,503.0,41,0.21,3,200.0,540.0,0,Talkers
C01172,Ouargla,Prepaid,30,1.8,45.0,17,0.02,1,250.0,270.0,0,Low spenders
C01173,Annaba,Prepaid,18,15.2,52.0,37,0.42,3,700.0,2170.0,0,Data lovers
C01174,Tizi Ouzou,Prepaid,4,15.2,132.0,13,0.11,1,250.0,250.0,0,Low spenders
C01175,Oran,Prepaid,56,49.0,460.0,23,0.14,6,2200.0,14220.0,0,Premium
C01176,Batna,Postpaid,53,33.9,98.0,22,0.24,5,1200.0,5730.0,0,Data lovers
C01177,Blida,Prepaid,17,4.3,124.0,74,0.2,2,750.0,1420.0,0,Talkers
C01178,Batna,Prepaid,75,4.7,329.0,36,0.13,4,550.0,2140.0,0,Talkers
C01179,Oran,Prepaid,4,17.0,120.0,24,0.45,3,400.0,1130.0,0,Students
C01180,Batna,Postpaid,23,22.4,150.0,55,0.45,4,450.0,1630.0,0,Students
C01181,Tizi Ouzou,Prepaid,18,8.2,136.0,28,0.49,2,550.0,1050.0,0,Students
C01182,Alger,Prepaid,13,11.3,189.0,58,0.61,3,300.0,930.0,0,Students
C01183,Blida,Prepaid,62,52.4,311.0,38,0.21,5,1800.0,9780.0,0,Premium
C01184,Tlemcen,Prepaid,16,1.9,336.0,65,0.03,0,550.0,0.0,0,Talkers
C01185,Blida,Prepaid,24,0.7,106.0,0,0.29,1,150.0,150.0,0,Low spenders
C01186,Alger,Prepaid,31,3.8,138.0,15,0.12,0,150.0,0.0,0,Low spenders
C01187,Constantine,Prepaid,53,22.6,62.0,20,0.44,3,750.0,2210.0,0,Data lovers
C01188,Tizi Ouzou,Prepaid,10,3.1,96.0,17,0.25,0,300.0,0.0,0,Low spenders
C01189,Batna,Prepaid,29,20.4,38.0,39,0.55,3,450.0,1230.0,0,Students
C01190,Batna,Prepaid,10,19.6,183.0,18,0.42,3,350.0,1020.0,0,Students
C01191,Annaba,Prepaid,45,38.1,148.0,7,0.56,6,850.0,5580.0,1,Data lovers
C01192,Annaba,Prepaid,57,46.9,280.0,29,0.2,6,2750.0,15520.0,1,Premium
C01193,Tlemcen,Prepaid,53,6.2,544.0,69,0.15,2,400.0,760.0,0,Talkers
C01194,Tlemcen,Prepaid,20,59.7,198.0,45,0.5,1,250.0,230.0,0,Students
C01195,Setif,Prepaid,15,4.3,94.0,25,0.21,0,0.0,0.0,0,Low spenders
C01196,Tizi Ouzou,Prepaid,0,0.2,73.0,16,0.18,1,150.0,140.0,0,Low spenders
C01197,Tizi Ouzou,Prepaid,37,21.3,142.0,13,0.44,3,850.0,2700.0,0,Data lovers
C01198,Blida,Prepaid,49,3.2,391.0,63,0.12,2,500.0,1070.0,0,Talkers
C01199,Blida,Prepaid,20,26.3,497.0,39,0.23,6,3150.0,19860.0,0,Premium
C01200,Batna,Prepaid,31,4.9,384.0,67,0.21,3,700.0,1910.0,0,Talkers
C01201,Blida,Postpaid,35,48.9,168.0,19,0.4,4,950.0,3440.0,0,Data lovers
C01202,Tizi Ouzou,Postpaid,60,1.8,382.0,70,0.13,3,450.0,1230.0,0,Talkers
C01203,Tizi Ouzou,Prepaid,35,3.1,127.0,27,0.25,1,200.0,180.0,0,Low spenders
C01204,Setif,Postpaid,60,28.5,105.0,19,0.36,5,950.0,4820.0,0,Data lovers
C01205,Ouargla,Prepaid,44,2.7,105.0,21,0.14,0,300.0,0.0,0,Low spenders
C01206,Oran,Prepaid,46,30.7,135.0,19,0.62,3,750.0,2230.0,0,Data lovers
C01207,Tlemcen,Prepaid,44,6.6,404.0,37,0.22,3,850.0,2590.0,0,Talkers
C01208,Blida,Prepaid,30,31.0,71.0,17,0.24,3,650.0,1960.0,0,Data lovers
C01209,Constantine,Prepaid,9,21.0,115.0,28,0.27,4,1050.0,4060.0,0,Data lovers
C01210,Constantine,Prepaid,22,5.1,35.0,15,0.22,0,250.0,0.0,0,Low spenders
C01211,Batna,Prepaid,25,4.5,89.0,20,0.19,1,300.0,300.0,0,Low spenders
C01212,Oran,Prepaid,41,4.1,525.0,69,0.26,3,800.0,2180.0,0,Talkers
C01213,Annaba,Prepaid,49,29.9,509.0,62,0.31,5,2950.0,15380.0,1,Premium
C01214,Annaba,Prepaid,0,15.3,107.0,14,0.56,2,450.0,950.0,0,Students
C01215,Oran,Prepaid,4,16.8,183.0,45,0.42,2,400.0,860.0,0,Students
C01216,Batna,Prepaid,21,32.8,512.0,42,0.19,7,2350.0,15550.0,0,Premium
C01217,Annaba,Prepaid,46,1.1,620.0,79,0.06,2,200.0,370.0,0,Talkers
C01218,Oran,Prepaid,25,2.8,46.0,20,0.24,1,350.0,350.0,0,Low spenders
C01219,Tlemcen,Prepaid,31,21.9,163.0,37,0.43,4,1050.0,4330.0,0,Data lovers
C01220,Batna,Prepaid,65,44.4,591.0,56,0.31,6,2100.0,12060.0,1,Premium
C01221,Alger,Prepaid,67,59.0,397.0,36,0.21,6,2850.0,18270.0,1,Premium
C01222,Setif,Prepaid,33,2.0,70.0,33,0.25,1,150.0,140.0,0,Low spenders
C01223,Tizi Ouzou,Prepaid,66,40.0,334.0,70,0.27,8,1900.0,15920.0,0,Premium
C01224,Oran,Prepaid,47,4.9,625.0,95,0.18,3,750.0,2110.0,1,Talkers
C01225,Tizi Ouzou,Prepaid,66,25.7,61.0,22,0.48,6,600.0,3940.0,1,Data lovers
C01226,Blida,Prepaid,39,2.1,403.0,85,0.2,2,200.0,390.0,0,Talkers
C01227,Setif,Prepaid,59,57.0,394.0,77,0.31,5,2250.0,11510.0,0,Premium
C01228,Batna,Prepaid,27,4.1,75.0,27,0.16,1,150.0,160.0,0,Low spenders
C01229,Oran,Prepaid,15,2.7,112.0,13,0.17,1,200.0,200.0,0,Low spenders
C01230,Setif,Postpaid,27,3.2,561.0,65,0.14,3,750.0,2400.0,0,Talkers
C01231,Tlemcen,Postpaid,40,45.5,54.0,15,0.38,3,700.0,2180.0,0,Data lovers
C01232,Annaba,Prepaid,45,8.9,686.0,59,0.14,2,550.0,1030.0,0,Talkers
C01233,Batna,Prepaid,15,35.1,119.0,10,0.57,2,850.0,1680.0,0,Data lovers
C01234,Batna,Prepaid,35,4.9,250.0,47,0.13,2,600.0,1160.0,0,Talkers
C01235,Tlemcen,Prepaid,5,16.4,66.0,31,0.5,4,400.0,1690.0,0,Students
C01236,Blida,Prepaid,29,3.7,52.0,15,0.36,1,150.0,140.0,0,Low spenders
C01237,Oran,Prepaid,4,31.4,95.0,22,0.41,3,650.0,1990.0,0,Data lovers
C01238,Ouargla,Prepaid,45,46.9,391.0,29,0.14,5,2900.0,14610.0,0,Premium
C01239,Alger,Prepaid,14,24.7,54.0,18,0.48,4,750.0,3070.0,0,Data lovers
C01240,Batna,Prepaid,20,39.7,54.0,17,0.24,5,950.0,4920.0,0,Data lovers
C01241,Alger,Prepaid,9,11.6,144.0,34,0.74,5,350.0,1670.0,0,Students
C01242,Batna,Prepaid,38,27.7,79.0,31,0.4,5,1300.0,7000.0,0,Data lovers
C01243,Oran,Prepaid,0,26.9,199.0,24,0.38,3,300.0,860.0,0,Students
C01244,Tlemcen,Prepaid,61,4.7,355.0,65,0.04,4,550.0,2080.0,0,Talkers
C01245,Blida,Postpaid,43,3.3,59.0,12,0.2,1,200.0,200.0,0,Low spenders
C01246,Batna,Prepaid,11,25.1,196.0,56,0.47,4,550.0,2230.0,0,Students
C01247,Tlemcen,Prepaid,20,0.5,51.0,1,0.35,1,150.0,150.0,0,Low spenders
C01248,Annaba,Prepaid,39,3.2,75.0,11,0.15,1,200.0,200.0,0,Low spenders
C01249,Tlemcen,Prepaid,16,16.9,183.0,51,0.65,5,350.0,1870.0,0,Students
C01250,Oran,Prepaid,10,18.4,124.0,27,0.55,4,400.0,1720.0,0,Students
C01251,Batna,Postpaid,18,22.4,39.0,47,0.33,3,450.0,1430.0,0,Students
C01252,Tizi Ouzou,Prepaid,18,1.6,107.0,2,0.32,1,300.0,270.0,0,Low spenders
C01253,Oran,Postpaid,30,29.2,161.0,2,0.36,2,1150.0,2140.0,0,Data lovers
C01254,Setif,Prepaid,53,30.3,124.0,34,0.37,5,650.0,3570.0,0,Data lovers
C01255,Tlemcen,Prepaid,30,9.4,396.0,62,0.24,4,850.0,3480.0,0,Talkers
C01256,Tlemcen,Prepaid,8,14.3,143.0,20,0.52,3,250.0,780.0,0,Students
C01257,Alger,Prepaid,2,12.1,110.0,63,0.42,3,450.0,1360.0,0,Students
C01258,Tlemcen,Prepaid,29,2.4,118.0,0,0.29,1,150.0,160.0,0,Low spenders
C01259,Ouargla,Prepaid,0,22.0,169.0,30,0.51,3,350.0,1150.0,0,Students
C01260,Setif,Prepaid,21,28.9,119.0,12,0.29,4,900.0,3610.0,0,Data lovers
C01261,Blida,Prepaid,10,15.2,81.0,19,0.19,1,200.0,210.0,0,Low spenders
C01262,Tizi Ouzou,Prepaid,22,4.1,51.0,16,0.2,1,250.0,240.0,0,Low spenders
C01263,Annaba,Prepaid,57,3.8,564.0,52,0.11,3,400.0,1130.0,0,Talkers
C01264,Blida,Prepaid,40,23.7,34.0,10,0.39,3,950.0,3050.0,0,Data lovers
C01265,Blida,Prepaid,37,38.9,116.0,6,0.31,3,850.0,2590.0,0,Data lovers
C01266,Setif,Prepaid,58,4.8,930.0,63,0.21,4,650.0,2790.0,0,Talkers
C01267,Batna,Prepaid,28,1.8,93.0,25,0.19,1,300.0,310.0,0,Low spenders
C01268,Annaba,Prepaid,21,4.2,526.0,43,0.08,4,250.0,1040.0,0,Talkers
C01269,Tizi Ouzou,Prepaid,10,18.8,87.0,3,0.64,4,400.0,1710.0,0,Students
C01270,Setif,Prepaid,41,32.6,138.0,14,0.37,4,1150.0,4550.0,0,Data lovers
C01271,Ouargla,Postpaid,39,2.7,150.0,18,0.1,1,300.0,300.0,0,Low spenders
C01272,Setif,Prepaid,33,3.3,66.0,27,0.13,0,300.0,0.0,0,Low spenders
C01273,Tizi Ouzou,Prepaid,12,4.9,105.0,13,0.2,1,200.0,190.0,0,Low spenders
C01274,Annaba,Prepaid,46,6.4,413.0,23,0.18,3,800.0,2210.0,0,Talkers
C01275,Constantine,Postpaid,0,1.2,50.0,0,0.06,2,300.0,650.0,0,Low spenders
C01276,Constantine,Prepaid,11,0.8,111.0,3,0.36,1,250.0,240.0,0,Low spenders
C01277,Constantine,Prepaid,33,0.7,95.0,15,0.0,0,150.0,0.0,0,Low spenders
C01278,Oran,Prepaid,43,41.2,652.0,89,0.42,5,2850.0,14790.0,0,Premium
C01279,Batna,Prepaid,17,15.2,130.0,28,0.19,0,100.0,0.0,0,Low spenders
C01280,Annaba,Prepaid,61,35.5,182.0,25,0.29,3,1400.0,4480.0,0,Data lovers
C01281,Setif,Prepaid,41,4.5,544.0,83,0.16,4,700.0,2910.0,0,Talkers
C01282,Ouargla,Prepaid,63,4.9,725.0,122,0.09,3,800.0,2310.0,0,Talkers
C01283,Tizi Ouzou,Prepaid,2,19.2,95.0,60,0.53,3,350.0,1080.0,0,Students
C01284,Ouargla,Postpaid,73,44.6,523.0,36,0.19,6,2050.0,12420.0,0,Premium
C01285,Tlemcen,Prepaid,58,18.6,56.0,33,0.41,4,1200.0,4810.0,0,Data lovers
C01286,Alger,Prepaid,2,2.1,115.0,21,0.12,1,150.0,160.0,0,Low spenders
C01287,Oran,Prepaid,40,1.9,707.0,71,0.16,1,600.0,620.0,0,Talkers
C01288,Alger,Postpaid,32,16.7,110.0,41,0.14,5,850.0,4010.0,0,Data lovers
C01289,Alger,Prepaid,7,29.1,76.0,15,0.54,4,800.0,2980.0,0,Data lovers
C01290,Annaba,Prepaid,46,5.2,369.0,65,0.1,3,750.0,2170.0,0,Talkers
C01291,Alger,Prepaid,26,18.2,141.0,55,0.55,3,350.0,1130.0,0,Students
C01292,Batna,Prepaid,23,25.5,109.0,26,0.49,4,1000.0,3740.0,0,Data lovers
C01293,Batna,Prepaid,17,10.5,232.0,36,0.44,4,600.0,2530.0,0,Students
C01294,Tlemcen,Postpaid,19,31.0,122.0,38,0.48,3,400.0,1320.0,0,Students
C01295,Batna,Prepaid,18,17.0,235.0,68,0.44,2,450.0,850.0,0,Students
C01296,Setif,Postpaid,6,15.2,127.0,61,0.61,3,450.0,1430.0,0,Students
C01297,Ouargla,Postpaid,30,31.6,32.0,26,0.35,4,850.0,3210.0,0,Data lovers
C01298,Tlemcen,Prepaid,0,5.8,560.0,82,0.16,2,400.0,770.0,0,Talkers
C01299,Ouargla,Prepaid,25,2.8,38.0,0,0.13,1,100.0,90.0,0,Low spenders
C01300,Blida,Prepaid,43,3.3,674.0,62,0.11,2,550.0,1020.0,0,Talkers
C01301,Oran,Prepaid,58,27.5,124.0,9,0.31,3,1000.0,2790.0,0,Data lovers
C01302,Ouargla,Postpaid,20,7.5,614.0,53,0.24,3,450.0,1280.0,0,Talkers
C01303,Batna,Prepaid,36,3.3,135.0,19,0.07,1,250.0,240.0,0,Low spenders
C01304,Tlemcen,Prepaid,13,27.1,124.0,51,0.43,2,450.0,970.0,0,Students
C01305,Ouargla,Prepaid,44,54.7,387.0,20,0.29,6,1500.0,9810.0,0,Premium
C01306,Oran,Prepaid,56,5.1,616.0,62,0.19,3,600.0,1710.0,0,Talkers
C01307,Blida,Prepaid,14,2.8,133.0,61,0.72,2,600.0,1150.0,0,Students
C01308,Constantine,Prepaid,24,12.4,143.0,52,0.4,1,400.0,390.0,0,Students
C01309,Tizi Ouzou,Postpaid,69,31.7,106.0,24,0.3,5,1200.0,6020.0,0,Data lovers
C01310,Blida,Prepaid,31,31.0,82.0,9,0.28,6,1300.0,7580.0,0,Data lovers
C01311,Annaba,Prepaid,59,49.8,358.0,62,0.31,6,1900.0,12410.0,1,Premium
C01312,Annaba,Postpaid,30,35.7,122.0,10,0.47,5,900.0,4140.0,0,Data lovers
C01313,Blida,Prepaid,16,4.0,31.0,0,0.11,1,200.0,210.0,0,Low spenders
C01314,Ouargla,Prepaid,64,36.6,17.0,8,0.31,5,1250.0,6670.0,0,Data lovers
C01315,Blida,Prepaid,38,32.8,124.0,29,0.22,3,750.0,2460.0,0,Data lovers
C01316,Ouargla,Prepaid,44,5.1,555.0,76,0.15,6,550.0,3170.0,0,Talkers
C01317,Tlemcen,Prepaid,6,3.2,92.0,12,0.09,1,100.0,100.0,0,Low spenders
C01318,Annaba,Prepaid,80,23.3,512.0,44,0.23,5,2100.0,10290.0,1,Premium
C01319,Oran,Prepaid,2,3.1,123.0,2,0.25,0,100.0,0.0,0,Low spenders
C01320,Setif,Prepaid,39,34.0,135.0,11,0.61,3,300.0,920.0,0,Data lovers
C01321,Blida,Prepaid,19,3.4,57.0,26,0.1,1,150.0,150.0,0,Low spenders
C01322,Setif,Prepaid,24,3.6,64.0,2,0.44,1,350.0,370.0,0,Low spenders
C01323,Oran,Prepaid,40,26.5,81.0,10,0.5,4,950.0,3800.0,0,Data lovers
C01324,Annaba,Postpaid,37,35.1,15.0,25,0.35,4,700.0,2970.0,0,Data lovers
C01325,Alger,Prepaid,0,1.4,43.0,13,0.18,1,200.0,210.0,0,Low spenders
C01326,Ouargla,Prepaid,3,23.3,100.0,53,0.48,2,450.0,840.0,0,Students
C01327,Constantine,Prepaid,32,21.9,82.0,14,0.38,4,1050.0,3870.0,0,Data lovers
C01328,Oran,Postpaid,17,34.3,72.0,39,0.43,3,1050.0,3180.0,0,Data lovers
C01329,Setif,Prepaid,43,15.0,124.0,25,0.57,4,850.0,3210.0,0,Data lovers
C01330,Tizi Ouzou,Prepaid,61,2.7,813.0,74,0.16,3,600.0,1720.0,0,Talkers
C01331,Tlemcen,Prepaid,21,1.8,50.0,6,0.22,1,100.0,110.0,1,Low spenders
C01332,Alger,Prepaid,28,2.9,102.0,15,0.2,1,150.0,160.0,0,Low spenders
C01333,Annaba,Prepaid,13,16.0,52.0,32,0.41,4,650.0,2790.0,0,Data lovers
C01334,Setif,Prepaid,45,2.1,641.0,69,0.13,4,400.0,1550.0,0,Talkers
C01335,Setif,Postpaid,42,0.5,747.0,89,0.15,1,400.0,400.0,1,Talkers
C01336,Annaba,Prepaid,16,15.2,124.0,8,0.1,1,250.0,230.0,0,Low spenders
C01337,Ouargla,Prepaid,64,42.3,71.0,33,0.49,4,600.0,2610.0,0,Data lovers
C01338,Ouargla,Prepaid,5,17.8,138.0,29,0.34,1,600.0,580.0,0,Students
C01339,Annaba,Prepaid,14,2.9,64.0,31,0.31,1,200.0,210.0,0,Low spenders
C01340,Tlemcen,Prepaid,44,39.3,749.0,31,0.15,5,2250.0,11190.0,0,Premium
C01341,Setif,Prepaid,50,1.4,802.0,91,0.18,3,600.0,1840.0,0,Talkers
C01342,Alger,Postpaid,53,3.4,793.0,63,0.2,3,400.0,1090.0,0,Talkers
C01343,Annaba,Prepaid,16,2.4,59.0,16,0.24,1,100.0,110.0,0,Low spenders
C01344,Annaba,Prepaid,48,27.9,39.0,16,0.4,3,700.0,2070.0,0,Data lovers
C01345,Setif,Prepaid,51,55.9,397.0,39,0.22,5,2250.0,10350.0,0,Premium
C01346,Alger,Prepaid,25,16.7,72.0,42,0.41,4,400.0,1600.0,0,Students
C01347,Constantine,Postpaid,22,5.0,34.0,0,0.06,1,300.0,270.0,0,Low spenders
C01348,Ouargla,Postpaid,24,4.4,124.0,76,0.19,2,750.0,1530.0,0,Talkers
C01349,Constantine,Postpaid,0,3.2,102.0,22,0.11,1,100.0,100.0,0,Low spenders
C01350,Blida,Prepaid,49,5.4,724.0,43,0.13,3,400.0,1110.0,0,Talkers
C01351,Setif,Prepaid,31,22.7,87.0,52,0.53,4,250.0,910.0,0,Students
C01352,Constantine,Prepaid,23,3.1,83.0,22,0.2,1,200.0,190.0,0,Low spenders
C01353,Constantine,Postpaid,67,6.6,632.0,55,0.14,3,750.0,2060.0,0,Talkers
C01354,Batna,Postpaid,18,16.5,142.0,46,0.38,4,500.0,1930.0,0,Students
C01355,Blida,Postpaid,9,3.6,61.0,16,0.27,2,200.0,420.0,0,Low spenders
C01356,Blida,Prepaid,20,16.1,176.0,38,0.43,3,550.0,1500.0,0,Students
C01357,Ouargla,Prepaid,32,28.2,54.0,26,0.36,3,900.0,2960.0,0,Data lovers
C01358,Constantine,Prepaid,52,5.1,492.0,117,0.05,3,500.0,1540.0,0,Talkers
C01359,Setif,Postpaid,12,15.2,168.0,21,0.4,5,1150.0,5640.0,0,Data lovers
C01360,Batna,Prepaid,36,22.0,37.0,19,0.5,3,750.0,2190.0,0,Data lovers
C01361,Batna,Prepaid,3,1.7,93.0,1,0.18,1,350.0,360.0,0,Low spenders
C01362,Ouargla,Prepaid,33,27.9,122.0,58,0.51,2,400.0,760.0,0,Students
C01363,Ouargla,Prepaid,45,53.4,631.0,51,0.33,5,2650.0,13060.0,0,Premium
C01364,Setif,Postpaid,17,4.3,42.0,32,0.15,1,200.0,200.0,0,Low spenders
C01365,Batna,Prepaid,59,5.7,509.0,81,0.09,3,700.0,2000.0,0,Talkers
C01366,Tizi Ouzou,Prepaid,30,32.4,77.0,13,0.26,5,1350.0,7180.0,1,Data lovers
C01367,Setif,Prepaid,18,21.2,81.0,3,0.37,4,1150.0,4200.0,0,Data lovers
C01368,Tizi Ouzou,Prepaid,49,3.7,663.0,93,0.21,2,900.0,1960.0,0,Talkers
C01369,Ouargla,Prepaid,21,3.0,147.0,25,0.02,2,150.0,320.0,0,Low spenders
C01370,Constantine,Prepaid,15,17.1,94.0,6,0.53,5,950.0,4440.0,0,Data lovers
C01371,Tlemcen,Prepaid,39,24.1,124.0,16,0.45,4,950.0,3870.0,0,Data lovers
C01372,Oran,Prepaid,27,34.5,96.0,31,0.54,4,950.0,3710.0,0,Data lovers
C01373,Annaba,Prepaid,32,23.4,160.0,20,0.51,1,950.0,1020.0,0,Data lovers
C01374,Batna,Prepaid,48,15.2,570.0,81,0.24,5,2900.0,14140.0,0,Premium
C01375,Annaba,Prepaid,13,34.0,102.0,22,0.42,2,1150.0,2180.0,0,Data lovers
C01376,Tlemcen,Postpaid,52,6.0,326.0,50,0.25,4,550.0,2230.0,0,Talkers
C01377,Oran,Prepaid,15,21.9,177.0,4,0.54,3,350.0,1050.0,0,Students
C01378,Constantine,Prepaid,8,16.1,34.0,39,0.65,2,200.0,390.0,0,Students
C01379,Batna,Prepaid,0,20.2,56.0,48,0.64,2,250.0,530.0,0,Students
C01380,Alger,Prepaid,12,11.6,130.0,51,0.57,2,250.0,470.0,0,Students
C01381,Ouargla,Postpaid,24,7.1,709.0,71,0.18,3,500.0,1480.0,0,Talkers
C01382,Annaba,Postpaid,14,1.6,41.0,0,0.14,0,150.0,0.0,0,Low spenders
C01383,Tlemcen,Prepaid,8,6.1,128.0,26,0.22,1,150.0,150.0,0,Low spenders
C01384,Blida,Prepaid,54,5.1,424.0,49,0.18,1,400.0,420.0,0,Talkers
C01385,Setif,Prepaid,2,15.5,115.0,11,0.5,4,450.0,1690.0,0,Students
C01386,Batna,Prepaid,62,30.3,165.0,20,0.37,4,700.0,3000.0,0,Data lovers
C01387,Blida,Prepaid,79,5.7,554.0,61,0.2,3,400.0,1200.0,0,Talkers
C01388,Ouargla,Prepaid,3,25.1,114.0,55,0.7,4,300.0,1310.0,0,Students
C01389,Batna,Prepaid,44,5.8,650.0,63,0.08,4,800.0,2890.0,0,Talkers
C01390,Blida,Prepaid,41,3.8,672.0,62,0.16,4,1000.0,3820.0,0,Talkers
C01391,Alger,Prepaid,36,4.6,451.0,92,0.15,3,600.0,1980.0,0,Talkers
C01392,Alger,Prepaid,17,31.5,100.0,27,0.38,5,850.0,4170.0,0,Data lovers
C01393,Oran,Prepaid,17,1.9,97.0,3,0.16,0,100.0,0.0,0,Low spenders
C01394,Annaba,Postpaid,6,15.1,146.0,36,0.42,4,1350.0,5050.0,0,Data lovers
C01395,Setif,Prepaid,1,22.6,167.0,29,0.58,3,550.0,1620.0,0,Students
C01396,Constantine,Prepaid,9,17.8,0.0,18,0.53,1,300.0,320.0,0,Students
C01397,Ouargla,Prepaid,67,5.8,979.0,41,0.09,3,450.0,1280.0,0,Talkers
C01398,Tizi Ouzou,Prepaid,12,12.2,103.0,33,0.67,3,550.0,1760.0,0,Students
C01399,Blida,Prepaid,30,1.6,776.0,60,0.14,3,750.0,2150.0,0,Talkers
C01400,Annaba,Prepaid,8,2.6,110.0,31,0.27,1,300.0,270.0,0,Low spenders
C01401,Blida,Prepaid,12,3.3,534.0,57,0.12,3,600.0,1640.0,0,Talkers
C01402,Batna,Prepaid,13,28.5,192.0,35,0.42,3,400.0,1200.0,0,Students
C01403,Annaba,Prepaid,28,5.4,728.0,52,0.19,3,700.0,1950.0,0,Talkers
C01404,Alger,Prepaid,34,21.6,60.0,17,0.45,3,750.0,2210.0,0,Data lovers
C01405,Blida,Prepaid,42,3.0,124.0,42,0.11,3,650.0,2020.0,0,Talkers
C01406,Annaba,Prepaid,18,9.8,210.0,50,0.5,5,500.0,2290.0,0,Students
C01407,Oran,Prepaid,41,5.2,658.0,65,0.1,3,500.0,1440.0,0,Talkers
C01408,Annaba,Prepaid,10,27.9,77.0,37,0.59,4,400.0,1640.0,0,Students
C01409,Alger,Postpaid,26,33.2,135.0,1,0.35,4,1150.0,4420.0,1,Data lovers
C01410,Tizi Ouzou,Prepaid,58,49.9,453.0,67,0.23,5,3000.0,14500.0,0,Premium
C01411,Batna,Prepaid,56,46.4,671.0,32,0.27,4,3150.0,11600.0,0,Premium
C01412,Alger,Prepaid,25,32.5,84.0,6,0.41,4,1000.0,4010.0,0,Data lovers
C01413,Annaba,Prepaid,23,4.7,124.0,30,0.15,1,200.0,210.0,0,Low spenders
C01414,Alger,Prepaid,43,7.5,459.0,29,0.18,4,700.0,3060.0,0,Talkers
C01415,Ouargla,Prepaid,50,6.9,703.0,46,0.13,3,700.0,2130.0,0,Talkers
C01416,Annaba,Prepaid,39,27.0,69.0,29,0.63,4,600.0,2170.0,0,Data lovers
C01417,Alger,Prepaid,49,5.6,754.0,31,0.18,0,550.0,0.0,0,Talkers
C01418,Batna,Prepaid,31,1.9,134.0,29,0.15,1,250.0,270.0,0,Low spenders
C01419,Batna,Prepaid,28,3.0,149.0,31,0.2,2,50.0,100.0,0,Low spenders
C01420,Annaba,Postpaid,29,36.5,89.0,12,0.58,6,500.0,3210.0,1,Data lovers
C01421,Alger,Prepaid,44,50.8,200.0,77,0.28,3,2350.0,7720.0,1,Premium
C01422,Batna,Prepaid,40,44.8,610.0,29,0.16,6,2600.0,14570.0,1,Premium
C01423,Oran,Prepaid,34,21.3,124.0,14,0.33,3,900.0,2910.0,0,Data lovers
C01424,Tizi Ouzou,Prepaid,51,2.1,774.0,75,0.13,3,750.0,2420.0,0,Talkers
C01425,Annaba,Prepaid,14,59.7,158.0,30,0.66,3,200.0,610.0,0,Students
C01426,Setif,Prepaid,33,34.5,55.0,31,0.5,4,700.0,2690.0,0,Data lovers
C01427,Annaba,Prepaid,39,20.1,134.0,0,0.17,3,800.0,2460.0,0,Data lovers
C01428,Oran,Prepaid,21,3.0,87.0,20,0.13,1,350.0,370.0,0,Low spenders
C01429,Ouargla,Prepaid,58,5.3,608.0,58,0.19,3,500.0,1400.0,0,Talkers
C01430,Constantine,Postpaid,20,3.2,96.0,12,0.14,2,200.0,440.0,0,Low spenders
C01431,Setif,Prepaid,43,28.9,61.0,8,0.42,4,1050.0,4520.0,0,Data lovers
C01432,Ouargla,Prepaid,25,6.4,120.0,21,0.14,1,400.0,410.0,0,Low spenders
C01433,Blida,Prepaid,30,3.1,728.0,67,0.14,4,700.0,2960.0,0,Talkers
C01434,Constantine,Prepaid,38,40.3,86.0,31,0.3,3,750.0,2110.0,0,Data lovers
C01435,Setif,Prepaid,43,26.3,63.0,23,0.31,4,800.0,3470.0,0,Data lovers
C01436,Tlemcen,Prepaid,46,39.9,136.0,15,0.37,3,1200.0,3780.0,0,Data lovers
C01437,Oran,Prepaid,9,1.1,521.0,69,0.08,2,750.0,1470.0,0,Talkers
C01438,Batna,Prepaid,64,5.2,634.0,73,0.12,4,450.0,1850.0,0,Talkers
C01439,Setif,Prepaid,33,4.7,697.0,31,0.14,4,750.0,3130.0,0,Talkers
C01440,Oran,Prepaid,33,30.8,87.0,25,0.45,5,1150.0,5860.0,0,Data lovers
C01441,Batna,Prepaid,21,19.2,69.0,28,0.41,2,400.0,740.0,0,Students
C01442,Tlemcen,Prepaid,8,2.1,578.0,62,0.2,4,800.0,3450.0,0,Talkers
C01443,Annaba,Prepaid,28,23.6,109.0,29,0.52,4,1000.0,3940.0,0,Data lovers
C01444,Oran,Prepaid,21,24.8,116.0,7,0.46,2,400.0,820.0,0,Students
C01445,Constantine,Prepaid,47,6.4,371.0,38,0.15,3,650.0,2020.0,0,Talkers
C01446,Tizi Ouzou,Postpaid,60,17.6,517.0,57,0.31,6,2300.0,12570.0,0,Premium
C01447,Tlemcen,Prepaid,26,1.8,75.0,11,0.02,2,150.0,320.0,0,Low spenders
C01448,Annaba,Postpaid,11,0.7,87.0,10,0.2,1,250.0,250.0,0,Low spenders
C01449,Setif,Postpaid,44,19.3,52.0,24,0.48,6,1000.0,5850.0,0,Data lovers
C01450,Oran,Prepaid,42,41.8,125.0,26,0.6,5,650.0,3300.0,0,Data lovers
C01451,Ouargla,Prepaid,28,3.6,627.0,42,0.13,2,850.0,1670.0,0,Talkers
C01452,Ouargla,Postpaid,38,1.3,517.0,63,0.2,2,600.0,1210.0,0,Talkers
C01453,Blida,Prepaid,0,19.4,40.0,21,0.41,5,200.0,1010.0,0,Students
C01454,Annaba,Postpaid,50,0.0,722.0,97,0.19,4,450.0,1980.0,0,Talkers
C01455,Alger,Postpaid,15,8.0,67.0,61,0.54,3,400.0,1170.0,0,Students
C01456,Constantine,Prepaid,20,28.6,175.0,8,0.43,5,600.0,2860.0,0,Data lovers
C01457,Setif,Prepaid,9,3.8,39.0,22,0.15,1,300.0,330.0,0,Low spenders
C01458,Blida,Postpaid,12,25.4,36.0,25,0.47,2,400.0,760.0,0,Students
C01459,Constantine,Prepaid,24,16.3,108.0,0,0.58,3,300.0,830.0,0,Students
C01460,Tlemcen,Prepaid,36,3.0,47.0,30,0.24,2,200.0,410.0,0,Low spenders
C01461,Oran,Prepaid,0,1.0,91.0,0,0.25,1,300.0,290.0,0,Low spenders
C01462,Tlemcen,Prepaid,5,1.2,142.0,11,0.04,1,200.0,200.0,0,Low spenders
C01463,Ouargla,Postpaid,40,22.2,50.0,10,0.31,4,1200.0,4860.0,0,Data lovers
C01464,Alger,Prepaid,0,23.1,140.0,15,0.41,3,1100.0,3310.0,0,Data lovers
C01465,Oran,Prepaid,52,35.4,109.0,18,0.38,3,1100.0,2980.0,0,Data lovers
C01466,Oran,Prepaid,40,33.3,127.0,25,0.4,3,900.0,2700.0,0,Data lovers
C01467,Blida,Postpaid,75,5.0,588.0,77,0.14,3,450.0,1420.0,0,Talkers
C01468,Blida,Prepaid,7,20.9,147.0,34,0.59,4,450.0,1920.0,0,Students
C01469,Batna,Prepaid,21,31.1,119.0,18,0.28,4,1150.0,4810.0,0,Data lovers
C01470,Setif,Prepaid,27,26.9,60.0,25,0.28,4,800.0,3490.0,0,Data lovers
C01471,Tizi Ouzou,Prepaid,2,26.5,19.0,45,0.61,3,400.0,1150.0,0,Students
C01472,Ouargla,Postpaid,10,11.0,144.0,33,0.76,2,500.0,990.0,0,Students
C01473,Batna,Prepaid,52,15.2,496.0,45,0.28,6,1600.0,9970.0,0,Premium
C01474,Annaba,Prepaid,29,1.1,580.0,95,0.23,6,450.0,2930.0,0,Talkers
C01475,Annaba,Prepaid,0,5.2,55.0,21,0.11,1,300.0,300.0,0,Low spenders
C01476,Constantine,Prepaid,54,26.3,76.0,43,0.39,3,450.0,1220.0,0,Data lovers
C01477,Blida,Prepaid,20,1.7,57.0,21,0.23,2,150.0,290.0,0,Low spenders
C01478,Oran,Prepaid,34,34.0,180.0,14,0.53,5,700.0,3380.0,0,Data lovers
C01479,Annaba,Prepaid,7,11.2,83.0,45,0.62,3,500.0,1490.0,0,Students
C01480,Annaba,Postpaid,12,23.9,54.0,38,0.6,1,450.0,410.0,0,Students
C01481,Ouargla,Prepaid,13,30.7,141.0,28,0.53,3,500.0,1480.0,0,Students
C01482,Oran,Postpaid,6,24.6,94.0,41,0.52,4,300.0,1310.0,0,Students
C01483,Tlemcen,Prepaid,6,2.5,118.0,20,0.16,1,200.0,200.0,1,Low spenders
C01484,Blida,Prepaid,16,19.5,90.0,44,0.58,3,300.0,900.0,0,Students
C01485,Oran,Prepaid,39,30.2,85.0,22,0.32,4,1200.0,4840.0,0,Data lovers
C01486,Batna,Prepaid,49,31.8,96.0,26,0.51,5,850.0,4320.0,0,Data lovers
C01487,Setif,Prepaid,61,57.9,507.0,54,0.34,4,2350.0,9410.0,1,Premium
C01488,Tlemcen,Prepaid,15,2.7,103.0,4,0.25,2,200.0,380.0,0,Low spenders
C01489,Setif,Prepaid,25,3.3,85.0,13,0.2,1,200.0,190.0,0,Low spenders
C01490,Tizi Ouzou,Postpaid,17,37.6,38.0,34,0.15,4,1200.0,4720.0,0,Data lovers
C01491,Constantine,Prepaid,29,3.7,21.0,9,0.31,2,200.0,430.0,0,Low spenders
C01492,Setif,Prepaid,37,25.3,129.0,28,0.44,3,1200.0,3860.0,0,Data lovers
C01493,Annaba,Prepaid,13,6.9,761.0,66,0.16,3,800.0,2200.0,1,Talkers
C01494,Annaba,Prepaid,5,0.8,98.0,25,0.18,1,150.0,140.0,0,Low spenders
C01495,Tlemcen,Prepaid,39,20.0,134.0,13,0.28,3,1050.0,3050.0,0,Data lovers
C01496,Tizi Ouzou,Prepaid,38,53.1,474.0,57,0.37,4,3250.0,13610.0,1,Premium
C01497,Annaba,Prepaid,51,4.2,745.0,63,0.06,4,500.0,2000.0,0,Talkers
C01498,Oran,Prepaid,36,7.2,538.0,60,0.14,3,600.0,1860.0,0,Talkers
C01499,Blida,Prepaid,13,2.5,124.0,10,0.13,1,300.0,310.0,0,Low spenders
C01500,Ouargla,Prepaid,36,3.9,401.0,48,0.16,2,750.0,1570.0,0,Talkers
C01501,Alger,Prepaid,42,4.3,421.0,13,0.16,3,700.0,2090.0,0,Talkers
C01502,Alger,Prepaid,30,5.0,582.0,61,0.24,2,550.0,1110.0,0,Talkers
C01503,Batna,Prepaid,0,15.2,120.0,39,0.51,2,450.0,850.0,0,Students
C01504,Oran,Postpaid,14,22.6,110.0,3,0.41,5,450.0,2080.0,0,Data lovers
C01505,Batna,Prepaid,35,2.5,48.0,17,0.16,1,200.0,200.0,0,Low spenders
C01506,Setif,Postpaid,8,30.7,197.0,20,0.48,3,1100.0,3430.0,0,Data lovers
C01507,Ouargla,Prepaid,44,4.7,382.0,54,0.25,3,600.0,1910.0,0,Talkers
C01508,Blida,Postpaid,20,3.7,503.0,35,0.09,4,400.0,1580.0,0,Talkers
C01509,Oran,Prepaid,10,22.9,82.0,18,0.73,4,250.0,1060.0,0,Students
C01510,Constantine,Prepaid,42,3.9,574.0,56,0.18,4,550.0,2030.0,0,Talkers
C01511,Tizi Ouzou,Postpaid,55,3.8,405.0,62,0.16,3,250.0,730.0,0,Talkers
C01512,Constantine,Prepaid,18,3.1,135.0,8,0.17,0,350.0,0.0,0,Low spenders
C01513,Oran,Postpaid,49,25.1,130.0,2,0.49,1,1000.0,960.0,0,Data lovers
C01514,Setif,Prepaid,16,15.2,145.0,29,0.54,4,350.0,1500.0,1,Students
C01515,Tlemcen,Prepaid,37,5.0,558.0,45,0.15,1,400.0,430.0,1,Talkers
C01516,Setif,Prepaid,43,6.4,547.0,48,0.08,2,800.0,1480.0,0,Talkers
C01517,Tizi Ouzou,Prepaid,22,23.1,62.0,28,0.38,4,800.0,3280.0,0,Data lovers
C01518,Tizi Ouzou,Prepaid,35,8.0,795.0,57,0.14,4,800.0,3510.0,0,Talkers
C01519,Oran,Prepaid,41,3.8,675.0,61,0.13,4,600.0,2300.0,0,Talkers
C01520,Oran,Postpaid,13,5.0,31.0,13,0.15,1,150.0,160.0,0,Low spenders
C01521,Tlemcen,Prepaid,39,2.8,83.0,11,0.21,1,200.0,210.0,0,Low spenders
C01522,Setif,Postpaid,14,4.3,133.0,12,0.13,2,150.0,320.0,0,Low spenders
C01523,Annaba,Prepaid,49,35.6,108.0,0,0.36,5,700.0,3250.0,0,Data lovers
C01524,Blida,Prepaid,5,17.9,155.0,38,0.29,1,300.0,310.0,0,Students
C01525,Batna,Prepaid,26,6.2,535.0,70,0.13,5,800.0,4370.0,0,Talkers
C01526,Blida,Prepaid,0,31.4,122.0,10,0.31,5,1000.0,4600.0,0,Data lovers
C01527,Batna,Prepaid,23,18.4,179.0,43,0.46,2,350.0,660.0,0,Students
C01528,Setif,Prepaid,29,42.8,72.0,10,0.56,3,1250.0,3810.0,1,Data lovers
C01529,Ouargla,Prepaid,12,1.9,55.0,13,0.24,1,200.0,200.0,0,Low spenders
C01530,Constantine,Prepaid,44,5.7,386.0,77,0.05,3,600.0,1650.0,0,Talkers
C01531,Constantine,Prepaid,48,7.4,688.0,15,0.13,2,450.0,980.0,0,Talkers
C01532,Blida,Prepaid,69,37.1,626.0,45,0.32,6,2600.0,14120.0,0,Premium
C01533,Annaba,Prepaid,48,5.0,605.0,40,0.06,4,650.0,2560.0,0,Talkers
C01534,Oran,Prepaid,32,4.5,44.0,19,0.16,1,200.0,190.0,0,Low spenders
C01535,Batna,Postpaid,54,0.4,682.0,38,0.15,3,600.0,1700.0,0,Talkers
C01536,Oran,Prepaid,0,2.2,95.0,13,0.09,1,350.0,380.0,0,Low spenders
C01537,Setif,Prepaid,20,59.7,529.0,62,0.16,5,2300.0,11330.0,0,Premium
C01538,Batna,Prepaid,55,2.6,597.0,40,0.2,3,600.0,1770.0,0,Talkers
C01539,Setif,Prepaid,43,4.3,0.0,0,0.18,0,300.0,0.0,0,Low spenders
C01540,Alger,Prepaid,31,31.0,92.0,20,0.4,3,750.0,2210.0,0,Data lovers
C01541,Annaba,Prepaid,34,0.1,124.0,8,0.1,1,300.0,310.0,0,Low spenders
C01542,Alger,Prepaid,15,15.1,75.0,22,0.44,4,1000.0,4100.0,0,Data lovers
C01543,Constantine,Prepaid,66,2.2,506.0,77,0.12,3,750.0,2160.0,0,Talkers
C01544,Tlemcen,Prepaid,26,3.5,712.0,61,0.09,2,600.0,1310.0,0,Talkers
C01545,Annaba,Prepaid,15,28.9,199.0,20,0.44,3,700.0,2110.0,0,Data lovers
C01546,Oran,Postpaid,23,3.3,45.0,12,0.29,1,150.0,160.0,0,Low spenders
C01547,Annaba,Postpaid,17,30.2,0.0,20,0.47,3,1150.0,3700.0,0,Data lovers
C01548,Annaba,Prepaid,59,3.4,517.0,60,0.17,3,550.0,1810.0,0,Talkers
C01549,Alger,Prepaid,25,27.0,25.0,12,0.45,5,1100.0,5990.0,0,Data lovers
C01550,Blida,Postpaid,0,2.5,0.0,13,0.21,1,100.0,90.0,0,Low spenders
C01551,Batna,Prepaid,50,5.4,276.0,63,0.21,4,800.0,3010.0,0,Talkers
C01552,Batna,Prepaid,33,4.9,593.0,70,0.16,3,950.0,2650.0,0,Talkers
C01553,Annaba,Postpaid,30,46.3,380.0,55,0.32,3,3750.0,12270.0,1,Premium
C01554,Setif,Prepaid,28,25.8,23.0,31,0.45,5,950.0,4320.0,0,Data lovers
C01555,Tizi Ouzou,Postpaid,13,33.0,105.0,28,0.57,4,200.0,770.0,0,Students
C01556,Tizi Ouzou,Prepaid,22,26.3,56.0,22,0.3,4,900.0,3730.0,0,Data lovers
C01557,Setif,Prepaid,56,34.2,485.0,45,0.18,5,2100.0,10110.0,0,Premium
C01558,Setif,Prepaid,8,3.2,69.0,17,0.32,1,100.0,90.0,0,Low spenders
C01559,Alger,Prepaid,25,2.7,598.0,65,0.1,3,800.0,2190.0,0,Talkers
C01560,Batna,Prepaid,6,8.9,124.0,21,0.55,4,400.0,1630.0,0,Students
C01561,Oran,Prepaid,12,19.6,102.0,24,0.52,2,550.0,1010.0,0,Students
C01562,Alger,Prepaid,28,34.1,69.0,25,0.28,3,900.0,2540.0,0,Data lovers
C01563,Setif,Postpaid,42,1.8,473.0,60,0.19,1,500.0,460.0,0,Talkers
C01564,Tlemcen,Prepaid,1,3.4,122.0,2,0.27,1,200.0,200.0,0,Low spenders
C01565,Tizi Ouzou,Prepaid,16,3.1,124.0,30,0.26,2,200.0,370.0,0,Low spenders
C01566,Batna,Prepaid,20,5.1,74.0,14,0.37,0,100.0,0.0,0,Low spenders
C01567,Tlemcen,Postpaid,30,2.2,834.0,46,0.15,3,600.0,1620.0,0,Talkers
C01568,Blida,Prepaid,6,15.2,98.0,12,0.26,1,200.0,210.0,0,Low spenders
C01569,Tizi Ouzou,Prepaid,7,11.4,93.0,60,0.41,3,500.0,1460.0,0,Students
C01570,Constantine,Prepaid,64,2.6,529.0,18,0.05,2,850.0,1850.0,0,Talkers
C01571,Tlemcen,Prepaid,34,35.8,140.0,24,0.46,3,1100.0,3090.0,0,Data lovers
C01572,Annaba,Prepaid,7,19.5,98.0,44,0.36,2,500.0,1080.0,0,Students
C01573,Tlemcen,Postpaid,18,31.4,176.0,29,0.35,5,1050.0,5110.0,1,Data lovers
C01574,Tlemcen,Postpaid,39,2.0,78.0,19,0.26,1,200.0,210.0,0,Low spenders
C01575,Blida,Postpaid,8,3.2,14.0,22,0.21,1,200.0,190.0,0,Low spenders
C01576,Annaba,Postpaid,57,52.9,509.0,39,0.09,6,2550.0,15150.0,0,Premium
C01577,Setif,Prepaid,13,24.5,149.0,42,0.5,3,300.0,930.0,0,Students
C01578,Blida,Prepaid,37,36.2,124.0,18,0.25,4,1000.0,3760.0,0,Data lovers
C01579,Tlemcen,Prepaid,44,0.5,113.0,40,0.13,0,250.0,0.0,0,Low spenders
C01580,Annaba,Prepaid,48,5.3,501.0,29,0.21,2,600.0,1240.0,0,Talkers
C01581,Ouargla,Prepaid,0,12.9,106.0,22,0.24,2,300.0,580.0,0,Students
C01582,Tlemcen,Prepaid,5,20.6,119.0,51,0.61,4,500.0,2200.0,0,Students
C01583,Constantine,Prepaid,6,24.8,139.0,45,0.73,2,350.0,720.0,0,Students
C01584,Batna,Prepaid,0,22.8,163.0,35,0.6,1,550.0,520.0,0,Students
C01585,Alger,Postpaid,18,3.0,119.0,5,0.04,1,150.0,150.0,0,Low spenders
C01586,Constantine,Postpaid,63,2.1,500.0,83,0.16,4,600.0,2580.0,0,Talkers
C01587,Tizi Ouzou,Postpaid,17,31.5,113.0,25,0.18,3,1250.0,3730.0,0,Data lovers
C01588,Blida,Prepaid,10,24.9,172.0,64,0.6,2,450.0,970.0,0,Students
C01589,Annaba,Prepaid,0,2.0,104.0,18,0.17,1,150.0,140.0,0,Low spenders
C01590,Blida,Prepaid,18,0.0,90.0,3,0.14,2,400.0,850.0,0,Low spenders
C01591,Blida,Prepaid,17,5.9,100.0,2,0.16,1,250.0,240.0,0,Low spenders
C01592,Annaba,Prepaid,36,0.4,108.0,25,0.24,1,250.0,270.0,0,Low spenders
C01593,Tlemcen,Postpaid,10,15.2,22.0,66,0.54,4,350.0,1520.0,0,Students
C01594,Constantine,Postpaid,8,2.2,161.0,17,0.13,2,200.0,400.0,0,Low spenders
C01595,Constantine,Prepaid,0,26.2,131.0,37,0.61,3,400.0,1150.0,0,Students
C01596,Tlemcen,Prepaid,30,14.9,169.0,36,0.32,1,600.0,590.0,0,Students
C01597,Alger,Prepaid,34,6.6,600.0,51,0.18,3,600.0,1670.0,0,Talkers
C01598,Constantine,Prepaid,30,24.6,61.0,26,0.65,5,800.0,4340.0,0,Data lovers
C01599,Blida,Prepaid,31,4.5,66.0,4,0.28,0,250.0,0.0,0,Low spenders
C01600,Ouargla,Prepaid,30,10.0,178.0,33,0.53,2,400.0,760.0,0,Students
C01601,Annaba,Prepaid,4,31.4,190.0,52,0.57,3,650.0,1950.0,0,Students
C01602,Alger,Prepaid,31,2.4,83.0,9,0.19,2,350.0,740.0,0,Low spenders
C01603,Tizi Ouzou,Prepaid,5,3.7,115.0,38,0.48,1,500.0,550.0,0,Students
C01604,Oran,Prepaid,32,25.7,30.0,26,0.26,3,1500.0,4860.0,0,Data lovers
C01605,Tizi Ouzou,Prepaid,57,34.1,218.0,63,0.42,5,3250.0,16390.0,0,Premium
C01606,Alger,Prepaid,30,3.1,174.0,38,0.27,1,200.0,210.0,0,Low spenders
C01607,Tizi Ouzou,Prepaid,15,0.8,74.0,17,0.16,2,250.0,530.0,0,Low spenders
C01608,Setif,Prepaid,12,21.6,153.0,44,0.41,3,350.0,970.0,0,Students
C01609,Constantine,Postpaid,36,3.4,106.0,10,0.2,1,300.0,320.0,0,Low spenders
C01610,Alger,Prepaid,23,32.6,117.0,17,0.42,4,1150.0,4770.0,0,Data lovers
C01611,Tlemcen,Prepaid,24,34.1,108.0,27,0.5,5,850.0,3950.0,0,Data lovers
C01612,Ouargla,Postpaid,32,0.6,37.0,5,0.24,0,150.0,0.0,0,Low spenders
C01613,Setif,Prepaid,20,31.9,154.0,31,0.41,5,1000.0,5410.0,0,Data lovers
C01614,Blida,Prepaid,41,4.4,619.0,75,0.14,3,750.0,2230.0,0,Talkers
C01615,Tlemcen,Prepaid,12,0.0,124.0,0,0.25,0,100.0,0.0,0,Low spenders
C01616,Blida,Prepaid,47,6.7,596.0,67,0.26,2,650.0,1410.0,0,Talkers
C01617,Tizi Ouzou,Prepaid,10,4.7,589.0,58,0.17,4,800.0,3420.0,0,Talkers
C01618,Oran,Prepaid,9,3.8,741.0,78,0.2,2,600.0,1160.0,0,Talkers
C01619,Ouargla,Prepaid,25,46.0,88.0,20,0.4,4,750.0,3020.0,0,Data lovers
C01620,Constantine,Prepaid,5,22.7,112.0,22,0.25,4,1250.0,4860.0,0,Data lovers
C01621,Blida,Postpaid,38,3.5,124.0,21,0.16,0,150.0,0.0,0,Low spenders
C01622,Constantine,Postpaid,54,42.1,99.0,15,0.51,6,1400.0,7970.0,0,Data lovers
C01623,Batna,Prepaid,0,4.2,123.0,14,0.12,0,300.0,0.0,0,Low spenders
C01624,Tizi Ouzou,Prepaid,32,25.0,128.0,19,0.38,5,900.0,4690.0,0,Data lovers
C01625,Batna,Prepaid,12,34.5,110.0,21,0.27,5,1050.0,5210.0,0,Data lovers
C01626,Constantine,Prepaid,10,4.2,49.0,19,0.28,1,200.0,210.0,0,Low spenders
C01627,Blida,Prepaid,12,3.7,89.0,10,0.16,1,350.0,340.0,0,Low spenders
C01628,Tizi Ouzou,Prepaid,15,4.8,82.0,25,0.09,1,150.0,160.0,0,Low spenders
C01629,Tizi Ouzou,Prepaid,20,3.1,57.0,16,0.26,0,300.0,0.0,0,Low spenders
C01630,Alger,Prepaid,17,7.2,92.0,12,0.2,1,200.0,180.0,0,Low spenders
C01631,Annaba,Prepaid,18,15.2,70.0,7,0.27,1,50.0,50.0,0,Low spenders
C01632,Constantine,Prepaid,10,2.3,79.0,15,0.22,0,350.0,0.0,0,Low spenders
C01633,Blida,Prepaid,28,4.4,19.0,23,0.2,0,100.0,0.0,0,Low spenders
C01634,Batna,Prepaid,12,23.4,85.0,51,0.53,2,400.0,820.0,0,Students
C01635,Blida,Prepaid,14,2.0,64.0,11,0.29,2,100.0,210.0,0,Low spenders
C01636,Oran,Prepaid,22,29.6,94.0,21,0.41,4,850.0,3340.0,1,Data lovers
C01637,Alger,Prepaid,18,36.1,52.0,9,0.41,5,750.0,3540.0,0,Data lovers
C01638,Setif,Prepaid,15,1.6,124.0,6,0.26,2,150.0,310.0,0,Low spenders
C01639,Blida,Prepaid,47,28.2,93.0,1,0.28,4,850.0,3690.0,0,Data lovers
C01640,Ouargla,Prepaid,31,42.9,143.0,19,0.38,6,850.0,5010.0,0,Data lovers
C01641,Blida,Prepaid,19,6.3,581.0,76,0.23,3,650.0,2030.0,0,Talkers
C01642,Tlemcen,Postpaid,3,10.9,170.0,38,0.5,2,450.0,810.0,0,Students
C01643,Oran,Prepaid,1,3.3,60.0,12,0.21,1,200.0,190.0,0,Low spenders
C01644,Blida,Prepaid,24,25.9,178.0,17,0.34,4,950.0,3930.0,0,Data lovers
C01645,Batna,Postpaid,36,2.8,94.0,17,0.25,1,100.0,100.0,0,Low spenders
C01646,Annaba,Prepaid,40,40.3,91.0,22,0.57,3,750.0,2060.0,0,Data lovers
C01647,Tizi Ouzou,Prepaid,58,0.3,788.0,42,0.22,3,650.0,1910.0,0,Talkers
C01648,Ouargla,Prepaid,34,43.8,611.0,10,0.31,5,3050.0,15770.0,0,Premium
C01649,Constantine,Prepaid,41,3.2,675.0,57,0.13,2,600.0,1250.0,0,Talkers
C01650,Constantine,Prepaid,17,3.1,62.0,31,0.21,1,200.0,180.0,0,Low spenders
C01651,Alger,Prepaid,27,3.9,545.0,73,0.11,2,550.0,1000.0,0,Talkers
C01652,Tlemcen,Prepaid,34,20.2,46.0,32,0.36,2,1000.0,2100.0,0,Data lovers
C01653,Ouargla,Prepaid,35,32.6,147.0,18,0.22,3,350.0,1070.0,1,Data lovers
C01654,Tlemcen,Prepaid,42,30.3,59.0,21,0.33,5,1200.0,5780.0,0,Data lovers
C01655,Constantine,Prepaid,39,39.8,112.0,24,0.43,5,550.0,2860.0,0,Data lovers
C01656,Blida,Postpaid,36,3.6,585.0,95,0.21,1,450.0,490.0,0,Talkers
C01657,Setif,Prepaid,20,29.9,102.0,16,0.35,5,850.0,4260.0,0,Data lovers
C01658,Tizi Ouzou,Prepaid,0,24.9,76.0,31,0.31,4,1150.0,4270.0,0,Data lovers
C01659,Ouargla,Prepaid,43,33.7,75.0,22,0.48,4,1200.0,4820.0,0,Data lovers
C01660,Setif,Prepaid,16,26.0,95.0,43,0.46,3,350.0,1110.0,0,Students
C01661,Oran,Prepaid,0,22.1,46.0,43,0.61,3,350.0,970.0,0,Students
C01662,Constantine,Prepaid,32,23.9,102.0,31,0.45,4,1250.0,5360.0,0,Data lovers
C01663,Setif,Prepaid,36,3.4,761.0,45,0.16,1,350.0,340.0,0,Talkers
C01664,Batna,Prepaid,42,4.6,622.0,80,0.1,2,750.0,1590.0,0,Talkers
C01665,Ouargla,Postpaid,20,6.5,60.0,0,0.17,1,200.0,190.0,0,Low spenders
C01666,Batna,Prepaid,22,3.2,648.0,62,0.16,3,800.0,2170.0,0,Talkers
C01667,Constantine,Prepaid,52,4.2,363.0,77,0.21,5,400.0,2020.0,0,Talkers
C01668,Annaba,Prepaid,48,29.2,191.0,4,0.4,5,1050.0,5580.0,1,Data lovers
C01669,Batna,Prepaid,50,54.4,489.0,62,0.27,4,2750.0,10670.0,0,Premium
C01670,Tizi Ouzou,Prepaid,38,47.2,415.0,40,0.12,6,2100.0,12210.0,0,Premium
C01671,Tlemcen,Prepaid,44,6.6,573.0,62,0.12,4,750.0,3110.0,0,Talkers
C01672,Blida,Postpaid,63,37.5,389.0,27,0.35,5,1950.0,9570.0,1,Premium
C01673,Setif,Prepaid,30,23.6,511.0,54,0.22,5,2250.0,11030.0,1,Premium
C01674,Ouargla,Prepaid,0,26.6,173.0,48,0.38,5,500.0,2280.0,0,Students
C01675,Batna,Prepaid,25,3.9,102.0,6,0.33,1,300.0,310.0,0,Low spenders
C01676,Annaba,Prepaid,47,15.2,585.0,91,0.16,2,700.0,1450.0,0,Talkers
C01677,Blida,Prepaid,38,26.5,151.0,30,0.4,2,1300.0,2440.0,0,Data lovers
C01678,Setif,Prepaid,11,2.2,41.0,2,0.17,2,200.0,370.0,0,Low spenders
C01679,Ouargla,Prepaid,59,4.4,680.0,72,0.11,2,500.0,1010.0,0,Talkers
C01680,Blida,Prepaid,9,24.2,145.0,37,0.41,2,350.0,680.0,0,Students
C01681,Alger,Prepaid,32,2.5,23.0,10,0.16,1,50.0,50.0,0,Low spenders
C01682,Tizi Ouzou,Prepaid,34,18.2,136.0,13,0.29,2,800.0,1670.0,0,Data lovers
C01683,Oran,Postpaid,0,24.0,72.0,24,0.53,4,450.0,1740.0,0,Students
C01684,Oran,Prepaid,18,1.5,135.0,7,0.16,1,200.0,190.0,0,Low spenders
C01685,Annaba,Prepaid,24,21.6,124.0,59,0.69,1,350.0,350.0,0,Students
C01686,Ouargla,Prepaid,35,38.7,113.0,27,0.39,4,750.0,3160.0,0,Data lovers
C01687,Constantine,Prepaid,31,22.5,159.0,8,0.4,3,450.0,1320.0,0,Data lovers
C01688,Batna,Prepaid,29,30.0,167.0,19,0.71,4,1300.0,5100.0,0,Data lovers
C01689,Batna,Prepaid,31,26.6,121.0,15,0.35,3,650.0,1820.0,0,Data lovers
C01690,Ouargla,Prepaid,0,27.8,99.0,44,0.67,4,200.0,840.0,0,Students
C01691,Ouargla,Prepaid,46,52.1,160.0,14,0.46,5,1100.0,5640.0,0,Data lovers
C01692,Ouargla,Prepaid,23,2.8,714.0,62,0.13,3,400.0,1290.0,0,Talkers
C01693,Tizi Ouzou,Prepaid,18,6.2,83.0,9,0.18,0,250.0,0.0,0,Low spenders
C01694,Batna,Prepaid,18,1.9,56.0,7,0.22,1,250.0,260.0,0,Low spenders
C01695,Annaba,Prepaid,57,42.1,500.0,23,0.28,6,2300.0,15150.0,0,Premium
C01696,Constantine,Prepaid,13,23.0,124.0,50,0.52,3,400.0,1120.0,0,Students
C01697,Tizi Ouzou,Postpaid,67,5.2,518.0,79,0.16,3,700.0,1920.0,0,Talkers
C01698,Blida,Prepaid,72,0.5,464.0,60,0.1,3,700.0,1950.0,0,Talkers
C01699,Setif,Prepaid,16,43.7,124.0,22,0.36,4,800.0,3230.0,0,Data lovers
C01700,Annaba,Prepaid,28,4.7,467.0,43,0.17,2,750.0,1540.0,0,Talkers
C01701,Annaba,Prepaid,55,1.3,82.0,12,0.13,1,300.0,310.0,0,Low spenders
C01702,Annaba,Prepaid,97,47.7,337.0,31,0.27,5,2900.0,13550.0,0,Premium
C01703,Tlemcen,Postpaid,25,21.1,73.0,35,0.45,4,850.0,3670.0,0,Data lovers
C01704,Alger,Prepaid,39,41.8,116.0,13,0.47,4,1450.0,5300.0,0,Data lovers
C01705,Oran,Prepaid,3,2.4,30.0,10,0.0,1,300.0,310.0,0,Low spenders
C01706,Tlemcen,Prepaid,55,15.2,644.0,74,0.1,4,400.0,1730.0,0,Talkers
C01707,Tlemcen,Postpaid,43,3.2,583.0,54,0.09,4,650.0,2440.0,0,Talkers
C01708,Alger,Prepaid,7,3.3,77.0,7,0.25,1,0.0,0.0,0,Low spenders
C01709,Oran,Postpaid,40,6.1,126.0,7,0.07,1,350.0,380.0,0,Low spenders
C01710,Ouargla,Prepaid,7,20.1,132.0,23,0.47,3,300.0,960.0,0,Students
C01711,Tizi Ouzou,Prepaid,15,39.0,148.0,7,0.56,4,1000.0,3910.0,0,Data lovers
C01712,Tlemcen,Prepaid,14,2.4,108.0,14,0.21,1,150.0,140.0,0,Low spenders
C01713,Tizi Ouzou,Prepaid,1,1.5,81.0,0,0.21,1,200.0,200.0,0,Low spenders
C01714,Setif,Prepaid,36,4.0,38.0,7,0.23,1,200.0,210.0,0,Low spenders
C01715,Constantine,Prepaid,34,2.1,676.0,64,0.16,2,850.0,1540.0,0,Talkers
C01716,Ouargla,Prepaid,0,37.0,126.0,33,0.31,4,600.0,2500.0,0,Data lovers
C01717,Blida,Prepaid,11,4.6,730.0,48,0.22,2,500.0,920.0,0,Talkers
C01718,Tizi Ouzou,Prepaid,9,13.8,108.0,31,0.42,4,400.0,1620.0,0,Students
C01719,Tlemcen,Prepaid,7,46.7,143.0,10,0.31,4,900.0,3690.0,0,Data lovers
C01720,Batna,Prepaid,21,4.7,84.0,66,0.32,5,300.0,1640.0,0,Students
C01721,Blida,Prepaid,42,3.3,585.0,24,0.09,2,650.0,1260.0,0,Talkers
C01722,Alger,Prepaid,12,14.6,55.0,20,0.45,2,400.0,770.0,0,Students
C01723,Annaba,Postpaid,36,2.6,642.0,56,0.09,2,500.0,1100.0,0,Talkers
C01724,Batna,Prepaid,27,1.4,43.0,10,0.31,1,150.0,140.0,0,Low spenders
C01725,Ouargla,Prepaid,38,4.2,432.0,73,0.1,0,750.0,0.0,0,Talkers
C01726,Ouargla,Prepaid,60,4.5,423.0,49,0.18,2,650.0,1300.0,0,Talkers
C01727,Annaba,Prepaid,28,41.6,143.0,21,0.44,4,1100.0,4520.0,0,Data lovers
C01728,Oran,Prepaid,27,29.1,63.0,49,0.4,2,350.0,640.0,0,Students
C01729,Batna,Postpaid,36,0.0,89.0,16,0.27,0,200.0,0.0,0,Low spenders
C01730,Constantine,Postpaid,14,21.9,247.0,36,0.66,3,400.0,1300.0,0,Students
C01731,Oran,Prepaid,38,5.0,67.0,5,0.06,1,150.0,160.0,0,Low spenders
C01732,Batna,Prepaid,39,45.0,718.0,33,0.23,4,3250.0,13710.0,1,Premium
C01733,Setif,Prepaid,15,33.7,98.0,16,0.42,4,1100.0,4080.0,0,Data lovers
C01734,Batna,Prepaid,52,37.3,446.0,68,0.33,5,2550.0,12410.0,0,Premium
C01735,Annaba,Prepaid,55,40.6,424.0,38,0.22,6,2350.0,14390.0,0,Premium
C01736,Tizi Ouzou,Prepaid,72,1.5,580.0,78,0.11,2,600.0,1110.0,0,Talkers
C01737,Batna,Prepaid,14,3.4,107.0,8,0.14,1,100.0,90.0,0,Low spenders
C01738,Tlemcen,Postpaid,23,3.6,99.0,14,0.25,1,150.0,140.0,0,Low spenders
C01739,Ouargla,Prepaid,22,5.9,696.0,76,0.17,1,500.0,450.0,0,Talkers
C01740,Oran,Prepaid,25,5.2,982.0,51,0.1,4,650.0,2570.0,0,Talkers
C01741,Alger,Prepaid,43,37.1,113.0,5,0.37,4,1100.0,4490.0,1,Data lovers
C01742,Ouargla,Prepaid,8,15.3,52.0,40,0.47,3,400.0,1090.0,0,Students
C01743,Ouargla,Prepaid,47,2.8,160.0,25,0.09,0,200.0,0.0,0,Low spenders
C01744,Alger,Prepaid,41,46.6,538.0,25,0.3,4,2650.0,11540.0,1,Premium
C01745,Setif,Prepaid,26,4.6,151.0,36,0.24,2,800.0,1490.0,0,Talkers
C01746,Setif,Prepaid,28,35.8,123.0,6,0.37,6,800.0,4340.0,1,Data lovers
C01747,Oran,Prepaid,21,4.6,73.0,11,0.22,2,100.0,190.0,0,Low spenders
C01748,Tlemcen,Prepaid,37,3.7,124.0,16,0.39,2,200.0,410.0,0,Low spenders
C01749,Annaba,Prepaid,53,42.6,599.0,21,0.24,6,2300.0,13700.0,0,Premium
C01750,Ouargla,Prepaid,20,15.2,230.0,11,0.4,4,1050.0,4250.0,0,Data lovers
C01751,Ouargla,Prepaid,41,32.8,460.0,43,0.37,5,2450.0,11710.0,0,Premium
C01752,Blida,Postpaid,17,14.5,101.0,45,0.56,2,250.0,480.0,0,Students
C01753,Blida,Prepaid,61,28.1,71.0,5,0.4,4,1150.0,4430.0,0,Data lovers
C01754,Tlemcen,Prepaid,22,2.0,124.0,0,0.32,1,150.0,150.0,0,Low spenders
C01755,Ouargla,Prepaid,54,43.4,218.0,21,0.5,5,950.0,5150.0,0,Data lovers
C01756,Constantine,Postpaid,8,15.2,121.0,35,0.41,5,750.0,3550.0,0,Data lovers
C01757,Setif,Prepaid,48,5.9,469.0,100,0.06,4,850.0,3140.0,1,Talkers
C01758,Tlemcen,Prepaid,29,27.9,84.0,19,0.39,3,850.0,2580.0,0,Data lovers
C01759,Tlemcen,Prepaid,22,6.4,376.0,92,0.02,3,800.0,2330.0,0,Talkers
C01760,Setif,Prepaid,44,38.8,139.0,21,0.44,4,1050.0,4190.0,1,Data lovers
C01761,Alger,Postpaid,21,5.1,559.0,59,0.2,4,400.0,1720.0,0,Talkers
C01762,Tlemcen,Postpaid,20,32.3,124.0,32,0.56,2,450.0,930.0,0,Students
C01763,Tizi Ouzou,Prepaid,6,6.6,44.0,20,0.07,1,200.0,210.0,0,Low spenders
C01764,Oran,Prepaid,19,2.0,124.0,22,0.24,1,200.0,180.0,0,Low spenders
C01765,Setif,Prepaid,3,17.0,180.0,69,0.59,4,200.0,860.0,0,Students
C01766,Tlemcen,Prepaid,19,15.2,216.0,44,0.47,4,450.0,1780.0,0,Students
C01767,Annaba,Prepaid,26,3.3,121.0,23,0.12,1,100.0,110.0,0,Low spenders
C01768,Setif,Prepaid,19,2.9,130.0,13,0.15,1,200.0,210.0,0,Low spenders
C01769,Tizi Ouzou,Postpaid,21,20.5,43.0,30,0.44,2,500.0,1020.0,0,Students
C01770,Blida,Prepaid,38,4.1,716.0,71,0.19,2,500.0,950.0,0,Talkers
C01771,Tlemcen,Prepaid,15,27.7,75.0,23,0.55,3,550.0,1590.0,0,Students
C01772,Annaba,Prepaid,2,24.1,33.0,62,0.71,3,400.0,1170.0,0,Students
C01773,Tizi Ouzou,Postpaid,12,0.8,140.0,25,0.13,1,250.0,240.0,0,Low spenders
C01774,Oran,Prepaid,33,33.2,113.0,16,0.22,5,1000.0,5100.0,0,Data lovers
C01775,Annaba,Postpaid,24,0.0,603.0,82,0.12,4,400.0,1730.0,0,Talkers
C01776,Ouargla,Prepaid,9,13.6,138.0,24,0.52,4,450.0,1950.0,0,Students
C01777,Batna,Prepaid,20,35.9,47.0,10,0.41,4,800.0,3270.0,1,Data lovers
C01778,Alger,Postpaid,8,1.9,87.0,29,0.1,1,150.0,150.0,0,Low spenders
C01779,Oran,Prepaid,28,6.7,840.0,60,0.15,3,550.0,1640.0,0,Talkers
C01780,Setif,Prepaid,30,2.4,35.0,1,0.17,1,200.0,180.0,0,Low spenders
C01781,Constantine,Postpaid,21,3.1,91.0,12,0.23,1,50.0,50.0,0,Low spenders
C01782,Tlemcen,Prepaid,28,3.6,106.0,13,0.18,0,350.0,0.0,0,Low spenders
C01783,Tlemcen,Prepaid,21,32.3,139.0,44,0.44,3,250.0,680.0,0,Students
C01784,Constantine,Prepaid,9,2.8,20.0,16,0.27,1,250.0,270.0,0,Low spenders
C01785,Annaba,Prepaid,40,3.7,98.0,1,0.19,0,200.0,0.0,0,Low spenders
C01786,Ouargla,Prepaid,35,22.3,124.0,30,0.43,5,650.0,3530.0,0,Data lovers
C01787,Setif,Prepaid,31,5.6,382.0,41,0.18,3,650.0,2030.0,0,Talkers
C01788,Setif,Prepaid,33,45.1,90.0,12,0.25,4,1100.0,3980.0,0,Data lovers
C01789,Oran,Prepaid,37,6.3,1093.0,36,0.19,2,650.0,1360.0,0,Talkers
C01790,Batna,Prepaid,32,1.6,120.0,32,0.3,0,300.0,0.0,0,Low spenders
C01791,Ouargla,Prepaid,7,30.2,138.0,12,0.66,3,300.0,830.0,0,Students
C01792,Tlemcen,Prepaid,17,0.5,841.0,40,0.19,3,400.0,1220.0,1,Talkers
C01793,Annaba,Postpaid,30,3.1,26.0,18,0.27,2,150.0,320.0,0,Low spenders
C01794,Constantine,Prepaid,40,28.9,58.0,23,0.38,4,950.0,3850.0,0,Data lovers
C01795,Ouargla,Postpaid,12,1.6,458.0,86,0.17,1,650.0,620.0,0,Talkers
C01796,Setif,Prepaid,40,2.7,838.0,45,0.17,3,800.0,2460.0,0,Talkers
C01797,Alger,Prepaid,27,15.2,165.0,9,0.36,5,750.0,3790.0,0,Data lovers
C01798,Constantine,Prepaid,55,26.9,82.0,18,0.34,5,950.0,4780.0,0,Data lovers
C01799,Ouargla,Postpaid,62,37.6,615.0,58,0.17,5,3600.0,18250.0,0,Premium
C01800,Setif,Prepaid,12,5.8,636.0,44,0.18,3,400.0,1110.0,0,Talkers
C01801,Alger,Prepaid,44,2.0,518.0,89,0.16,2,600.0,1130.0,0,Talkers
C01802,Tizi Ouzou,Prepaid,25,4.1,47.0,21,0.27,1,250.0,260.0,0,Low spenders
C01803,Tlemcen,Prepaid,48,36.7,104.0,30,0.34,4,750.0,2790.0,0,Data lovers
C01804,Blida,Prepaid,6,20.8,136.0,39,0.53,4,350.0,1260.0,0,Students
C01805,Blida,Prepaid,47,39.7,131.0,32,0.31,5,1000.0,4630.0,0,Data lovers
C01806,Oran,Prepaid,19,37.6,70.0,14,0.33,4,1350.0,5750.0,0,Data lovers
C01807,Oran,Prepaid,20,33.8,66.0,16,0.38,4,1150.0,4730.0,0,Data lovers
C01808,Ouargla,Prepaid,53,2.1,27.0,35,0.24,1,200.0,200.0,0,Low spenders
C01809,Ouargla,Postpaid,35,22.4,79.0,19,0.54,4,1150.0,4650.0,0,Data lovers
C01810,Tlemcen,Postpaid,20,3.3,152.0,25,0.16,1,250.0,270.0,0,Low spenders
C01811,Batna,Prepaid,6,15.6,129.0,50,0.61,4,450.0,1660.0,0,Students
C01812,Blida,Prepaid,51,2.5,383.0,76,0.14,2,700.0,1350.0,0,Talkers
C01813,Tlemcen,Prepaid,15,3.1,86.0,0,0.14,1,200.0,190.0,0,Low spenders
C01814,Tlemcen,Prepaid,10,23.5,112.0,55,0.39,4,350.0,1360.0,0,Students
C01815,Setif,Prepaid,84,35.9,542.0,52,0.2,5,1850.0,9950.0,1,Premium
C01816,Tlemcen,Prepaid,20,5.8,641.0,90,0.14,2,700.0,1500.0,0,Talkers
C01817,Tizi Ouzou,Prepaid,14,11.1,144.0,56,0.63,3,450.0,1360.0,0,Students
C01818,Tlemcen,Postpaid,47,8.3,531.0,51,0.1,3,350.0,1060.0,0,Talkers
C01819,Tizi Ouzou,Prepaid,60,4.8,447.0,65,0.15,4,750.0,3180.0,0,Talkers
C01820,Blida,Prepaid,38,2.3,582.0,67,0.19,3,900.0,2600.0,0,Talkers
C01821,Oran,Prepaid,22,34.2,167.0,28,0.49,4,750.0,2920.0,0,Data lovers
C01822,Tlemcen,Postpaid,9,2.3,91.0,19,0.12,1,250.0,270.0,0,Low spenders
C01823,Blida,Prepaid,26,1.9,14.0,5,0.15,0,250.0,0.0,0,Low spenders
C01824,Setif,Prepaid,88,35.4,163.0,22,0.41,4,700.0,2870.0,0,Data lovers
C01825,Annaba,Prepaid,15,18.6,87.0,33,0.76,0,350.0,0.0,0,Students
C01826,Constantine,Prepaid,64,4.4,500.0,66,0.12,3,400.0,1110.0,0,Talkers
C01827,Batna,Prepaid,14,31.4,35.0,26,0.26,3,900.0,2850.0,0,Data lovers
C01828,Annaba,Prepaid,17,17.6,176.0,44,0.67,3,300.0,890.0,0,Students
C01829,Setif,Prepaid,29,4.7,125.0,19,0.11,1,300.0,310.0,0,Low spenders
C01830,Tizi Ouzou,Prepaid,40,3.5,702.0,50,0.09,3,500.0,1550.0,0,Talkers
C01831,Constantine,Prepaid,39,27.5,101.0,30,0.36,3,750.0,2320.0,0,Data lovers
C01832,Tizi Ouzou,Prepaid,58,2.0,419.0,60,0.16,3,800.0,2610.0,0,Talkers
C01833,Blida,Prepaid,10,24.6,61.0,16,0.54,3,350.0,1070.0,0,Students
C01834,Ouargla,Prepaid,69,29.1,58.0,19,0.31,4,1100.0,4370.0,0,Data lovers
C01835,Oran,Prepaid,39,2.4,52.0,6,0.33,0,300.0,0.0,0,Low spenders
C01836,Blida,Prepaid,33,42.7,465.0,23,0.41,4,2400.0,9060.0,1,Premium
C01837,Batna,Prepaid,36,4.7,580.0,48,0.1,3,650.0,2100.0,0,Talkers
C01838,Ouargla,Prepaid,20,4.4,638.0,113,0.23,3,850.0,2370.0,0,Talkers
C01839,Blida,Prepaid,29,1.4,62.0,14,0.16,1,250.0,260.0,0,Low spenders
C01840,Ouargla,Prepaid,32,6.2,35.0,28,0.3,1,200.0,210.0,0,Low spenders
C01841,Alger,Prepaid,10,1.0,83.0,12,0.3,1,200.0,210.0,0,Low spenders
C01842,Tizi Ouzou,Prepaid,13,29.1,114.0,25,0.35,3,1000.0,3180.0,0,Data lovers
C01843,Tlemcen,Prepaid,41,2.9,308.0,72,0.12,2,850.0,1640.0,0,Talkers
C01844,Alger,Prepaid,48,59.7,306.0,65,0.35,6,2550.0,13820.0,0,Premium
C01845,Batna,Prepaid,27,1.3,553.0,109,0.17,2,650.0,1350.0,0,Talkers
C01846,Oran,Prepaid,9,1.1,143.0,29,0.25,2,200.0,430.0,0,Low spenders
C01847,Tlemcen,Prepaid,53,40.7,313.0,55,0.24,6,2400.0,14970.0,1,Premium
C01848,Blida,Prepaid,28,23.6,123.0,39,0.49,1,550.0,550.0,0,Students
C01849,Batna,Postpaid,15,24.0,87.0,61,0.46,2,400.0,840.0,0,Students
C01850,Batna,Prepaid,82,50.2,445.0,39,0.28,6,3500.0,21190.0,0,Premium
C01851,Constantine,Prepaid,55,56.3,458.0,34,0.29,5,3000.0,15370.0,0,Premium
C01852,Tlemcen,Postpaid,13,24.5,173.0,63,0.57,4,250.0,1000.0,0,Students
C01853,Tlemcen,Prepaid,54,48.4,475.0,66,0.27,4,2000.0,8000.0,0,Premium
C01854,Batna,Prepaid,12,16.6,163.0,14,0.39,5,250.0,1140.0,0,Students
C01855,Annaba,Prepaid,0,2.0,69.0,28,0.15,1,250.0,260.0,0,Low spenders
C01856,Tlemcen,Prepaid,66,52.7,735.0,26,0.23,5,2900.0,14810.0,1,Premium
C01857,Constantine,Prepaid,12,33.2,135.0,23,0.33,4,1000.0,3630.0,0,Data lovers
C01858,Annaba,Prepaid,16,13.7,81.0,16,0.57,2,450.0,950.0,0,Students
C01859,Oran,Postpaid,18,3.4,74.0,6,0.19,1,250.0,270.0,0,Low spenders
C01860,Ouargla,Prepaid,50,3.6,785.0,44,0.22,4,450.0,1920.0,0,Talkers
C01861,Annaba,Prepaid,69,1.4,680.0,67,0.11,5,750.0,3850.0,0,Talkers
C01862,Ouargla,Prepaid,7,3.0,1.0,8,0.29,2,250.0,480.0,0,Low spenders
C01863,Blida,Prepaid,5,34.6,103.0,16,0.38,4,950.0,4020.0,0,Data lovers
C01864,Ouargla,Postpaid,66,50.4,521.0,58,0.2,4,2100.0,8850.0,0,Premium
C01865,Alger,Prepaid,50,2.5,420.0,41,0.17,3,350.0,1050.0,0,Talkers
C01866,Tlemcen,Prepaid,18,28.0,585.0,87,0.34,3,1550.0,4910.0,1,Premium
C01867,Tizi Ouzou,Prepaid,32,4.8,516.0,77,0.15,4,800.0,3350.0,0,Talkers
C01868,Ouargla,Prepaid,25,34.3,75.0,33,0.42,3,1000.0,2720.0,0,Data lovers
C01869,Constantine,Prepaid,24,11.6,86.0,20,0.46,4,500.0,1990.0,0,Students
C01870,Alger,Postpaid,36,3.5,122.0,1,0.13,1,200.0,220.0,0,Low spenders
C01871,Annaba,Prepaid,57,3.7,352.0,51,0.18,2,500.0,940.0,0,Talkers
C01872,Ouargla,Prepaid,39,4.3,118.0,24,0.17,1,250.0,250.0,0,Low spenders
C01873,Batna,Prepaid,29,1.9,21.0,30,0.23,1,250.0,230.0,0,Low spenders
C01874,Oran,Prepaid,55,28.0,440.0,17,0.26,6,2550.0,14220.0,1,Premium
C01875,Oran,Prepaid,16,6.0,69.0,13,0.17,0,150.0,0.0,0,Low spenders
C01876,Alger,Prepaid,8,19.1,37.0,38,0.72,3,450.0,1220.0,0,Students
C01877,Tlemcen,Postpaid,18,1.6,49.0,1,0.2,1,150.0,150.0,0,Low spenders
C01878,Tlemcen,Prepaid,2,14.4,124.0,57,0.68,1,400.0,390.0,0,Students
C01879,Tizi Ouzou,Prepaid,53,39.9,542.0,16,0.26,7,2400.0,15450.0,1,Premium
C01880,Constantine,Prepaid,23,6.0,521.0,79,0.05,1,800.0,850.0,0,Talkers
C01881,Alger,Prepaid,15,15.7,241.0,57,0.6,4,450.0,1780.0,0,Students
C01882,Tlemcen,Prepaid,37,32.6,123.0,14,0.36,3,1250.0,3640.0,0,Data lovers
C01883,Tlemcen,Prepaid,36,3.4,652.0,108,0.18,4,750.0,3270.0,0,Talkers
C01884,Alger,Prepaid,0,9.5,94.0,48,0.52,2,500.0,970.0,0,Students
C01885,Ouargla,Prepaid,1,14.1,105.0,45,0.53,1,300.0,300.0,0,Students
C01886,Tlemcen,Prepaid,32,2.3,715.0,66,0.16,4,500.0,2060.0,0,Talkers
C01887,Oran,Prepaid,31,27.1,23.0,14,0.59,2,450.0,840.0,0,Students
C01888,Tlemcen,Prepaid,12,26.7,157.0,11,0.68,3,450.0,1290.0,0,Students
C01889,Ouargla,Prepaid,24,44.2,671.0,76,0.21,7,2450.0,18160.0,1,Premium
C01890,Oran,Prepaid,40,4.2,618.0,51,0.14,5,400.0,1890.0,0,Talkers
C01891,Batna,Prepaid,49,5.0,677.0,70,0.07,2,450.0,950.0,0,Talkers
C01892,Setif,Postpaid,4,28.5,17.0,24,0.42,5,1150.0,5400.0,0,Data lovers
C01893,Annaba,Prepaid,13,22.5,155.0,52,0.47,3,350.0,1120.0,0,Students
C01894,Blida,Prepaid,25,35.3,138.0,23,0.42,3,450.0,1390.0,0,Data lovers
C01895,Constantine,Prepaid,46,6.4,46.0,22,0.11,1,200.0,200.0,0,Low spenders
C01896,Setif,Prepaid,40,5.2,546.0,62,0.12,2,700.0,1370.0,0,Talkers
C01897,Annaba,Prepaid,31,41.4,145.0,35,0.28,6,750.0,4740.0,0,Data lovers
C01898,Constantine,Prepaid,56,3.4,483.0,38,0.23,1,350.0,330.0,0,Talkers
C01899,Oran,Prepaid,30,3.2,17.0,25,0.28,2,100.0,200.0,0,Low spenders
C01900,Blida,Prepaid,49,4.3,860.0,74,0.19,2,500.0,1080.0,0,Talkers
C01901,Tizi Ouzou,Prepaid,6,16.3,138.0,45,0.61,2,350.0,640.0,1,Students
C01902,Tizi Ouzou,Prepaid,34,10.5,98.0,29,0.32,4,850.0,3450.0,0,Data lovers
C01903,Blida,Prepaid,47,2.9,598.0,57,0.26,5,550.0,2680.0,0,Talkers
C01904,Tizi Ouzou,Prepaid,12,20.0,123.0,30,0.66,3,500.0,1430.0,0,Students
C01905,Batna,Prepaid,39,3.0,637.0,84,0.18,3,500.0,1630.0,0,Talkers
C01906,Oran,Prepaid,9,20.2,68.0,41,0.48,3,400.0,1270.0,0,Students
C01907,Oran,Prepaid,21,23.2,15.0,20,0.34,4,850.0,3380.0,0,Data lovers
C01908,Blida,Postpaid,54,2.8,44.0,24,0.04,1,150.0,160.0,0,Low spenders
C01909,Oran,Postpaid,19,30.1,134.0,25,0.51,3,450.0,1370.0,0,Students
C01910,Tlemcen,Prepaid,29,14.6,75.0,63,0.52,4,400.0,1740.0,0,Students
C01911,Setif,Prepaid,55,53.6,264.0,25,0.21,5,2550.0,12690.0,1,Premium
C01912,Setif,Prepaid,1,1.8,45.0,11,0.31,1,350.0,360.0,0,Low spenders
C01913,Annaba,Prepaid,34,4.6,509.0,55,0.18,3,650.0,2090.0,0,Talkers
C01914,Alger,Prepaid,33,3.2,128.0,23,0.23,1,250.0,270.0,0,Low spenders
C01915,Tizi Ouzou,Prepaid,11,4.0,69.0,21,0.39,0,150.0,0.0,0,Low spenders
C01916,Tizi Ouzou,Prepaid,20,2.8,48.0,29,0.21,1,250.0,230.0,0,Low spenders
C01917,Alger,Prepaid,21,35.9,72.0,21,0.34,5,1100.0,5720.0,1,Data lovers
C01918,Constantine,Prepaid,34,40.2,476.0,19,0.26,6,2400.0,14450.0,0,Premium
C01919,Batna,Prepaid,37,3.2,43.0,16,0.14,1,150.0,140.0,0,Low spenders
C01920,Ouargla,Prepaid,35,15.6,169.0,7,0.39,3,800.0,2480.0,0,Data lovers
C01921,Ouargla,Prepaid,25,20.8,189.0,12,0.24,5,950.0,5000.0,0,Data lovers
C01922,Tizi Ouzou,Prepaid,43,15.2,15.0,23,0.27,3,850.0,2470.0,0,Data lovers
C01923,Batna,Prepaid,61,39.2,563.0,35,0.18,6,1800.0,10290.0,0,Premium
C01924,Batna,Postpaid,19,22.0,83.0,59,0.5,3,400.0,1250.0,0,Students
C01925,Tizi Ouzou,Prepaid,35,32.1,141.0,10,0.51,4,1050.0,4460.0,0,Data lovers
C01926,Batna,Prepaid,20,4.9,137.0,22,0.15,2,150.0,280.0,0,Low spenders
C01927,Batna,Prepaid,22,15.8,107.0,15,0.4,3,150.0,430.0,0,Data lovers
C01928,Blida,Postpaid,26,39.4,0.0,11,0.39,4,800.0,3490.0,0,Data lovers
C01929,Batna,Prepaid,37,39.7,529.0,47,0.22,5,2150.0,10060.0,0,Premium
C01930,Tlemcen,Prepaid,5,23.4,76.0,30,0.58,2,300.0,650.0,0,Students
C01931,Oran,Prepaid,26,1.8,83.0,12,0.32,1,100.0,90.0,0,Low spenders
C01932,Alger,Prepaid,21,28.7,109.0,0,0.4,4,1600.0,6420.0,1,Data lovers
C01933,Oran,Prepaid,67,1.9,719.0,68,0.11,3,750.0,2140.0,0,Talkers
C01934,Blida,Prepaid,11,15.7,141.0,53,0.53,4,500.0,1840.0,0,Students
C01935,Ouargla,Prepaid,21,2.7,124.0,0,0.0,1,100.0,110.0,0,Low spenders
C01936,Setif,Prepaid,13,1.6,157.0,21,0.23,1,300.0,310.0,0,Low spenders
C01937,Oran,Postpaid,34,28.2,79.0,31,0.33,6,1000.0,6020.0,0,Data lovers
C01938,Batna,Prepaid,15,23.7,126.0,4,0.54,5,500.0,2250.0,0,Data lovers
C01939,Tizi Ouzou,Prepaid,45,0.8,894.0,60,0.18,3,600.0,1920.0,0,Talkers
C01940,Oran,Prepaid,19,33.5,98.0,30,0.26,4,750.0,3120.0,0,Data lovers
C01941,Tizi Ouzou,Prepaid,8,25.6,107.0,43,0.6,4,350.0,1400.0,0,Students
C01942,Batna,Prepaid,41,1.7,80.0,27,0.11,2,100.0,180.0,0,Low spenders
C01943,Batna,Prepaid,33,3.4,64.0,9,0.22,0,100.0,0.0,0,Low spenders
C01944,Ouargla,Prepaid,28,3.6,59.0,11,0.14,1,200.0,190.0,0,Low spenders
C01945,Batna,Prepaid,65,5.5,631.0,76,0.19,2,700.0,1460.0,0,Talkers
C01946,Setif,Prepaid,22,2.7,90.0,9,0.31,1,150.0,160.0,0,Low spenders
C01947,Tizi Ouzou,Prepaid,14,2.7,124.0,16,0.11,3,750.0,2380.0,0,Talkers
C01948,Alger,Prepaid,18,33.3,98.0,31,0.39,2,1050.0,2070.0,0,Data lovers
C01949,Tlemcen,Prepaid,15,15.2,109.0,63,0.77,4,200.0,720.0,0,Students
C01950,Oran,Prepaid,18,4.2,116.0,30,0.08,1,50.0,50.0,0,Low spenders
C01951,Alger,Prepaid,6,3.0,607.0,66,0.17,2,600.0,1150.0,0,Talkers
C01952,Oran,Prepaid,40,3.5,417.0,48,0.14,4,350.0,1530.0,0,Talkers
C01953,Ouargla,Prepaid,22,2.8,682.0,63,0.14,3,500.0,1440.0,0,Talkers
C01954,Tizi Ouzou,Postpaid,4,18.0,122.0,58,0.41,3,300.0,940.0,0,Students
C01955,Tizi Ouzou,Prepaid,1,21.1,158.0,0,0.49,4,450.0,1840.0,0,Students
C01956,Alger,Prepaid,34,0.6,92.0,19,0.29,1,250.0,270.0,0,Low spenders
C01957,Blida,Prepaid,27,21.8,101.0,15,0.5,3,800.0,2440.0,0,Data lovers
C01958,Annaba,Prepaid,25,2.1,104.0,32,0.27,1,300.0,280.0,0,Low spenders
C01959,Oran,Prepaid,13,11.1,106.0,41,0.45,2,300.0,640.0,0,Students
C01960,Setif,Prepaid,21,17.7,63.0,63,0.54,4,200.0,780.0,0,Students
C01961,Constantine,Prepaid,20,26.4,99.0,37,0.74,2,300.0,650.0,0,Students
C01962,Tizi Ouzou,Postpaid,8,35.0,76.0,26,0.37,3,700.0,2000.0,0,Data lovers
C01963,Alger,Prepaid,44,15.2,66.0,25,0.33,4,950.0,3680.0,1,Data lovers
C01964,Tlemcen,Postpaid,18,19.1,87.0,33,0.62,2,450.0,840.0,1,Students
C01965,Oran,Prepaid,35,4.9,318.0,71,0.14,3,600.0,1860.0,0,Talkers
C01966,Oran,Postpaid,21,19.0,164.0,40,0.56,2,500.0,1060.0,0,Students
C01967,Tlemcen,Prepaid,8,29.2,109.0,37,0.27,4,950.0,3470.0,0,Data lovers
C01968,Tlemcen,Prepaid,47,2.8,571.0,76,0.14,5,700.0,3470.0,0,Talkers
C01969,Setif,Prepaid,42,14.2,56.0,32,0.41,3,600.0,1750.0,0,Data lovers
C01970,Batna,Prepaid,44,4.0,639.0,67,0.13,2,700.0,1420.0,0,Talkers
C01971,Annaba,Postpaid,51,32.1,400.0,66,0.26,6,2400.0,15420.0,1,Premium
C01972,Ouargla,Prepaid,18,16.6,82.0,20,0.56,3,450.0,1370.0,0,Students
C01973,Batna,Postpaid,36,2.2,14.0,17,0.18,2,150.0,300.0,0,Low spenders
C01974,Tlemcen,Prepaid,8,20.0,71.0,44,0.56,4,400.0,1600.0,0,Students
C01975,Annaba,Postpaid,68,5.0,676.0,70,0.09,5,350.0,1880.0,0,Talkers
C01976,Alger,Prepaid,31,26.1,119.0,22,0.48,3,750.0,2170.0,0,Data lovers
C01977,Blida,Prepaid,26,28.2,104.0,8,0.39,5,750.0,3670.0,0,Data lovers
C01978,Annaba,Postpaid,35,1.0,144.0,28,0.25,2,350.0,770.0,0,Low spenders
C01979,Constantine,Prepaid,13,19.3,83.0,46,0.56,1,350.0,360.0,0,Students
C01980,Tizi Ouzou,Prepaid,16,27.4,80.0,70,0.51,5,350.0,1660.0,0,Students
C01981,Constantine,Postpaid,20,6.3,49.0,5,0.36,0,150.0,0.0,0,Low spenders
C01982,Tlemcen,Prepaid,48,2.4,545.0,61,0.22,3,550.0,1760.0,0,Talkers
C01983,Batna,Prepaid,27,5.1,495.0,74,0.1,2,400.0,810.0,0,Talkers
C01984,Batna,Postpaid,77,44.5,585.0,33,0.18,6,2000.0,11850.0,0,Premium
C01985,Ouargla,Prepaid,47,1.4,151.0,0,0.09,2,200.0,360.0,0,Low spenders
C01986,Oran,Prepaid,36,38.0,71.0,24,0.44,4,650.0,2810.0,0,Data lovers
C01987,Constantine,Prepaid,22,0.3,62.0,1,0.19,1,100.0,100.0,0,Low spenders
C01988,Alger,Prepaid,32,31.1,119.0,25,0.28,4,750.0,2850.0,0,Data lovers
C01989,Oran,Prepaid,33,20.4,153.0,25,0.54,3,1000.0,3200.0,0,Data lovers
C01990,Oran,Prepaid,23,22.8,93.0,58,0.59,2,400.0,760.0,0,Students
C01991,Batna,Prepaid,19,4.1,128.0,35,0.19,2,150.0,320.0,0,Low spenders
C01992,Constantine,Postpaid,48,48.5,319.0,51,0.38,5,2750.0,13490.0,0,Premium
C01993,Setif,Prepaid,35,23.3,78.0,4,0.3,4,850.0,3520.0,0,Data lovers
C01994,Blida,Prepaid,45,4.4,510.0,46,0.2,4,950.0,3720.0,0,Talkers
C01995,Blida,Prepaid,9,31.6,91.0,13,0.52,3,1400.0,4430.0,0,Data lovers
C01996,Ouargla,Prepaid,17,39.2,63.0,13,0.37,4,1050.0,4280.0,0,Data lovers
C01997,Ouargla,Prepaid,21,2.4,73.0,6,0.1,0,250.0,0.0,0,Low spenders
C01998,Annaba,Prepaid,31,1.8,748.0,62,0.18,3,550.0,1810.0,0,Talkers
C01999,Constantine,Prepaid,34,33.5,159.0,19,0.23,5,1050.0,5140.0,0,Data lovers
C02000,Alger,Prepaid,15,2.2,86.0,19,0.37,0,250.0,0.0,0,Low spenders
C02001,Blida,Prepaid,14,28.4,162.0,53,0.55,3,300.0,830.0,0,Students
C02002,Constantine,Postpaid,26,30.1,150.0,34,0.43,4,750.0,3000.0,0,Data lovers
C02003,Batna,Prepaid,47,44.7,108.0,20,0.51,6,550.0,3200.0,0,Data lovers
C02004,Blida,Prepaid,35,37.6,150.0,28,0.38,5,1350.0,7110.0,0,Data lovers
C02005,Ouargla,Postpaid,94,45.3,323.0,46,0.45,5,2550.0,13540.0,0,Premium
C02006,Alger,Postpaid,23,41.4,139.0,22,0.57,4,950.0,3640.0,0,Data lovers
C02007,Blida,Prepaid,29,30.6,449.0,83,0.23,4,2050.0,7690.0,1,Premium
C02008,Blida,Prepaid,40,3.7,72.0,27,0.08,1,300.0,280.0,0,Low spenders
C02009,Ouargla,Prepaid,40,4.1,827.0,57,0.13,2,650.0,1170.0,0,Talkers
C02010,Batna,Prepaid,44,2.7,475.0,80,0.12,4,700.0,2700.0,0,Talkers
C02011,Tizi Ouzou,Postpaid,27,32.4,75.0,5,0.45,4,850.0,3390.0,0,Data lovers
C02012,Ouargla,Postpaid,30,2.8,62.0,18,0.2,2,300.0,630.0,0,Low spenders
C02013,Tizi Ouzou,Prepaid,64,4.7,635.0,79,0.14,3,550.0,1720.0,0,Talkers
C02014,Tlemcen,Prepaid,5,23.5,151.0,49,0.68,2,400.0,790.0,0,Students
C02015,Oran,Prepaid,12,18.6,183.0,31,0.45,3,500.0,1360.0,0,Students
C02016,Batna,Prepaid,37,5.2,668.0,88,0.16,4,400.0,1740.0,0,Talkers
C02017,Blida,Prepaid,43,5.8,635.0,79,0.2,4,550.0,2390.0,0,Talkers
C02018,Setif,Prepaid,4,4.4,71.0,13,0.23,0,250.0,0.0,0,Low spenders
C02019,Batna,Postpaid,19,18.7,211.0,38,0.42,2,350.0,700.0,0,Students
C02020,Annaba,Prepaid,21,43.9,76.0,13,0.39,2,850.0,1550.0,0,Data lovers
C02021,Batna,Prepaid,11,25.7,169.0,33,0.55,3,350.0,950.0,0,Students
C02022,Constantine,Prepaid,13,19.8,124.0,58,0.69,3,400.0,1200.0,0,Students
C02023,Annaba,Prepaid,4,2.8,94.0,12,0.28,1,200.0,200.0,0,Low spenders
C02024,Blida,Postpaid,8,17.3,152.0,18,0.66,3,500.0,1440.0,0,Students
C02025,Blida,Prepaid,68,57.3,471.0,41,0.33,3,3150.0,9120.0,1,Premium
C02026,Annaba,Prepaid,25,3.8,41.0,17,0.2,1,300.0,320.0,0,Low spenders
C02027,Oran,Postpaid,8,16.8,97.0,38,0.52,3,400.0,1100.0,0,Students
C02028,Oran,Prepaid,9,35.0,118.0,27,0.35,4,550.0,2240.0,0,Data lovers
C02029,Tizi Ouzou,Prepaid,20,22.7,112.0,48,0.61,2,200.0,390.0,0,Students
C02030,Annaba,Postpaid,0,13.5,97.0,34,0.7,3,400.0,1230.0,0,Students
C02031,Setif,Prepaid,20,3.0,41.0,17,0.23,2,200.0,420.0,0,Low spenders
C02032,Annaba,Prepaid,55,41.6,590.0,51,0.21,6,1950.0,12560.0,0,Premium
C02033,Batna,Prepaid,10,24.1,135.0,47,0.8,2,200.0,440.0,0,Students
C02034,Ouargla,Prepaid,62,32.6,460.0,24,0.09,3,2300.0,6260.0,0,Premium
C02035,Setif,Prepaid,6,3.8,57.0,33,0.1,1,200.0,190.0,0,Low spenders
C02036,Alger,Prepaid,42,7.1,589.0,64,0.15,5,850.0,4210.0,0,Talkers
C02037,Alger,Prepaid,16,15.2,48.0,32,0.43,2,400.0,780.0,0,Students
C02038,Alger,Postpaid,44,53.5,592.0,80,0.28,5,3600.0,18530.0,1,Premium
C02039,Oran,Prepaid,38,2.5,57.0,13,0.09,1,250.0,260.0,0,Low spenders
C02040,Tlemcen,Postpaid,38,15.2,903.0,76,0.17,3,700.0,1990.0,0,Talkers
C02041,Setif,Prepaid,18,17.2,115.0,50,0.54,4,400.0,1580.0,0,Students
C02042,Tizi Ouzou,Prepaid,26,2.9,61.0,38,0.19,1,150.0,140.0,0,Low spenders
C02043,Batna,Prepaid,26,1.1,498.0,71,0.23,1,450.0,420.0,0,Talkers
C02044,Batna,Prepaid,53,51.2,495.0,46,0.26,6,2700.0,15620.0,0,Premium
C02045,Oran,Postpaid,0,2.6,144.0,0,0.12,1,150.0,160.0,0,Low spenders
C02046,Oran,Prepaid,9,20.3,123.0,51,0.52,3,300.0,980.0,1,Students
C02047,Ouargla,Prepaid,45,27.6,126.0,19,0.56,3,650.0,1990.0,0,Data lovers
C02048,Setif,Prepaid,57,5.2,713.0,96,0.22,2,650.0,1330.0,0,Talkers
C02049,Ouargla,Prepaid,29,0.4,156.0,16,0.41,1,250.0,240.0,0,Low spenders
C02050,Tizi Ouzou,Prepaid,60,52.6,509.0,69,0.31,6,2450.0,14040.0,0,Premium
C02051,Tizi Ouzou,Prepaid,59,46.3,432.0,64,0.2,3,2000.0,6380.0,0,Premium
C02052,Blida,Prepaid,22,37.7,108.0,14,0.4,5,500.0,2530.0,0,Data lovers
C02053,Tlemcen,Prepaid,31,28.2,120.0,34,0.26,2,1550.0,3010.0,0,Data lovers
C02054,Annaba,Prepaid,14,5.4,123.0,19,0.12,1,150.0,150.0,0,Low spenders
C02055,Constantine,Prepaid,22,3.1,42.0,6,0.33,1,250.0,230.0,0,Low spenders
C02056,Tizi Ouzou,Prepaid,11,1.2,109.0,11,0.23,1,350.0,340.0,0,Low spenders
C02057,Setif,Postpaid,19,15.3,147.0,27,0.47,2,400.0,730.0,0,Students
C02058,Tizi Ouzou,Postpaid,8,18.9,194.0,41,0.59,2,350.0,720.0,0,Students
C02059,Batna,Postpaid,7,3.0,31.0,27,0.27,1,300.0,290.0,0,Low spenders
C02060,Setif,Prepaid,32,24.8,99.0,19,0.47,4,950.0,4040.0,1,Data lovers
C02061,Tizi Ouzou,Prepaid,50,37.9,169.0,19,0.47,3,900.0,2830.0,0,Data lovers
C02062,Constantine,Prepaid,6,1.7,69.0,8,0.29,1,50.0,50.0,0,Low spenders
C02063,Oran,Prepaid,6,19.2,0.0,14,0.65,2,400.0,850.0,0,Students
C02064,Oran,Prepaid,0,1.3,74.0,10,0.2,1,150.0,160.0,1,Low spenders
C02065,Oran,Prepaid,48,5.7,606.0,63,0.22,4,550.0,2220.0,0,Talkers
C02066,Constantine,Prepaid,57,5.8,705.0,69,0.05,2,550.0,1040.0,0,Talkers
C02067,Tizi Ouzou,Postpaid,41,59.7,155.0,20,0.45,5,650.0,3250.0,0,Data lovers
C02068,Tizi Ouzou,Prepaid,17,7.2,430.0,53,0.12,4,700.0,2780.0,0,Talkers
C02069,Tizi Ouzou,Prepaid,53,39.3,352.0,63,0.25,5,3050.0,15950.0,0,Premium
C02070,Constantine,Prepaid,52,28.3,98.0,30,0.41,4,900.0,3330.0,0,Data lovers
C02071,Oran,Postpaid,3,24.1,94.0,44,0.66,3,300.0,980.0,0,Students
C02072,Ouargla,Prepaid,34,4.2,117.0,0,0.28,1,250.0,240.0,0,Low spenders
C02073,Blida,Prepaid,17,51.4,499.0,47,0.18,4,2300.0,9290.0,0,Premium
C02074,Oran,Prepaid,79,37.1,440.0,57,0.08,5,2550.0,11940.0,0,Premium
C02075,Annaba,Prepaid,21,1.7,52.0,9,0.22,1,350.0,350.0,0,Low spenders
C02076,Batna,Prepaid,45,22.6,97.0,10,0.39,4,1150.0,4440.0,0,Data lovers
C02077,Oran,Prepaid,6,11.2,171.0,51,0.64,3,250.0,690.0,0,Students
C02078,Tlemcen,Prepaid,3,1.2,784.0,67,0.09,2,500.0,1060.0,0,Talkers
C02079,Setif,Prepaid,18,21.0,136.0,67,0.55,3,400.0,1250.0,0,Students
C02080,Constantine,Prepaid,13,4.7,91.0,14,0.16,0,200.0,0.0,0,Low spenders
C02081,Annaba,Prepaid,35,2.5,79.0,27,0.23,0,300.0,0.0,0,Low spenders
C02082,Constantine,Prepaid,50,0.7,767.0,92,0.11,4,600.0,2250.0,0,Talkers
C02083,Batna,Prepaid,37,1.0,85.0,6,0.14,1,250.0,230.0,0,Low spenders
C02084,Tizi Ouzou,Prepaid,27,41.6,124.0,9,0.34,5,850.0,4150.0,0,Data lovers
C02085,Blida,Postpaid,44,8.4,24.0,31,0.47,5,900.0,4340.0,0,Data lovers
C02086,Blida,Postpaid,50,24.6,91.0,26,0.45,4,900.0,3740.0,0,Data lovers
C02087,Constantine,Prepaid,24,3.3,846.0,31,0.16,3,300.0,890.0,0,Talkers
C02088,Oran,Prepaid,46,43.7,521.0,68,0.38,4,1950.0,7660.0,1,Premium
C02089,Ouargla,Postpaid,58,7.0,889.0,45,0.11,4,650.0,2550.0,1,Talkers
C02090,Oran,Prepaid,39,37.1,95.0,22,0.4,4,1000.0,4030.0,0,Data lovers
C02091,Batna,Prepaid,13,2.3,20.0,25,0.1,1,200.0,220.0,0,Low spenders
C02092,Blida,Prepaid,54,5.6,422.0,62,0.05,4,400.0,1490.0,0,Talkers
C02093,Oran,Prepaid,32,4.3,92.0,33,0.17,1,100.0,100.0,0,Low spenders
C02094,Blida,Postpaid,31,45.2,45.0,16,0.3,3,700.0,1930.0,0,Data lovers
C02095,Alger,Prepaid,16,24.6,133.0,45,0.58,2,250.0,510.0,0,Students
C02096,Blida,Prepaid,51,4.2,776.0,87,0.13,3,800.0,2410.0,0,Talkers
C02097,Setif,Prepaid,29,24.9,84.0,21,0.23,6,750.0,4120.0,0,Data lovers
C02098,Batna,Prepaid,30,5.9,108.0,17,0.22,1,50.0,50.0,0,Low spenders
C02099,Constantine,Prepaid,29,18.0,118.0,32,0.53,4,1200.0,4950.0,0,Data lovers
C02100,Tizi Ouzou,Prepaid,54,2.3,713.0,66,0.14,1,800.0,720.0,0,Talkers
C02101,Oran,Prepaid,15,3.1,117.0,5,0.16,1,350.0,370.0,0,Low spenders
C02102,Tizi Ouzou,Prepaid,22,8.9,0.0,64,0.34,3,350.0,980.0,0,Students
C02103,Annaba,Prepaid,51,35.4,519.0,19,0.12,5,2350.0,11800.0,0,Premium
C02104,Oran,Prepaid,52,0.0,785.0,44,0.12,2,350.0,670.0,0,Talkers
C02105,Tizi Ouzou,Prepaid,11,29.9,89.0,26,0.42,4,950.0,3820.0,0,Data lovers
C02106,Ouargla,Postpaid,0,19.1,116.0,37,0.52,3,400.0,1110.0,0,Students
C02107,Tizi Ouzou,Prepaid,57,29.5,105.0,32,0.52,6,1200.0,7470.0,0,Data lovers
C02108,Constantine,Postpaid,6,21.4,87.0,48,0.45,3,400.0,1130.0,0,Students
C02109,Tlemcen,Prepaid,25,2.5,141.0,9,0.27,1,200.0,220.0,0,Low spenders
C02110,Tizi Ouzou,Prepaid,32,3.8,612.0,121,0.25,1,500.0,450.0,0,Talkers
C02111,Tizi Ouzou,Prepaid,12,21.5,16.0,26,0.63,2,350.0,710.0,0,Students
C02112,Blida,Prepaid,20,4.7,4.0,16,0.23,0,200.0,0.0,0,Low spenders
C02113,Blida,Prepaid,19,23.9,134.0,17,0.4,5,850.0,4650.0,0,Data lovers
C02114,Blida,Prepaid,8,2.9,8.0,7,0.2,2,150.0,290.0,0,Low spenders
C02115,Annaba,Prepaid,13,8.7,77.0,25,0.55,3,400.0,1180.0,0,Students
C02116,Annaba,Postpaid,27,24.7,84.0,13,0.4,5,850.0,4280.0,0,Data lovers
C02117,Oran,Prepaid,20,2.0,28.0,17,0.01,1,250.0,250.0,0,Low spenders
C02118,Tlemcen,Postpaid,2,25.6,180.0,56,0.62,3,350.0,1020.0,0,Students
C02119,Alger,Prepaid,34,20.6,82.0,20,0.34,3,900.0,2710.0,0,Data lovers
C02120,Oran,Postpaid,22,28.5,119.0,18,0.3,4,750.0,2770.0,0,Data lovers
C02121,Blida,Prepaid,16,2.8,94.0,12,0.35,1,350.0,320.0,0,Low spenders
C02122,Tlemcen,Prepaid,16,13.6,79.0,18,0.7,1,350.0,340.0,0,Students
C02123,Batna,Postpaid,9,1.5,55.0,22,0.24,1,150.0,160.0,0,Low spenders
C02124,Tlemcen,Prepaid,20,29.4,57.0,23,0.57,4,400.0,1670.0,0,Students
C02125,Oran,Prepaid,23,3.0,34.0,25,0.24,2,350.0,650.0,0,Low spenders
C02126,Alger,Postpaid,40,46.2,106.0,30,0.4,4,850.0,3230.0,0,Data lovers
C02127,Annaba,Prepaid,42,34.0,516.0,26,0.16,4,3600.0,15790.0,1,Premium
C02128,Oran,Prepaid,13,27.8,102.0,31,0.67,2,550.0,1120.0,0,Students
C02129,Alger,Prepaid,31,3.1,677.0,51,0.17,3,650.0,1860.0,0,Talkers
C02130,Tlemcen,Prepaid,17,26.2,135.0,38,0.69,3,350.0,990.0,0,Students
C02131,Oran,Postpaid,21,3.3,52.0,10,0.21,2,250.0,500.0,0,Low spenders
C02132,Constantine,Prepaid,13,26.6,100.0,41,0.68,2,400.0,740.0,0,Students
C02133,Ouargla,Prepaid,14,17.6,79.0,59,0.46,5,350.0,1680.0,0,Students
C02134,Annaba,Prepaid,13,35.8,79.0,30,0.34,5,1050.0,5470.0,0,Data lovers
C02135,Tlemcen,Prepaid,18,1.2,83.0,21,0.16,0,100.0,0.0,0,Low spenders
C02136,Alger,Prepaid,29,3.0,97.0,34,0.04,1,250.0,250.0,0,Low spenders
C02137,Annaba,Postpaid,3,14.3,133.0,37,0.54,5,450.0,2310.0,0,Students
C02138,Blida,Prepaid,13,18.1,139.0,48,0.41,1,400.0,400.0,0,Students
C02139,Tlemcen,Prepaid,36,36.3,0.0,20,0.56,6,900.0,5840.0,0,Data lovers
C02140,Alger,Prepaid,21,3.4,80.0,25,0.17,1,300.0,320.0,0,Low spenders
C02141,Constantine,Prepaid,33,59.7,459.0,55,0.19,4,3500.0,14200.0,0,Premium
C02142,Ouargla,Prepaid,64,48.0,623.0,70,0.38,5,2750.0,13540.0,0,Premium
C02143,Blida,Prepaid,32,3.8,131.0,13,0.14,2,250.0,520.0,0,Low spenders
C02144,Setif,Prepaid,38,58.7,413.0,41,0.31,5,1500.0,6910.0,0,Premium
C02145,Setif,Prepaid,66,42.7,515.0,30,0.22,6,1600.0,10110.0,0,Premium
C02146,Oran,Prepaid,67,3.3,669.0,86,0.12,2,850.0,1830.0,0,Talkers
C02147,Blida,Postpaid,36,2.5,550.0,17,0.11,4,500.0,2040.0,1,Talkers
C02148,Oran,Postpaid,26,29.3,110.0,19,0.52,4,1200.0,4580.0,0,Data lovers
C02149,Ouargla,Prepaid,11,22.4,180.0,35,0.63,2,350.0,680.0,0,Students
C02150,Alger,Prepaid,29,30.1,124.0,23,0.44,3,800.0,2540.0,0,Data lovers
C02151,Alger,Prepaid,11,29.9,0.0,32,0.44,2,500.0,1010.0,0,Students
C02152,Constantine,Prepaid,34,2.3,98.0,9,0.19,0,100.0,0.0,0,Low spenders
C02153,Constantine,Prepaid,23,46.5,110.0,0,0.34,5,1200.0,5450.0,0,Data lovers
C02154,Constantine,Prepaid,66,51.4,506.0,75,0.15,5,3800.0,20000.0,1,Premium
C02155,Blida,Prepaid,64,6.6,834.0,60,0.18,4,550.0,2010.0,0,Talkers
C02156,Blida,Prepaid,5,7.6,93.0,23,0.53,3,500.0,1440.0,0,Students
C02157,Tizi Ouzou,Prepaid,22,3.2,124.0,14,0.2,1,200.0,210.0,0,Low spenders
C02158,Tlemcen,Prepaid,19,31.2,117.0,9,0.41,5,750.0,4040.0,0,Data lovers
C02159,Ouargla,Prepaid,8,1.0,43.0,20,0.2,1,150.0,150.0,0,Low spenders
C02160,Batna,Prepaid,23,21.8,79.0,15,0.27,1,1050.0,1040.0,0,Data lovers
C02161,Constantine,Prepaid,46,26.2,83.0,0,0.53,4,900.0,3410.0,0,Data lovers
C02162,Setif,Prepaid,19,36.0,79.0,41,0.57,3,350.0,1150.0,0,Students
C02163,Blida,Prepaid,33,4.2,868.0,66,0.22,5,350.0,1630.0,0,Talkers
C02164,Tizi Ouzou,Prepaid,11,3.2,98.0,5,0.23,0,250.0,0.0,0,Low spenders
C02165,Oran,Postpaid,20,25.6,118.0,10,0.32,4,1000.0,4320.0,0,Data lovers
C02166,Tlemcen,Prepaid,2,15.5,158.0,35,0.5,4,250.0,1000.0,0,Students
C02167,Annaba,Prepaid,44,1.9,87.0,1,0.19,1,100.0,110.0,0,Low spenders
C02168,Batna,Prepaid,9,13.2,157.0,17,0.48,3,450.0,1260.0,0,Students
C02169,Annaba,Prepaid,12,14.7,174.0,64,0.53,4,550.0,2320.0,0,Students
C02170,Alger,Prepaid,50,5.0,671.0,63,0.17,3,350.0,950.0,0,Talkers
C02171,Batna,Prepaid,11,26.3,0.0,37,0.51,3,250.0,750.0,0,Students
C02172,Annaba,Prepaid,39,15.2,703.0,40,0.09,4,700.0,2700.0,0,Talkers
C02173,Ouargla,Prepaid,34,36.3,88.0,23,0.5,6,550.0,3090.0,0,Data lovers
C02174,Alger,Prepaid,9,3.2,66.0,4,0.09,1,150.0,140.0,0,Low spenders
C02175,Ouargla,Prepaid,7,21.2,108.0,34,0.45,4,350.0,1530.0,0,Students
C02176,Annaba,Prepaid,35,3.6,541.0,28,0.22,4,500.0,2070.0,0,Talkers
C02177,Ouargla,Prepaid,33,1.3,665.0,70,0.18,5,600.0,2730.0,0,Talkers
C02178,Oran,Prepaid,19,2.4,124.0,8,0.14,1,250.0,240.0,0,Low spenders
C02179,Blida,Prepaid,37,30.7,124.0,15,0.24,3,600.0,1780.0,0,Data lovers
C02180,Tizi Ouzou,Prepaid,67,21.4,164.0,33,0.3,4,950.0,3530.0,0,Data lovers
C02181,Oran,Prepaid,12,15.7,89.0,49,0.57,2,300.0,590.0,0,Students
C02182,Ouargla,Prepaid,69,23.9,106.0,19,0.15,4,500.0,1820.0,0,Data lovers
C02183,Tlemcen,Prepaid,19,19.4,131.0,24,0.55,5,1100.0,5840.0,0,Data lovers
C02184,Blida,Prepaid,58,1.9,521.0,62,0.19,4,500.0,2080.0,0,Talkers
C02185,Batna,Postpaid,36,17.4,52.0,18,0.4,4,950.0,4170.0,0,Data lovers
C02186,Tizi Ouzou,Prepaid,53,30.1,346.0,46,0.26,6,2750.0,16490.0,1,Premium
C02187,Setif,Prepaid,19,36.4,34.0,4,0.16,5,950.0,5120.0,0,Data lovers
C02188,Batna,Prepaid,42,2.8,387.0,56,0.11,3,450.0,1330.0,0,Talkers
C02189,Ouargla,Prepaid,12,5.1,151.0,14,0.29,1,200.0,220.0,0,Low spenders
C02190,Tizi Ouzou,Prepaid,42,33.4,150.0,40,0.45,3,750.0,2070.0,0,Data lovers
C02191,Batna,Prepaid,32,0.8,74.0,18,0.22,1,150.0,140.0,0,Low spenders
C02192,Setif,Prepaid,27,1.8,72.0,15,0.23,1,100.0,110.0,0,Low spenders
C02193,Ouargla,Prepaid,45,5.4,719.0,79,0.1,3,400.0,1280.0,0,Talkers
C02194,Alger,Prepaid,63,39.7,269.0,70,0.21,6,2000.0,11250.0,0,Premium
C02195,Setif,Prepaid,69,4.4,634.0,63,0.16,1,550.0,560.0,0,Talkers
C02196,Constantine,Prepaid,45,19.5,129.0,41,0.32,4,800.0,2980.0,0,Data lovers
C02197,Oran,Prepaid,33,33.2,65.0,27,0.44,4,1000.0,4340.0,0,Data lovers
C02198,Blida,Prepaid,10,3.8,142.0,11,0.09,0,150.0,0.0,0,Low spenders
C02199,Oran,Prepaid,6,1.8,29.0,7,0.26,1,200.0,190.0,0,Low spenders
C02200,Blida,Prepaid,57,4.2,539.0,40,0.1,4,600.0,2190.0,0,Talkers
C02201,Setif,Prepaid,45,7.2,613.0,62,0.14,3,550.0,1750.0,0,Talkers
C02202,Setif,Postpaid,48,6.5,484.0,61,0.11,2,450.0,950.0,0,Talkers
C02203,Batna,Prepaid,56,3.6,51.0,10,0.03,1,150.0,160.0,0,Low spenders
C02204,Annaba,Prepaid,35,22.0,103.0,31,0.27,5,1100.0,5230.0,0,Data lovers
C02205,Tizi Ouzou,Prepaid,68,33.5,187.0,5,0.16,4,900.0,3760.0,0,Data lovers
C02206,Tlemcen,Prepaid,11,11.6,153.0,19,0.64,3,400.0,1100.0,0,Students
C02207,Tlemcen,Prepaid,10,22.2,101.0,29,0.33,3,1150.0,3760.0,0,Data lovers
C02208,Ouargla,Prepaid,42,4.4,517.0,77,0.19,3,400.0,1310.0,0,Talkers
C02209,Alger,Prepaid,19,3.3,84.0,10,0.19,1,250.0,240.0,0,Low spenders
C02210,Tizi Ouzou,Prepaid,3,12.9,101.0,22,0.47,1,400.0,430.0,0,Students
C02211,Batna,Prepaid,46,34.7,141.0,28,0.25,4,1150.0,4900.0,0,Data lovers
C02212,Constantine,Prepaid,23,4.0,11.0,15,0.23,1,250.0,230.0,0,Low spenders
C02213,Tizi Ouzou,Prepaid,29,33.4,124.0,21,0.41,4,550.0,2230.0,0,Data lovers
C02214,Constantine,Prepaid,0,27.2,151.0,45,0.65,2,250.0,530.0,0,Students
C02215,Ouargla,Prepaid,5,29.3,74.0,5,0.33,4,1200.0,4480.0,0,Data lovers
C02216,Setif,Postpaid,11,2.7,163.0,36,0.48,3,350.0,1100.0,0,Students
C02217,Batna,Prepaid,6,15.7,50.0,43,0.59,2,600.0,1270.0,0,Students
C02218,Constantine,Prepaid,17,22.3,168.0,32,0.6,4,550.0,2020.0,0,Students
C02219,Batna,Postpaid,38,5.2,785.0,30,0.14,4,900.0,3410.0,0,Talkers
C02220,Oran,Prepaid,40,15.2,54.0,23,0.47,3,700.0,1940.0,0,Data lovers
C02221,Batna,Prepaid,30,28.9,49.0,20,0.4,6,1100.0,6800.0,0,Data lovers
C02222,Tlemcen,Prepaid,14,15.2,72.0,28,0.24,1,250.0,270.0,0,Low spenders
C02223,Oran,Prepaid,65,53.8,595.0,37,0.26,7,2200.0,15200.0,0,Premium
C02224,Constantine,Postpaid,22,37.2,53.0,22,0.34,3,800.0,2630.0,0,Data lovers
C02225,Constantine,Prepaid,31,2.3,134.0,19,0.14,1,100.0,90.0,0,Low spenders
C02226,Tizi Ouzou,Prepaid,26,0.8,86.0,8,0.24,0,200.0,0.0,0,Low spenders
C02227,Alger,Prepaid,53,20.6,135.0,15,0.47,4,850.0,3520.0,1,Data lovers
C02228,Constantine,Prepaid,49,3.4,585.0,47,0.12,4,500.0,1970.0,0,Talkers
C02229,Batna,Postpaid,46,50.4,199.0,56,0.22,5,2550.0,11820.0,0,Premium
C02230,Blida,Prepaid,17,10.3,117.0,37,0.65,3,400.0,1200.0,0,Students
C02231,Tizi Ouzou,Prepaid,17,5.0,376.0,52,0.08,2,650.0,1410.0,0,Talkers
C02232,Tlemcen,Prepaid,41,5.8,774.0,107,0.2,2,550.0,1130.0,0,Talkers
C02233,Alger,Prepaid,25,3.5,112.0,4,0.19,0,150.0,0.0,0,Low spenders
C02234,Tlemcen,Postpaid,0,2.1,58.0,20,0.23,1,0.0,0.0,0,Low spenders
C02235,Tizi Ouzou,Postpaid,42,5.5,594.0,42,0.19,4,550.0,2290.0,0,Talkers
C02236,Setif,Prepaid,52,32.1,47.0,20,0.41,5,800.0,3890.0,0,Data lovers
C02237,Batna,Prepaid,10,21.6,151.0,23,0.58,3,350.0,1070.0,0,Students
C02238,Annaba,Postpaid,34,26.6,80.0,19,0.38,5,550.0,2500.0,0,Data lovers
C02239,Batna,Prepaid,30,46.4,114.0,30,0.27,3,850.0,2790.0,0,Data lovers
C02240,Annaba,Prepaid,4,4.8,59.0,15,0.07,1,300.0,330.0,0,Low spenders
C02241,Ouargla,Prepaid,21,2.8,110.0,4,0.19,1,350.0,320.0,0,Low spenders
C02242,Alger,Postpaid,5,16.5,117.0,40,0.54,4,450.0,1970.0,0,Students
C02243,Tlemcen,Prepaid,35,28.2,108.0,32,0.37,3,800.0,2590.0,0,Data lovers
C02244,Blida,Prepaid,20,4.7,124.0,5,0.22,1,150.0,150.0,0,Low spenders
C02245,Oran,Prepaid,41,37.4,463.0,65,0.48,6,2250.0,13590.0,0,Premium
C02246,Annaba,Postpaid,18,3.0,80.0,15,0.21,1,50.0,50.0,0,Low spenders
C02247,Annaba,Prepaid,45,43.3,553.0,56,0.18,4,2050.0,7800.0,0,Premium
C02248,Blida,Prepaid,16,24.0,143.0,40,0.44,3,450.0,1370.0,0,Students
C02249,Ouargla,Prepaid,50,3.0,497.0,43,0.18,3,650.0,2090.0,0,Talkers
C02250,Tizi Ouzou,Prepaid,7,15.2,104.0,22,0.6,2,350.0,640.0,0,Students
C02251,Setif,Postpaid,14,15.2,91.0,1,0.33,0,350.0,0.0,0,Low spenders
C02252,Alger,Prepaid,22,38.2,118.0,33,0.57,3,900.0,2830.0,0,Data lovers
C02253,Setif,Prepaid,20,23.0,117.0,36,0.46,4,1000.0,4110.0,0,Data lovers
C02254,Alger,Postpaid,25,3.1,562.0,53,0.12,5,750.0,3500.0,0,Talkers
C02255,Batna,Prepaid,30,30.9,75.0,14,0.28,2,1200.0,2420.0,0,Data lovers
C02256,Tlemcen,Prepaid,27,4.0,93.0,19,0.16,1,300.0,320.0,0,Low spenders
C02257,Annaba,Postpaid,17,27.2,111.0,47,0.66,1,600.0,620.0,0,Students
C02258,Setif,Prepaid,14,32.1,68.0,43,0.51,5,1150.0,5560.0,0,Data lovers
C02259,Batna,Prepaid,28,3.9,137.0,20,0.09,0,300.0,0.0,0,Low spenders
C02260,Ouargla,Prepaid,43,55.5,416.0,44,0.27,6,2800.0,15310.0,1,Premium
C02261,Alger,Prepaid,28,0.9,708.0,64,0.15,4,750.0,2830.0,0,Talkers
C02262,Tlemcen,Prepaid,32,2.4,653.0,77,0.24,2,550.0,1000.0,0,Talkers
C02263,Oran,Prepaid,21,59.7,110.0,38,0.59,3,400.0,1180.0,0,Students
C02264,Blida,Prepaid,24,2.6,67.0,2,0.18,1,200.0,190.0,0,Low spenders
C02265,Ouargla,Prepaid,13,17.4,96.0,45,0.45,3,500.0,1390.0,0,Students
C02266,Annaba,Prepaid,46,52.1,524.0,39,0.3,6,1450.0,7890.0,0,Premium
C02267,Oran,Prepaid,18,16.9,229.0,54,0.61,2,450.0,890.0,0,Students
C02268,Ouargla,Prepaid,34,39.4,135.0,23,0.41,4,1200.0,4830.0,0,Data lovers
C02269,Alger,Prepaid,15,12.2,164.0,36,0.56,4,550.0,2360.0,0,Students
C02270,Setif,Prepaid,16,2.4,77.0,17,0.26,0,50.0,0.0,0,Low spenders
C02271,Tlemcen,Prepaid,56,2.9,497.0,73,0.12,4,800.0,2910.0,0,Talkers
C02272,Constantine,Prepaid,29,2.6,108.0,2,0.13,2,150.0,320.0,0,Low spenders
C02273,Tizi Ouzou,Prepaid,31,1.2,89.0,14,0.27,2,100.0,200.0,0,Low spenders
C02274,Batna,Prepaid,0,22.4,250.0,21,0.56,4,500.0,2050.0,0,Students
C02275,Oran,Prepaid,53,2.6,791.0,73,0.12,5,650.0,3240.0,0,Talkers
C02276,Annaba,Prepaid,30,15.2,33.0,24,0.53,5,850.0,3930.0,0,Data lovers
C02277,Tizi Ouzou,Prepaid,13,5.6,133.0,12,0.19,1,200.0,200.0,0,Low spenders
C02278,Constantine,Prepaid,12,29.3,147.0,45,0.48,4,650.0,2470.0,0,Students
C02279,Batna,Prepaid,33,2.0,893.0,47,0.21,2,650.0,1400.0,0,Talkers
C02280,Oran,Prepaid,21,1.0,84.0,19,0.23,1,50.0,50.0,0,Low spenders
C02281,Ouargla,Prepaid,29,32.6,128.0,14,0.44,4,900.0,3490.0,0,Data lovers
C02282,Alger,Prepaid,3,21.0,2.0,31,0.57,3,350.0,1020.0,0,Students
C02283,Tizi Ouzou,Prepaid,24,31.9,106.0,8,0.5,3,1150.0,3400.0,0,Data lovers
C02284,Blida,Prepaid,9,34.5,110.0,14,0.64,2,750.0,1630.0,0,Data lovers
C02285,Alger,Prepaid,0,1.8,718.0,50,0.08,3,750.0,2370.0,0,Talkers
C02286,Constantine,Prepaid,63,5.1,677.0,69,0.21,3,450.0,1230.0,0,Talkers
C02287,Blida,Prepaid,31,25.1,0.0,42,0.36,2,450.0,910.0,0,Data lovers
C02288,Oran,Prepaid,53,42.9,98.0,22,0.49,4,1000.0,3970.0,0,Data lovers
C02289,Oran,Prepaid,0,5.3,61.0,2,0.07,0,300.0,0.0,0,Low spenders
C02290,Setif,Prepaid,21,5.2,369.0,52,0.09,1,550.0,510.0,0,Talkers
C02291,Oran,Prepaid,47,33.6,124.0,30,0.39,2,750.0,1360.0,0,Data lovers
C02292,Annaba,Postpaid,20,4.5,72.0,2,0.3,1,200.0,210.0,0,Low spenders
C02293,Batna,Prepaid,40,44.2,390.0,58,0.26,5,2800.0,13270.0,0,Premium
C02294,Tlemcen,Prepaid,15,14.7,32.0,32,0.51,4,500.0,1890.0,0,Students
C02295,Tizi Ouzou,Prepaid,41,39.0,70.0,20,0.37,3,950.0,2810.0,0,Data lovers
C02296,Annaba,Prepaid,17,14.7,115.0,33,0.76,2,500.0,990.0,0,Students
C02297,Annaba,Prepaid,32,2.9,726.0,55,0.08,5,600.0,2720.0,0,Talkers
C02298,Ouargla,Prepaid,27,23.6,87.0,21,0.45,6,750.0,4370.0,0,Data lovers
C02299,Alger,Prepaid,18,4.4,37.0,23,0.15,1,250.0,240.0,0,Low spenders
C02300,Tizi Ouzou,Prepaid,13,23.1,124.0,27,0.55,4,450.0,1950.0,0,Students
C02301,Oran,Prepaid,13,15.0,124.0,28,0.63,2,400.0,750.0,0,Students
C02302,Tizi Ouzou,Postpaid,19,2.7,138.0,16,0.15,1,200.0,200.0,0,Low spenders
C02303,Annaba,Prepaid,17,21.7,124.0,40,0.74,2,300.0,580.0,0,Students
C02304,Tizi Ouzou,Prepaid,48,49.4,124.0,70,0.3,7,2650.0,19270.0,0,Premium
C02305,Constantine,Prepaid,22,24.7,113.0,61,0.65,1,350.0,350.0,0,Students
C02306,Annaba,Postpaid,61,6.7,593.0,48,0.06,4,650.0,2450.0,0,Talkers
C02307,Constantine,Prepaid,25,34.4,134.0,25,0.48,5,750.0,4010.0,0,Data lovers
C02308,Ouargla,Prepaid,43,32.8,581.0,48,0.27,4,2000.0,8570.0,0,Premium
C02309,Constantine,Prepaid,31,33.4,59.0,6,0.3,6,1000.0,6260.0,0,Data lovers
C02310,Batna,Prepaid,3,38.1,161.0,33,0.58,3,450.0,1280.0,0,Students
C02311,Batna,Prepaid,31,59.7,569.0,52,0.24,5,1900.0,8580.0,0,Premium
C02312,Oran,Prepaid,12,1.5,73.0,12,0.1,0,150.0,0.0,0,Low spenders
C02313,Batna,Prepaid,33,15.5,586.0,1,0.16,3,550.0,1780.0,0,Talkers
C02314,Ouargla,Prepaid,25,32.7,63.0,42,0.53,3,400.0,1250.0,0,Students
C02315,Tlemcen,Prepaid,9,4.4,133.0,14,0.24,1,150.0,150.0,0,Low spenders
C02316,Alger,Prepaid,35,51.5,747.0,46,0.16,5,2250.0,11700.0,0,Premium
C02317,Blida,Prepaid,24,3.6,124.0,12,0.16,0,250.0,0.0,0,Low spenders
C02318,Oran,Postpaid,15,29.4,97.0,4,0.42,4,1100.0,4780.0,0,Data lovers
C02319,Ouargla,Prepaid,39,27.4,146.0,9,0.6,6,750.0,4510.0,0,Data lovers
C02320,Ouargla,Prepaid,44,54.5,566.0,64,0.19,4,1850.0,6850.0,0,Premium
C02321,Constantine,Prepaid,22,5.7,551.0,56,0.11,1,650.0,660.0,0,Talkers
C02322,Alger,Prepaid,42,3.9,576.0,63,0.14,3,600.0,1650.0,0,Talkers
C02323,Batna,Prepaid,6,3.1,0.0,5,0.18,1,200.0,210.0,0,Low spenders
C02324,Setif,Prepaid,37,0.4,571.0,47,0.11,5,600.0,3080.0,0,Talkers
C02325,Blida,Prepaid,42,15.2,776.0,33,0.16,3,800.0,2260.0,0,Talkers
C02326,Batna,Prepaid,66,47.4,478.0,57,0.19,6,1650.0,9400.0,1,Premium
C02327,Ouargla,Prepaid,7,21.3,124.0,41,0.6,1,400.0,390.0,0,Students
C02328,Annaba,Postpaid,7,4.9,842.0,87,0.13,2,750.0,1610.0,0,Talkers
C02329,Ouargla,Prepaid,3,11.5,135.0,39,0.64,3,450.0,1360.0,0,Students
C02330,Batna,Prepaid,35,49.3,350.0,70,0.05,6,3200.0,18440.0,1,Premium
C02331,Constantine,Prepaid,14,15.2,237.0,29,0.51,4,150.0,630.0,0,Students
C02332,Setif,Prepaid,20,26.8,147.0,26,0.44,3,500.0,1460.0,0,Students
C02333,Annaba,Prepaid,53,25.9,45.0,30,0.21,4,700.0,2600.0,0,Data lovers
C02334,Ouargla,Prepaid,16,44.2,134.0,20,0.39,3,750.0,2140.0,0,Data lovers
C02335,Tlemcen,Prepaid,52,0.8,583.0,96,0.17,3,350.0,1060.0,0,Talkers
C02336,Oran,Prepaid,40,45.2,654.0,52,0.21,6,3050.0,18000.0,0,Premium
C02337,Setif,Postpaid,10,0.9,101.0,0,0.1,1,350.0,370.0,0,Low spenders
C02338,Tizi Ouzou,Prepaid,18,20.8,164.0,54,0.74,2,300.0,640.0,0,Students
C02339,Constantine,Prepaid,43,6.9,674.0,40,0.1,3,350.0,1090.0,0,Talkers
C02340,Tizi Ouzou,Prepaid,16,14.1,117.0,35,0.52,3,300.0,980.0,0,Students
C02341,Batna,Postpaid,25,0.9,97.0,10,0.17,1,200.0,190.0,0,Low spenders
C02342,Ouargla,Prepaid,13,4.5,120.0,20,0.27,1,150.0,160.0,0,Low spenders
C02343,Annaba,Postpaid,29,33.5,88.0,18,0.46,5,750.0,3850.0,0,Data lovers
C02344,Oran,Prepaid,53,2.9,587.0,58,0.15,4,750.0,3090.0,0,Talkers
C02345,Oran,Prepaid,6,16.6,70.0,28,0.62,4,300.0,1160.0,0,Students
C02346,Setif,Prepaid,13,8.0,438.0,62,0.15,2,550.0,1130.0,0,Talkers
C02347,Alger,Postpaid,33,0.0,106.0,11,0.13,2,200.0,370.0,0,Low spenders
C02348,Annaba,Prepaid,11,16.2,31.0,44,0.47,3,250.0,760.0,0,Students
C02349,Annaba,Prepaid,56,4.3,303.0,87,0.24,6,600.0,3910.0,0,Talkers
C02350,Batna,Prepaid,25,2.4,136.0,8,0.64,6,400.0,2300.0,0,Students
C02351,Alger,Prepaid,36,29.3,11.0,28,0.5,3,1150.0,3140.0,0,Data lovers
C02352,Batna,Prepaid,14,15.2,223.0,33,0.55,3,350.0,1060.0,0,Students
C02353,Batna,Prepaid,46,3.8,557.0,63,0.16,2,500.0,1010.0,0,Talkers
C02354,Tizi Ouzou,Prepaid,26,38.7,104.0,25,0.56,5,950.0,4760.0,0,Data lovers
C02355,Oran,Prepaid,14,20.9,79.0,15,0.61,5,350.0,1680.0,0,Students
C02356,Setif,Prepaid,13,1.6,611.0,43,0.11,4,550.0,2130.0,0,Talkers
C02357,Oran,Prepaid,40,52.3,340.0,82,0.3,5,2150.0,10970.0,0,Premium
C02358,Ouargla,Prepaid,9,14.8,124.0,30,0.62,2,300.0,660.0,0,Students
C02359,Batna,Prepaid,5,1.2,124.0,20,0.14,1,150.0,150.0,0,Low spenders
C02360,Oran,Prepaid,24,3.4,60.0,22,0.18,0,200.0,0.0,0,Low spenders
C02361,Tizi Ouzou,Prepaid,15,2.3,92.0,0,0.24,1,200.0,190.0,0,Low spenders
C02362,Oran,Prepaid,71,2.9,604.0,32,0.15,3,600.0,1970.0,0,Talkers
C02363,Oran,Prepaid,45,33.5,138.0,20,0.41,4,700.0,2540.0,0,Data lovers
C02364,Ouargla,Prepaid,68,36.5,594.0,53,0.34,6,2350.0,13990.0,0,Premium
C02365,Constantine,Prepaid,12,2.0,0.0,18,0.28,1,100.0,90.0,0,Low spenders
C02366,Oran,Prepaid,35,22.0,107.0,0,0.33,4,1000.0,4070.0,0,Data lovers
C02367,Tizi Ouzou,Prepaid,26,15.2,80.0,12,0.35,5,1200.0,6550.0,0,Data lovers
C02368,Oran,Prepaid,40,19.4,98.0,9,0.28,4,1150.0,4160.0,0,Data lovers
C02369,Batna,Postpaid,33,4.7,786.0,73,0.19,3,400.0,1130.0,1,Talkers
C02370,Alger,Prepaid,13,30.9,106.0,16,0.57,4,850.0,3470.0,0,Data lovers
C02371,Tizi Ouzou,Prepaid,35,26.9,91.0,25,0.33,5,950.0,4720.0,0,Data lovers
C02372,Blida,Prepaid,54,15.2,91.0,11,0.59,4,1200.0,4740.0,0,Data lovers
C02373,Constantine,Prepaid,18,19.0,198.0,44,0.44,2,400.0,790.0,0,Students
C02374,Batna,Postpaid,38,4.3,37.0,18,0.29,1,250.0,240.0,0,Low spenders
C02375,Constantine,Prepaid,21,2.3,26.0,31,0.23,1,150.0,140.0,0,Low spenders
C02376,Batna,Prepaid,5,10.3,47.0,34,0.62,3,200.0,550.0,0,Students
C02377,Ouargla,Prepaid,45,33.8,137.0,28,0.36,4,850.0,3130.0,0,Data lovers
C02378,Tizi Ouzou,Prepaid,14,3.8,97.0,12,0.26,1,300.0,330.0,0,Low spenders
C02379,Ouargla,Prepaid,26,1.7,552.0,80,0.13,3,600.0,1820.0,0,Talkers
C02380,Setif,Prepaid,24,1.9,102.0,16,0.17,1,250.0,230.0,0,Low spenders
C02381,Constantine,Prepaid,7,14.7,149.0,53,0.69,4,550.0,2400.0,0,Students
C02382,Oran,Prepaid,53,35.6,67.0,29,0.27,3,450.0,1440.0,0,Data lovers
C02383,Tlemcen,Prepaid,19,4.7,43.0,28,0.34,1,350.0,350.0,0,Low spenders
C02384,Constantine,Prepaid,6,5.5,99.0,9,0.18,0,200.0,0.0,0,Low spenders
C02385,Batna,Postpaid,42,3.4,29.0,28,0.27,1,100.0,110.0,0,Low spenders
C02386,Ouargla,Prepaid,11,17.2,106.0,19,0.27,4,750.0,2940.0,0,Data lovers
C02387,Setif,Prepaid,25,27.6,124.0,29,0.55,7,950.0,7270.0,0,Data lovers
C02388,Setif,Prepaid,29,42.9,39.0,7,0.42,4,1000.0,3640.0,0,Data lovers
C02389,Setif,Prepaid,17,1.2,47.0,17,0.17,1,400.0,410.0,0,Low spenders
C02390,Tizi Ouzou,Postpaid,32,3.5,640.0,38,0.08,5,700.0,3350.0,0,Talkers
C02391,Alger,Prepaid,0,3.8,572.0,76,0.07,5,600.0,2880.0,0,Talkers
C02392,Ouargla,Postpaid,12,23.1,135.0,20,0.53,3,500.0,1570.0,0,Students
C02393,Setif,Prepaid,23,6.1,683.0,93,0.09,4,600.0,2330.0,1,Talkers
C02394,Tizi Ouzou,Prepaid,28,48.5,342.0,37,0.15,5,3150.0,16690.0,0,Premium
C02395,Ouargla,Prepaid,13,8.4,193.0,11,0.41,2,300.0,560.0,0,Students
C02396,Oran,Prepaid,60,59.7,408.0,34,0.31,5,2650.0,13950.0,0,Premium
C02397,Setif,Postpaid,31,29.0,140.0,25,0.36,5,650.0,3410.0,0,Data lovers
C02398,Tizi Ouzou,Prepaid,17,14.3,154.0,30,0.56,2,500.0,1100.0,0,Students
C02399,Oran,Prepaid,37,2.7,577.0,80,0.11,4,500.0,2180.0,0,Talkers
C02400,Ouargla,Prepaid,24,3.6,124.0,24,0.09,1,200.0,200.0,0,Low spenders
C02401,Tlemcen,Prepaid,6,19.0,76.0,30,0.35,2,300.0,630.0,0,Students
C02402,Setif,Prepaid,59,4.2,546.0,80,0.19,2,750.0,1630.0,0,Talkers
C02403,Setif,Prepaid,40,2.5,505.0,50,0.19,4,700.0,2830.0,0,Talkers
C02404,Oran,Prepaid,11,29.8,25.0,21,0.33,5,1300.0,6110.0,0,Data lovers
C02405,Batna,Prepaid,55,38.9,176.0,14,0.55,4,1100.0,3990.0,0,Data lovers
C02406,Oran,Prepaid,21,2.1,87.0,16,0.3,1,300.0,310.0,0,Low spenders
C02407,Ouargla,Prepaid,14,19.2,222.0,46,0.39,5,350.0,1800.0,0,Students
C02408,Batna,Prepaid,51,4.6,124.0,83,0.17,3,700.0,2050.0,0,Talkers
C02409,Blida,Prepaid,0,4.8,80.0,27,0.19,0,200.0,0.0,0,Low spenders
C02410,Batna,Postpaid,8,28.0,68.0,13,0.23,5,1250.0,6500.0,0,Data lovers
C02411,Setif,Prepaid,10,22.1,67.0,24,0.57,4,350.0,1420.0,0,Students
C02412,Oran,Prepaid,8,4.4,101.0,8,0.24,0,250.0,0.0,0,Low spenders
C02413,Oran,Prepaid,42,37.1,87.0,23,0.42,5,800.0,4200.0,0,Data lovers
C02414,Batna,Prepaid,15,1.7,19.0,21,0.27,1,150.0,150.0,0,Low spenders
C02415,Blida,Postpaid,23,1.0,260.0,90,0.15,2,750.0,1630.0,0,Talkers
C02416,Batna,Prepaid,12,36.3,127.0,27,0.49,5,1050.0,5410.0,0,Data lovers
C02417,Annaba,Prepaid,43,5.4,842.0,51,0.24,3,750.0,2330.0,0,Talkers
C02418,Tizi Ouzou,Prepaid,16,18.5,187.0,38,0.52,2,200.0,420.0,1,Students
C02419,Alger,Prepaid,65,3.6,437.0,25,0.13,3,900.0,2640.0,0,Talkers
C02420,Oran,Prepaid,5,5.5,48.0,31,0.31,0,250.0,0.0,0,Low spenders
C02421,Annaba,Prepaid,16,2.8,63.0,6,0.21,1,200.0,190.0,0,Low spenders
C02422,Tizi Ouzou,Prepaid,37,3.1,60.0,26,0.16,1,150.0,160.0,0,Low spenders
C02423,Oran,Prepaid,17,2.8,102.0,28,0.12,0,250.0,0.0,0,Low spenders
C02424,Setif,Prepaid,15,12.0,19.0,46,0.65,2,400.0,720.0,0,Students
C02425,Tlemcen,Prepaid,18,3.4,60.0,16,0.3,1,200.0,210.0,0,Low spenders
C02426,Constantine,Prepaid,50,2.8,539.0,86,0.18,3,650.0,1850.0,0,Talkers
C02427,Oran,Prepaid,43,7.1,320.0,69,0.21,4,700.0,2970.0,0,Talkers
C02428,Batna,Postpaid,22,34.1,93.0,0,0.43,3,1100.0,3370.0,0,Data lovers
C02429,Tizi Ouzou,Prepaid,1,26.5,235.0,27,0.72,1,450.0,460.0,0,Students
C02430,Setif,Prepaid,23,4.6,105.0,25,0.18,0,150.0,0.0,0,Low spenders
C02431,Tizi Ouzou,Prepaid,14,25.5,198.0,20,0.65,5,250.0,1260.0,0,Students
C02432,Constantine,Prepaid,9,2.5,82.0,11,0.11,1,200.0,180.0,0,Low spenders
C02433,Batna,Prepaid,53,17.5,119.0,12,0.41,5,950.0,4460.0,0,Data lovers
C02434,Annaba,Postpaid,31,0.6,357.0,91,0.11,5,550.0,2590.0,0,Talkers
C02435,Alger,Postpaid,26,30.3,117.0,26,0.32,4,700.0,2980.0,0,Data lovers
C02436,Alger,Prepaid,67,34.2,427.0,36,0.33,3,2950.0,8310.0,0,Premium
C02437,Blida,Prepaid,31,3.9,570.0,52,0.16,3,650.0,1990.0,0,Talkers
C02438,Setif,Prepaid,58,5.8,874.0,107,0.19,5,650.0,3560.0,0,Talkers
C02439,Blida,Prepaid,34,32.0,200.0,13,0.49,4,900.0,3400.0,0,Data lovers
C02440,Ouargla,Postpaid,31,21.3,115.0,12,0.38,4,950.0,3890.0,0,Data lovers
C02441,Setif,Prepaid,21,6.4,124.0,50,0.23,0,350.0,0.0,0,Talkers
C02442,Batna,Prepaid,21,3.6,749.0,57,0.17,4,550.0,2030.0,0,Talkers
C02443,Tlemcen,Postpaid,31,3.3,94.0,29,0.18,1,300.0,290.0,0,Low spenders
C02444,Alger,Postpaid,28,5.8,124.0,14,0.28,1,50.0,50.0,0,Low spenders
C02445,Oran,Prepaid,5,15.6,75.0,33,0.46,2,450.0,850.0,0,Students
C02446,Blida,Prepaid,12,17.3,113.0,33,0.54,2,450.0,870.0,0,Students
C02447,Batna,Prepaid,23,2.3,128.0,0,0.23,1,250.0,230.0,1,Low spenders
C02448,Ouargla,Postpaid,59,38.9,67.0,17,0.4,5,750.0,4110.0,0,Data lovers
C02449,Batna,Prepaid,47,25.1,143.0,11,0.51,5,1000.0,5060.0,0,Data lovers
C02450,Annaba,Prepaid,35,27.6,92.0,24,0.45,4,1050.0,3930.0,0,Data lovers
C02451,Oran,Postpaid,60,3.9,716.0,62,0.0,4,350.0,1280.0,0,Talkers
C02452,Ouargla,Prepaid,22,6.1,35.0,5,0.26,1,350.0,350.0,0,Low spenders
C02453,Constantine,Postpaid,54,32.6,52.0,8,0.5,6,900.0,4980.0,0,Data lovers
C02454,Tizi Ouzou,Postpaid,20,12.6,79.0,28,0.51,5,750.0,3670.0,0,Data lovers
C02455,Ouargla,Prepaid,44,28.3,120.0,20,0.38,4,850.0,3200.0,0,Data lovers
C02456,Oran,Prepaid,20,5.0,156.0,21,0.27,1,250.0,250.0,0,Low spenders
C02457,Oran,Prepaid,31,2.4,515.0,37,0.14,3,450.0,1300.0,0,Talkers
C02458,Annaba,Prepaid,62,31.8,179.0,22,0.43,5,900.0,4620.0,0,Data lovers
C02459,Constantine,Prepaid,17,1.8,86.0,16,0.11,0,150.0,0.0,0,Low spenders
C02460,Oran,Postpaid,15,23.1,123.0,4,0.37,4,1150.0,4340.0,0,Data lovers
C02461,Blida,Prepaid,13,26.0,111.0,54,0.56,2,200.0,430.0,0,Students
C02462,Oran,Prepaid,23,2.5,71.0,12,0.05,1,150.0,140.0,0,Low spenders
C02463,Setif,Prepaid,16,17.0,177.0,45,0.6,3,350.0,1080.0,0,Students
C02464,Constantine,Prepaid,12,5.3,77.0,15,0.16,1,150.0,160.0,0,Low spenders
C02465,Setif,Prepaid,30,35.1,82.0,9,0.4,3,1050.0,3310.0,0,Data lovers
C02466,Oran,Postpaid,4,22.6,123.0,25,0.58,2,400.0,730.0,0,Students
C02467,Blida,Prepaid,19,4.5,37.0,19,0.2,1,150.0,150.0,0,Low spenders
C02468,Annaba,Prepaid,24,17.9,37.0,19,0.63,3,350.0,1020.0,0,Students
C02469,Tizi Ouzou,Prepaid,29,4.4,80.0,17,0.4,0,200.0,0.0,1,Low spenders
C02470,Oran,Prepaid,20,2.6,136.0,15,0.12,1,300.0,310.0,0,Low spenders
C02471,Oran,Prepaid,18,28.7,144.0,35,0.36,5,450.0,2340.0,0,Students
C02472,Setif,Prepaid,39,26.1,122.0,14,0.47,4,1150.0,4160.0,0,Data lovers
C02473,Alger,Prepaid,11,19.2,112.0,52,0.49,3,300.0,880.0,0,Students
C02474,Annaba,Prepaid,20,4.8,128.0,13,0.15,1,200.0,210.0,0,Low spenders
C02475,Alger,Prepaid,20,16.6,126.0,8,0.51,3,500.0,1500.0,0,Students
C02476,Oran,Prepaid,16,3.2,70.0,7,0.15,1,250.0,260.0,0,Low spenders
C02477,Batna,Prepaid,6,59.7,93.0,54,0.58,3,650.0,2090.0,0,Students
C02478,Alger,Prepaid,41,18.0,153.0,27,0.25,4,650.0,2760.0,0,Data lovers
C02479,Oran,Prepaid,12,3.9,36.0,21,0.21,1,300.0,270.0,0,Low spenders
C02480,Constantine,Prepaid,49,59.7,520.0,58,0.22,5,2550.0,11990.0,0,Premium
C02481,Alger,Prepaid,29,4.4,137.0,2,0.27,1,200.0,190.0,0,Low spenders
C02482,Tizi Ouzou,Prepaid,27,6.2,698.0,83,0.1,2,650.0,1380.0,0,Talkers
C02483,Annaba,Prepaid,91,59.7,558.0,30,0.2,5,2050.0,9980.0,0,Premium
C02484,Blida,Prepaid,28,4.5,554.0,56,0.14,1,650.0,640.0,0,Talkers
C02485,Batna,Prepaid,14,21.5,104.0,17,0.44,4,850.0,3570.0,0,Data lovers
C02486,Ouargla,Prepaid,30,5.3,310.0,73,0.07,5,700.0,3530.0,0,Talkers
C02487,Annaba,Postpaid,41,4.7,583.0,79,0.14,4,700.0,2740.0,0,Talkers
C02488,Oran,Prepaid,7,0.8,92.0,10,0.09,1,300.0,300.0,0,Low spenders
C02489,Oran,Prepaid,7,0.0,70.0,0,0.21,2,300.0,600.0,0,Low spenders
C02490,Constantine,Prepaid,36,33.8,14.0,25,0.45,5,1050.0,4830.0,0,Data lovers
C02491,Tizi Ouzou,Prepaid,38,43.6,124.0,15,0.33,4,800.0,3420.0,0,Data lovers
C02492,Tizi Ouzou,Prepaid,20,25.0,84.0,6,0.48,2,550.0,1200.0,0,Data lovers
C02493,Tlemcen,Prepaid,37,3.3,38.0,24,0.18,1,250.0,270.0,0,Low spenders
C02494,Annaba,Prepaid,18,21.8,144.0,59,0.37,2,400.0,730.0,0,Students
C02495,Constantine,Prepaid,23,0.9,54.0,17,0.28,0,50.0,0.0,0,Low spenders
C02496,Annaba,Prepaid,39,3.1,605.0,49,0.2,4,550.0,2350.0,0,Talkers
C02497,Setif,Postpaid,12,1.6,60.0,5,0.17,2,100.0,210.0,0,Low spenders
C02498,Alger,Prepaid,57,32.5,554.0,8,0.33,3,2050.0,5540.0,1,Premium
C02499,Ouargla,Prepaid,0,17.4,48.0,37,0.5,3,400.0,1120.0,0,Students
C02500,Constantine,Postpaid,22,3.4,74.0,38,0.25,2,150.0,330.0,0,Low spenders
C02501,Alger,Prepaid,29,6.4,726.0,49,0.13,4,550.0,2020.0,1,Talkers
C02502,Alger,Prepaid,19,1.4,711.0,56,0.22,3,400.0,1130.0,1,Talkers
C02503,Annaba,Prepaid,47,27.3,85.0,31,0.41,4,800.0,2910.0,0,Data lovers
C02504,Annaba,Postpaid,19,14.3,73.0,43,0.51,5,450.0,2060.0,0,Students
C02505,Blida,Prepaid,41,3.1,40.0,15,0.15,2,250.0,480.0,0,Low spenders
C02506,Constantine,Prepaid,18,39.2,149.0,10,0.56,4,1050.0,4230.0,0,Data lovers
C02507,Alger,Prepaid,23,25.3,186.0,49,0.63,3,400.0,1300.0,0,Students
C02508,Batna,Postpaid,47,26.5,118.0,21,0.24,3,650.0,1930.0,0,Data lovers
C02509,Oran,Prepaid,36,2.8,140.0,9,0.14,1,100.0,100.0,0,Low spenders
C02510,Batna,Prepaid,28,4.3,106.0,18,0.24,1,200.0,180.0,0,Low spenders
C02511,Setif,Prepaid,34,0.7,449.0,41,0.15,2,750.0,1430.0,0,Talkers
C02512,Batna,Prepaid,61,52.3,634.0,26,0.27,6,2450.0,13840.0,1,Premium
C02513,Alger,Prepaid,31,3.6,624.0,61,0.16,2,700.0,1310.0,0,Talkers
C02514,Constantine,Prepaid,21,2.7,99.0,14,0.25,2,100.0,180.0,0,Low spenders
C02515,Batna,Prepaid,33,37.1,106.0,24,0.4,3,1000.0,3090.0,0,Data lovers
C02516,Setif,Prepaid,4,1.9,52.0,16,0.13,1,250.0,250.0,0,Low spenders
C02517,Tizi Ouzou,Prepaid,23,45.0,509.0,37,0.2,6,2700.0,16460.0,0,Premium
C02518,Alger,Prepaid,0,2.0,38.0,20,0.32,1,250.0,230.0,0,Low spenders
C02519,Alger,Prepaid,15,22.6,149.0,65,0.66,2,500.0,990.0,0,Students
C02520,Oran,Prepaid,26,2.0,68.0,13,0.35,1,250.0,270.0,0,Low spenders
C02521,Alger,Prepaid,27,0.7,120.0,26,0.11,1,150.0,150.0,0,Low spenders
C02522,Ouargla,Prepaid,10,21.8,95.0,42,0.64,2,350.0,680.0,0,Students
C02523,Constantine,Postpaid,14,14.1,106.0,33,0.55,3,350.0,1000.0,0,Students
C02524,Ouargla,Prepaid,39,4.0,620.0,61,0.12,3,500.0,1410.0,0,Talkers
C02525,Alger,Prepaid,45,28.2,649.0,35,0.41,7,2750.0,18890.0,1,Premium
C02526,Setif,Prepaid,39,2.2,517.0,53,0.21,2,550.0,1190.0,0,Talkers
C02527,Blida,Prepaid,25,21.0,111.0,47,0.62,1,350.0,380.0,0,Students
C02528,Setif,Prepaid,39,40.9,135.0,25,0.47,3,800.0,2220.0,0,Data lovers
C02529,Tizi Ouzou,Prepaid,0,6.5,311.0,86,0.17,3,400.0,1090.0,0,Talkers
C02530,Batna,Postpaid,14,25.6,89.0,43,0.63,4,450.0,1640.0,0,Students
C02531,Tlemcen,Prepaid,16,15.7,169.0,15,0.67,3,200.0,580.0,0,Students
C02532,Setif,Prepaid,54,2.1,695.0,47,0.15,2,700.0,1310.0,0,Talkers
C02533,Batna,Prepaid,18,25.6,132.0,26,0.38,4,600.0,2510.0,0,Data lovers
C02534,Annaba,Prepaid,0,2.4,39.0,19,0.14,1,150.0,150.0,0,Low spenders
C02535,Tizi Ouzou,Postpaid,31,39.5,159.0,24,0.34,4,1050.0,4370.0,0,Data lovers
C02536,Tizi Ouzou,Prepaid,18,6.7,538.0,58,0.2,2,550.0,1190.0,0,Talkers
C02537,Constantine,Prepaid,24,55.5,88.0,16,0.25,4,700.0,3080.0,0,Data lovers
C02538,Batna,Prepaid,23,2.2,40.0,22,0.17,1,300.0,280.0,0,Low spenders
C02539,Tlemcen,Postpaid,33,27.0,167.0,36,0.45,2,950.0,2000.0,0,Data lovers
C02540,Batna,Prepaid,10,26.1,94.0,36,0.66,4,500.0,2020.0,0,Students
C02541,Oran,Postpaid,14,16.7,150.0,45,0.66,4,450.0,1910.0,0,Students
C02542,Batna,Prepaid,6,24.5,155.0,49,0.45,4,450.0,1850.0,0,Students
C02543,Batna,Prepaid,28,40.5,55.0,15,0.52,6,850.0,5230.0,0,Data lovers
C02544,Alger,Prepaid,37,2.9,834.0,93,0.14,3,400.0,1220.0,0,Talkers
C02545,Tlemcen,Prepaid,44,25.1,47.0,32,0.4,5,700.0,3160.0,0,Data lovers
C02546,Ouargla,Prepaid,32,38.3,61.0,20,0.47,5,500.0,2550.0,0,Data lovers
C02547,Setif,Prepaid,5,24.6,174.0,23,0.36,5,600.0,3130.0,1,Data lovers
C02548,Setif,Prepaid,37,1.5,61.0,4,0.15,1,200.0,210.0,0,Low spenders
C02549,Blida,Postpaid,1,25.8,168.0,18,0.39,4,400.0,1730.0,0,Students
C02550,Ouargla,Prepaid,11,24.9,203.0,40,0.39,4,400.0,1730.0,0,Students
C02551,Batna,Prepaid,17,51.4,463.0,82,0.28,5,1500.0,7740.0,1,Premium
C02552,Tlemcen,Prepaid,44,2.6,101.0,21,0.23,1,250.0,240.0,0,Low spenders
C02553,Tlemcen,Prepaid,21,43.1,93.0,17,0.22,4,1100.0,4310.0,0,Data lovers
C02554,Tizi Ouzou,Postpaid,31,20.3,111.0,32,0.43,5,800.0,3740.0,0,Data lovers
C02555,Ouargla,Postpaid,32,3.6,124.0,34,0.21,3,450.0,1330.0,0,Talkers
C02556,Blida,Prepaid,9,25.9,126.0,52,0.59,4,400.0,1520.0,0,Students
C02557,Tlemcen,Prepaid,61,40.1,489.0,27,0.18,6,2500.0,14640.0,0,Premium
C02558,Batna,Prepaid,24,22.6,65.0,60,0.5,2,450.0,940.0,0,Students
C02559,Setif,Prepaid,25,2.5,77.0,0,0.22,1,200.0,180.0,0,Low spenders
C02560,Oran,Prepaid,32,5.5,86.0,12,0.28,2,150.0,330.0,0,Low spenders
C02561,Annaba,Prepaid,0,0.2,106.0,24,0.22,1,50.0,50.0,0,Low spenders
C02562,Ouargla,Prepaid,0,32.4,88.0,43,0.55,3,450.0,1220.0,0,Students
C02563,Annaba,Prepaid,53,30.4,599.0,65,0.31,4,2900.0,12720.0,0,Premium
C02564,Alger,Prepaid,18,0.8,131.0,19,0.33,2,150.0,280.0,0,Low spenders
C02565,Tizi Ouzou,Prepaid,54,7.1,465.0,91,0.14,3,650.0,2020.0,0,Talkers
C02566,Setif,Prepaid,40,42.9,104.0,18,0.38,5,850.0,4380.0,0,Data lovers
C02567,Tizi Ouzou,Prepaid,10,29.4,131.0,24,0.41,3,650.0,1960.0,0,Data lovers
C02568,Tlemcen,Postpaid,28,14.7,78.0,39,0.66,3,350.0,990.0,0,Students
C02569,Setif,Postpaid,20,43.1,516.0,19,0.22,5,3150.0,16240.0,0,Premium
C02570,Annaba,Prepaid,28,25.4,75.0,16,0.44,2,950.0,1820.0,0,Data lovers
C02571,Batna,Postpaid,48,56.2,454.0,50,0.17,4,1950.0,8180.0,0,Premium
C02572,Setif,Prepaid,12,11.2,161.0,13,0.59,4,400.0,1730.0,0,Students
C02573,Oran,Prepaid,44,0.6,483.0,35,0.16,2,350.0,770.0,0,Talkers
C02574,Batna,Prepaid,13,6.4,607.0,77,0.17,5,550.0,2600.0,0,Talkers
C02575,Constantine,Prepaid,31,4.7,115.0,14,0.22,1,250.0,260.0,0,Low spenders
C02576,Batna,Prepaid,12,1.8,52.0,11,0.15,1,150.0,150.0,0,Low spenders
C02577,Setif,Prepaid,24,3.8,8.0,10,0.2,1,250.0,240.0,0,Low spenders
C02578,Blida,Postpaid,0,27.1,44.0,20,0.67,2,300.0,550.0,0,Students
C02579,Constantine,Prepaid,47,4.1,375.0,69,0.16,5,700.0,3460.0,1,Talkers
C02580,Annaba,Prepaid,44,51.7,512.0,43,0.25,6,2350.0,14030.0,0,Premium
C02581,Setif,Postpaid,0,3.7,589.0,84,0.13,3,450.0,1480.0,0,Talkers
C02582,Annaba,Prepaid,29,18.0,227.0,46,0.6,1,550.0,510.0,0,Students
C02583,Ouargla,Prepaid,8,18.7,158.0,52,0.52,3,400.0,1090.0,0,Students
C02584,Tlemcen,Prepaid,54,42.8,546.0,49,0.31,6,2900.0,18150.0,0,Premium
C02585,Tizi Ouzou,Prepaid,46,4.0,640.0,55,0.1,1,550.0,530.0,0,Talkers
C02586,Oran,Postpaid,44,4.0,28.0,28,0.2,1,50.0,50.0,0,Low spenders
C02587,Ouargla,Prepaid,39,0.0,493.0,40,0.13,3,550.0,1740.0,0,Talkers
C02588,Tizi Ouzou,Prepaid,19,22.8,109.0,31,0.41,3,800.0,2310.0,0,Data lovers
C02589,Oran,Prepaid,18,2.2,65.0,2,0.26,0,200.0,0.0,0,Low spenders
C02590,Ouargla,Prepaid,1,34.4,148.0,32,0.59,3,350.0,990.0,0,Students
C02591,Tizi Ouzou,Prepaid,14,37.8,110.0,22,0.39,3,950.0,3100.0,0,Data lovers
C02592,Batna,Prepaid,28,25.7,149.0,20,0.2,2,800.0,1720.0,0,Data lovers
C02593,Setif,Prepaid,7,16.9,83.0,33,0.47,3,450.0,1360.0,0,Students
C02594,Tizi Ouzou,Prepaid,12,13.0,74.0,16,0.64,3,400.0,1110.0,0,Students
C02595,Blida,Prepaid,29,27.1,110.0,17,0.36,5,950.0,5090.0,0,Data lovers
C02596,Blida,Prepaid,6,19.9,0.0,51,0.69,4,350.0,1300.0,0,Students
C02597,Constantine,Prepaid,19,20.9,60.0,51,0.66,4,450.0,1820.0,0,Students
C02598,Ouargla,Prepaid,19,5.6,85.0,22,0.25,1,200.0,190.0,0,Low spenders
C02599,Oran,Prepaid,14,1.2,49.0,3,0.27,2,250.0,530.0,0,Low spenders
C02600,Alger,Prepaid,11,23.5,143.0,41,0.59,3,500.0,1410.0,0,Students
C02601,Blida,Prepaid,28,1.4,42.0,28,0.18,0,300.0,0.0,0,Low spenders
C02602,Tlemcen,Postpaid,44,2.8,718.0,87,0.07,4,600.0,2520.0,0,Talkers
C02603,Batna,Prepaid,36,28.6,120.0,18,0.39,5,950.0,5080.0,0,Data lovers
C02604,Annaba,Prepaid,50,1.7,540.0,79,0.11,3,550.0,1790.0,0,Talkers
C02605,Ouargla,Postpaid,46,30.7,418.0,27,0.19,5,2900.0,14600.0,1,Premium
C02606,Tlemcen,Prepaid,11,36.0,215.0,10,0.3,5,900.0,4090.0,0,Data lovers
C02607,Constantine,Postpaid,7,4.9,66.0,22,0.14,0,250.0,0.0,0,Low spenders
C02608,Tlemcen,Prepaid,37,2.7,94.0,14,0.05,1,200.0,210.0,0,Low spenders
C02609,Batna,Prepaid,22,0.7,33.0,18,0.36,1,150.0,150.0,0,Low spenders
C02610,Alger,Prepaid,29,27.4,151.0,36,0.53,3,250.0,810.0,0,Students
C02611,Alger,Prepaid,19,25.4,79.0,18,0.36,3,950.0,2820.0,0,Data lovers
C02612,Tlemcen,Prepaid,18,40.5,81.0,11,0.39,4,1100.0,4220.0,0,Data lovers
C02613,Alger,Postpaid,0,2.1,142.0,4,0.12,2,300.0,630.0,0,Low spenders
C02614,Tizi Ouzou,Prepaid,22,1.4,120.0,8,0.2,1,150.0,140.0,0,Low spenders
C02615,Oran,Postpaid,40,2.6,177.0,28,0.17,1,150.0,150.0,0,Low spenders
C02616,Batna,Prepaid,33,2.0,493.0,77,0.1,4,750.0,3070.0,0,Talkers
C02617,Blida,Prepaid,10,24.7,78.0,25,0.79,4,450.0,1640.0,0,Students
C02618,Annaba,Postpaid,58,3.4,776.0,47,0.21,3,650.0,1840.0,0,Talkers
C02619,Annaba,Prepaid,33,1.1,60.0,23,0.02,1,200.0,210.0,0,Low spenders
C02620,Constantine,Prepaid,40,29.9,431.0,55,0.27,5,2200.0,10050.0,1,Premium
C02621,Tizi Ouzou,Prepaid,63,1.6,600.0,73,0.13,4,650.0,2550.0,0,Talkers
C02622,Ouargla,Prepaid,57,14.0,85.0,23,0.39,3,700.0,1980.0,0,Data lovers
C02623,Oran,Prepaid,18,29.3,192.0,37,0.57,3,300.0,860.0,0,Students
C02624,Setif,Prepaid,51,33.2,302.0,44,0.42,6,1050.0,6000.0,0,Premium
C02625,Batna,Postpaid,56,27.1,130.0,18,0.28,3,1150.0,3530.0,0,Data lovers
C02626,Batna,Postpaid,9,17.1,156.0,5,0.39,5,750.0,4070.0,0,Data lovers
C02627,Tizi Ouzou,Prepaid,7,16.1,164.0,20,0.38,2,400.0,850.0,0,Students
C02628,Alger,Prepaid,21,2.3,100.0,2,0.19,1,250.0,240.0,0,Low spenders
C02629,Ouargla,Postpaid,46,37.4,193.0,20,0.37,2,800.0,1460.0,1,Data lovers
C02630,Tlemcen,Prepaid,23,5.3,493.0,47,0.13,2,850.0,1600.0,0,Talkers
C02631,Constantine,Prepaid,46,2.6,651.0,70,0.18,4,600.0,2590.0,0,Talkers
C02632,Constantine,Prepaid,45,6.0,604.0,15,0.18,3,700.0,2180.0,0,Talkers
C02633,Blida,Prepaid,44,2.8,124.0,103,0.11,3,800.0,2610.0,0,Talkers
C02634,Tlemcen,Prepaid,36,6.1,735.0,67,0.26,3,700.0,2210.0,0,Talkers
C02635,Batna,Prepaid,39,3.3,529.0,62,0.22,2,500.0,1040.0,0,Talkers
C02636,Constantine,Prepaid,12,11.1,139.0,48,0.48,2,450.0,860.0,0,Students
C02637,Batna,Prepaid,49,50.7,111.0,22,0.43,4,800.0,3260.0,0,Data lovers
C02638,Annaba,Prepaid,3,2.5,85.0,14,0.17,1,150.0,150.0,0,Low spenders
C02639,Alger,Postpaid,23,35.4,109.0,24,0.47,5,900.0,4070.0,0,Data lovers
C02640,Annaba,Prepaid,0,25.9,196.0,61,0.63,3,450.0,1340.0,0,Students
C02641,Constantine,Prepaid,0,0.1,16.0,14,0.11,1,200.0,190.0,0,Low spenders
C02642,Annaba,Prepaid,25,2.9,881.0,68,0.14,3,700.0,2180.0,0,Talkers
C02643,Batna,Prepaid,24,3.2,36.0,13,0.38,1,200.0,210.0,0,Low spenders
C02644,Constantine,Prepaid,13,21.4,30.0,36,0.64,2,350.0,720.0,0,Students
C02645,Alger,Prepaid,46,3.3,851.0,67,0.12,3,650.0,1920.0,0,Talkers
C02646,Oran,Prepaid,15,14.2,86.0,10,0.6,4,1300.0,5230.0,0,Data lovers
C02647,Blida,Prepaid,28,35.4,137.0,25,0.34,4,900.0,3790.0,0,Data lovers
C02648,Ouargla,Postpaid,1,14.3,149.0,38,0.66,2,650.0,1310.0,0,Students
C02649,Blida,Prepaid,43,36.8,57.0,9,0.53,4,1000.0,4350.0,0,Data lovers
C02650,Setif,Postpaid,17,3.6,646.0,4,0.16,3,700.0,2240.0,0,Talkers
C02651,Tlemcen,Postpaid,12,13.9,187.0,57,0.34,4,500.0,1830.0,0,Students
C02652,Tizi Ouzou,Prepaid,37,30.8,173.0,25,0.38,3,1100.0,3420.0,0,Data lovers
C02653,Oran,Prepaid,9,4.3,112.0,18,0.16,0,250.0,0.0,0,Low spenders
C02654,Tlemcen,Postpaid,55,30.1,15.0,28,0.34,8,750.0,6170.0,0,Data lovers
C02655,Tlemcen,Prepaid,13,2.6,62.0,16,0.3,1,250.0,270.0,0,Low spenders
C02656,Ouargla,Prepaid,30,4.0,701.0,51,0.09,5,700.0,3710.0,0,Talkers
C02657,Oran,Prepaid,0,2.8,130.0,14,0.2,1,50.0,50.0,0,Low spenders
C02658,Tlemcen,Prepaid,11,23.0,41.0,24,0.56,2,500.0,1090.0,0,Students
C02659,Ouargla,Postpaid,7,3.4,127.0,13,0.19,1,250.0,270.0,0,Low spenders
C02660,Tlemcen,Prepaid,20,2.0,130.0,3,0.21,0,300.0,0.0,0,Low spenders
C02661,Oran,Postpaid,12,10.8,122.0,45,0.44,2,300.0,630.0,0,Students
C02662,Tlemcen,Postpaid,11,2.7,62.0,11,0.14,1,0.0,0.0,0,Low spenders
C02663,Blida,Prepaid,28,2.5,644.0,56,0.11,2,700.0,1460.0,0,Talkers
C02664,Annaba,Prepaid,21,21.5,115.0,20,0.18,4,850.0,3480.0,0,Data lovers
C02665,Annaba,Prepaid,43,2.5,80.0,18,0.18,2,150.0,280.0,0,Low spenders
C02666,Constantine,Postpaid,33,40.0,641.0,31,0.38,4,2800.0,10420.0,0,Premium
C02667,Setif,Prepaid,61,42.7,382.0,33,0.32,7,1950.0,13170.0,0,Premium
C02668,Batna,Prepaid,37,29.4,165.0,22,0.35,2,950.0,1950.0,0,Data lovers
C02669,Alger,Prepaid,38,28.7,77.0,5,0.52,5,600.0,2930.0,0,Data lovers
C02670,Alger,Prepaid,45,30.0,82.0,13,0.33,4,1000.0,4060.0,0,Data lovers
C02671,Tlemcen,Prepaid,38,49.4,314.0,60,0.18,6,2800.0,17730.0,0,Premium
C02672,Constantine,Prepaid,29,3.7,557.0,86,0.1,5,500.0,2520.0,0,Talkers
C02673,Alger,Prepaid,35,4.7,115.0,21,0.24,0,100.0,0.0,0,Low spenders
C02674,Blida,Prepaid,0,21.8,77.0,37,0.6,3,550.0,1770.0,0,Students
C02675,Alger,Prepaid,41,4.5,127.0,17,0.22,1,150.0,140.0,0,Low spenders
C02676,Tlemcen,Prepaid,24,3.4,2.0,24,0.24,1,250.0,270.0,0,Low spenders
C02677,Tlemcen,Prepaid,44,0.1,635.0,64,0.16,0,350.0,0.0,0,Talkers
C02678,Alger,Prepaid,52,35.2,56.0,0,0.27,3,800.0,2590.0,0,Data lovers
C02679,Constantine,Prepaid,52,3.2,481.0,74,0.15,3,700.0,2250.0,0,Talkers
C02680,Blida,Prepaid,6,3.1,46.0,20,0.19,1,250.0,260.0,0,Low spenders
C02681,Blida,Prepaid,77,38.2,400.0,57,0.38,3,2800.0,9140.0,0,Premium
C02682,Tizi Ouzou,Prepaid,33,15.9,114.0,15,0.52,3,1000.0,2820.0,0,Data lovers
C02683,Batna,Prepaid,42,3.0,54.0,0,0.45,1,200.0,200.0,0,Low spenders
C02684,Annaba,Prepaid,24,5.1,53.0,1,0.25,1,250.0,240.0,0,Low spenders
C02685,Batna,Prepaid,37,29.6,130.0,25,0.4,3,1150.0,3520.0,0,Data lovers
C02686,Ouargla,Prepaid,19,5.9,404.0,78,0.12,4,450.0,1890.0,0,Talkers
C02687,Alger,Prepaid,1,13.3,141.0,21,0.57,3,400.0,1190.0,0,Students
C02688,Setif,Prepaid,18,47.3,62.0,12,0.4,4,1050.0,4500.0,0,Data lovers
C02689,Tizi Ouzou,Postpaid,11,3.5,107.0,18,0.27,1,150.0,140.0,0,Low spenders
C02690,Annaba,Prepaid,1,18.4,171.0,57,0.51,3,300.0,820.0,0,Students
C02691,Setif,Prepaid,7,21.4,122.0,38,0.59,3,400.0,1300.0,0,Students
C02692,Tlemcen,Prepaid,29,2.0,15.0,8,0.22,1,150.0,140.0,0,Low spenders
C02693,Tizi Ouzou,Prepaid,12,4.5,143.0,4,0.22,1,250.0,260.0,0,Low spenders
C02694,Annaba,Prepaid,50,40.6,373.0,49,0.31,3,1850.0,5190.0,1,Premium
C02695,Annaba,Prepaid,41,58.0,459.0,61,0.31,6,3800.0,22250.0,0,Premium
C02696,Batna,Prepaid,64,3.1,505.0,81,0.11,3,500.0,1600.0,0,Talkers
C02697,Ouargla,Prepaid,37,36.4,460.0,75,0.28,5,1750.0,8630.0,0,Premium
C02698,Oran,Prepaid,15,20.4,113.0,45,0.73,2,450.0,920.0,0,Students
C02699,Batna,Prepaid,50,2.4,124.0,54,0.15,4,650.0,2830.0,0,Talkers
C02700,Setif,Prepaid,63,44.2,519.0,37,0.16,3,2900.0,8700.0,1,Premium
C02701,Blida,Prepaid,22,2.4,111.0,3,0.2,1,100.0,100.0,0,Low spenders
C02702,Tizi Ouzou,Prepaid,13,3.8,109.0,30,0.2,1,300.0,310.0,0,Low spenders
C02703,Tlemcen,Prepaid,26,39.6,116.0,26,0.58,4,400.0,1730.0,0,Students
C02704,Constantine,Prepaid,20,18.9,133.0,64,0.54,4,350.0,1380.0,0,Students
C02705,Annaba,Prepaid,4,4.7,141.0,4,0.1,1,250.0,230.0,0,Low spenders
C02706,Annaba,Prepaid,21,0.0,504.0,20,0.21,2,500.0,1100.0,0,Talkers
C02707,Blida,Prepaid,35,30.7,117.0,30,0.44,3,800.0,2290.0,0,Data lovers
C02708,Alger,Prepaid,33,49.9,50.0,16,0.23,5,900.0,4900.0,0,Data lovers
C02709,Alger,Prepaid,34,26.1,113.0,20,0.3,4,900.0,3710.0,1,Data lovers
C02710,Ouargla,Prepaid,18,3.2,45.0,20,0.15,1,300.0,300.0,0,Low spenders
C02711,Ouargla,Postpaid,1,3.1,67.0,0,0.19,1,200.0,220.0,0,Low spenders
C02712,Alger,Prepaid,43,31.5,122.0,28,0.47,5,1000.0,5060.0,0,Data lovers
C02713,Tlemcen,Prepaid,17,3.4,723.0,70,0.22,3,350.0,950.0,0,Talkers
C02714,Blida,Prepaid,31,4.2,163.0,24,0.13,1,200.0,220.0,0,Low spenders
C02715,Oran,Prepaid,34,3.0,92.0,11,0.21,1,200.0,190.0,0,Low spenders
C02716,Annaba,Prepaid,62,44.3,489.0,36,0.29,4,2700.0,11170.0,0,Premium
C02717,Tlemcen,Prepaid,50,1.9,508.0,30,0.22,1,600.0,630.0,0,Talkers
C02718,Tlemcen,Prepaid,29,28.5,68.0,6,0.32,5,1050.0,5330.0,0,Data lovers
C02719,Tlemcen,Prepaid,14,15.2,113.0,7,0.31,2,100.0,200.0,0,Low spenders
C02720,Batna,Prepaid,37,5.0,551.0,83,0.11,4,450.0,1920.0,0,Talkers
C02721,Setif,Prepaid,46,3.8,599.0,61,0.24,3,650.0,2040.0,0,Talkers
C02722,Tlemcen,Prepaid,12,18.6,186.0,45,0.47,2,400.0,860.0,0,Students
C02723,Tlemcen,Prepaid,29,25.6,156.0,18,0.42,4,1100.0,4570.0,0,Data lovers
C02724,Oran,Prepaid,38,7.1,245.0,78,0.18,2,650.0,1390.0,0,Talkers
C02725,Alger,Prepaid,9,5.9,46.0,15,0.26,1,250.0,240.0,0,Low spenders
C02726,Ouargla,Postpaid,18,3.0,738.0,31,0.12,5,700.0,3200.0,0,Talkers
C02727,Oran,Prepaid,18,21.4,112.0,9,0.29,4,900.0,3560.0,0,Data lovers
C02728,Blida,Prepaid,9,3.5,34.0,0,0.19,1,200.0,200.0,0,Low spenders
C02729,Ouargla,Prepaid,19,3.9,678.0,50,0.09,4,650.0,2530.0,0,Talkers
C02730,Alger,Prepaid,56,45.1,583.0,52,0.26,7,3300.0,25340.0,0,Premium
C02731,Constantine,Prepaid,19,23.6,94.0,43,0.3,2,300.0,560.0,0,Students
C02732,Batna,Prepaid,28,28.2,111.0,4,0.6,6,700.0,4500.0,0,Data lovers
C02733,Constantine,Prepaid,23,2.0,43.0,8,0.28,1,200.0,180.0,0,Low spenders
C02734,Constantine,Prepaid,7,18.5,124.0,23,0.64,3,500.0,1380.0,0,Students
C02735,Tizi Ouzou,Postpaid,59,41.8,459.0,66,0.29,6,2900.0,17280.0,0,Premium
C02736,Blida,Prepaid,19,20.4,178.0,48,0.45,3,350.0,1070.0,0,Students
C02737,Batna,Prepaid,14,0.9,36.0,22,0.14,1,150.0,150.0,0,Low spenders
C02738,Batna,Prepaid,41,15.2,741.0,54,0.26,5,2100.0,10130.0,1,Premium
C02739,Setif,Prepaid,48,2.3,955.0,42,0.1,3,650.0,2130.0,1,Talkers
C02740,Tlemcen,Postpaid,17,22.7,82.0,23,0.47,3,350.0,1020.0,0,Students
C02741,Alger,Prepaid,28,0.9,81.0,8,0.12,1,150.0,150.0,0,Low spenders
C02742,Blida,Postpaid,2,0.0,97.0,20,0.21,1,100.0,100.0,0,Low spenders
C02743,Tizi Ouzou,Postpaid,54,39.5,703.0,38,0.35,5,1850.0,9180.0,0,Premium
C02744,Tlemcen,Prepaid,23,19.7,83.0,39,0.5,3,400.0,1090.0,0,Students
C02745,Tizi Ouzou,Prepaid,9,19.2,109.0,55,0.62,3,400.0,1090.0,0,Students
C02746,Tizi Ouzou,Prepaid,35,45.0,562.0,50,0.33,5,2000.0,9370.0,1,Premium
C02747,Setif,Postpaid,33,3.8,859.0,44,0.08,2,750.0,1350.0,0,Talkers
C02748,Constantine,Prepaid,14,4.5,77.0,0,0.14,1,150.0,140.0,0,Low spenders
C02749,Annaba,Prepaid,2,25.6,72.0,51,0.73,2,300.0,640.0,0,Students
C02750,Constantine,Prepaid,26,2.8,111.0,20,0.3,1,150.0,160.0,0,Low spenders
C02751,Annaba,Prepaid,0,32.1,85.0,15,0.63,3,400.0,1240.0,0,Students
C02752,Setif,Prepaid,9,46.5,67.0,14,0.18,3,900.0,2590.0,0,Data lovers
C02753,Batna,Postpaid,60,36.9,575.0,20,0.31,6,2700.0,17450.0,0,Premium
C02754,Alger,Postpaid,13,14.2,146.0,44,0.56,4,450.0,1850.0,0,Students
C02755,Batna,Prepaid,17,1.3,37.0,16,0.31,1,200.0,190.0,0,Low spenders
C02756,Annaba,Postpaid,10,21.1,24.0,58,0.47,4,350.0,1330.0,0,Students
C02757,Tizi Ouzou,Prepaid,61,2.6,592.0,61,0.22,2,600.0,1230.0,0,Talkers
C02758,Oran,Prepaid,30,17.4,51.0,19,0.5,3,950.0,2720.0,0,Data lovers
C02759,Setif,Prepaid,46,3.4,359.0,46,0.1,2,800.0,1640.0,0,Talkers
C02760,Tlemcen,Prepaid,28,20.1,31.0,13,0.42,3,950.0,3070.0,0,Data lovers
C02761,Blida,Prepaid,18,4.1,138.0,17,0.08,1,50.0,50.0,0,Low spenders
C02762,Blida,Prepaid,18,2.3,127.0,26,0.36,1,200.0,200.0,0,Low spenders
C02763,Tizi Ouzou,Prepaid,12,4.1,33.0,6,0.21,1,100.0,100.0,0,Low spenders
C02764,Setif,Postpaid,11,15.1,108.0,25,0.36,5,500.0,2440.0,0,Students
C02765,Setif,Prepaid,32,59.7,502.0,31,0.29,5,1850.0,10010.0,0,Premium
C02766,Tlemcen,Prepaid,15,4.4,135.0,14,0.19,1,200.0,210.0,0,Low spenders
C02767,Constantine,Postpaid,6,2.8,70.0,13,0.33,1,100.0,100.0,0,Low spenders
C02768,Tlemcen,Prepaid,60,28.6,124.0,25,0.31,8,2500.0,19270.0,0,Premium
C02769,Annaba,Prepaid,2,4.2,137.0,25,0.11,1,250.0,240.0,0,Low spenders
C02770,Tizi Ouzou,Prepaid,43,6.1,217.0,29,0.17,3,600.0,1720.0,0,Talkers
C02771,Blida,Prepaid,12,1.0,17.0,0,0.28,1,250.0,270.0,0,Low spenders
C02772,Ouargla,Postpaid,35,28.7,127.0,13,0.45,6,700.0,3870.0,0,Data lovers
C02773,Alger,Prepaid,46,1.7,756.0,27,0.14,4,350.0,1430.0,0,Talkers
C02774,Constantine,Prepaid,33,0.0,401.0,34,0.22,2,300.0,620.0,0,Talkers
C02775,Oran,Prepaid,31,4.4,76.0,11,0.09,1,50.0,50.0,0,Low spenders
C02776,Alger,Prepaid,29,45.9,19.0,23,0.38,3,950.0,2780.0,0,Data lovers
C02777,Ouargla,Prepaid,30,3.3,80.0,9,0.18,1,50.0,50.0,0,Low spenders
C02778,Constantine,Postpaid,1,15.2,153.0,17,0.6,3,250.0,810.0,0,Students
C02779,Oran,Prepaid,10,18.6,30.0,31,0.61,3,450.0,1430.0,0,Students
C02780,Tizi Ouzou,Prepaid,10,27.8,67.0,16,0.31,4,850.0,3270.0,1,Data lovers
C02781,Blida,Prepaid,42,51.4,622.0,19,0.11,6,1100.0,6060.0,1,Premium
C02782,Ouargla,Prepaid,25,29.9,100.0,0,0.4,5,900.0,4190.0,0,Data lovers
C02783,Annaba,Prepaid,18,9.6,67.0,33,0.51,2,400.0,770.0,0,Students
C02784,Tlemcen,Postpaid,7,20.1,160.0,40,0.56,2,300.0,580.0,0,Students
C02785,Tizi Ouzou,Prepaid,23,26.1,162.0,48,0.58,3,300.0,940.0,0,Students
C02786,Tizi Ouzou,Prepaid,37,3.5,574.0,89,0.2,4,550.0,2240.0,1,Talkers
C02787,Constantine,Prepaid,37,7.9,703.0,46,0.2,4,450.0,1730.0,0,Talkers
C02788,Tizi Ouzou,Prepaid,56,50.9,307.0,92,0.24,3,2350.0,7470.0,0,Premium
C02789,Tlemcen,Postpaid,36,1.9,0.0,20,0.21,1,200.0,210.0,0,Low spenders
C02790,Constantine,Prepaid,4,4.2,65.0,2,0.26,0,250.0,0.0,1,Low spenders
C02791,Setif,Prepaid,41,5.4,66.0,1,0.21,2,200.0,390.0,0,Low spenders
C02792,Tlemcen,Prepaid,10,33.3,97.0,46,0.5,2,350.0,670.0,0,Students
C02793,Blida,Prepaid,37,45.3,647.0,90,0.37,6,3050.0,17150.0,1,Premium
C02794,Blida,Prepaid,56,55.1,133.0,7,0.43,6,600.0,3510.0,1,Data lovers
C02795,Tlemcen,Prepaid,16,26.2,167.0,9,0.59,4,300.0,1230.0,0,Students
C02796,Tizi Ouzou,Prepaid,31,25.8,41.0,19,0.31,3,950.0,2880.0,0,Data lovers
C02797,Ouargla,Prepaid,2,21.6,124.0,32,0.62,3,450.0,1390.0,0,Students
C02798,Setif,Prepaid,48,4.0,693.0,71,0.11,3,550.0,1610.0,0,Talkers
C02799,Alger,Postpaid,14,14.8,143.0,37,0.7,1,400.0,360.0,0,Students
C02800,Oran,Prepaid,29,29.4,88.0,20,0.46,4,750.0,2930.0,0,Data lovers
C02801,Setif,Prepaid,57,3.4,475.0,101,0.11,3,650.0,2110.0,0,Talkers
C02802,Setif,Prepaid,31,2.2,111.0,12,0.27,1,100.0,90.0,0,Low spenders
C02803,Annaba,Prepaid,32,6.6,739.0,49,0.27,3,600.0,1660.0,0,Talkers
C02804,Tlemcen,Prepaid,30,35.7,142.0,15,0.25,5,1150.0,5280.0,0,Data lovers
C02805,Ouargla,Prepaid,25,26.9,129.0,39,0.61,3,400.0,1220.0,0,Students
C02806,Annaba,Prepaid,36,32.9,45.0,23,0.48,6,850.0,4960.0,0,Data lovers
C02807,Batna,Prepaid,19,4.0,113.0,21,0.26,2,250.0,500.0,0,Low spenders
C02808,Batna,Prepaid,32,44.0,121.0,26,0.51,6,1000.0,5700.0,0,Data lovers
C02809,Alger,Prepaid,9,33.5,51.0,57,0.55,3,450.0,1420.0,0,Students
C02810,Ouargla,Prepaid,27,1.1,48.0,34,0.19,2,50.0,90.0,0,Low spenders
C02811,Tizi Ouzou,Prepaid,13,41.6,62.0,10,0.32,6,950.0,6100.0,0,Data lovers
C02812,Batna,Prepaid,27,24.5,121.0,27,0.31,3,1200.0,3710.0,0,Data lovers
C02813,Tlemcen,Prepaid,13,29.0,241.0,48,0.54,1,250.0,250.0,0,Students
C02814,Blida,Prepaid,1,9.0,78.0,10,0.35,4,350.0,1310.0,0,Students
C02815,Annaba,Postpaid,1,1.1,157.0,10,0.35,1,300.0,320.0,0,Low spenders
C02816,Batna,Prepaid,21,28.5,93.0,11,0.45,2,550.0,1070.0,0,Data lovers
C02817,Constantine,Postpaid,15,4.8,114.0,21,0.2,2,200.0,360.0,0,Low spenders
C02818,Oran,Prepaid,14,2.3,106.0,40,0.29,0,200.0,0.0,0,Low spenders
C02819,Batna,Prepaid,67,6.0,633.0,83,0.11,3,300.0,820.0,0,Talkers
C02820,Setif,Prepaid,24,23.3,101.0,42,0.64,4,350.0,1430.0,0,Students
C02821,Tizi Ouzou,Prepaid,31,2.3,474.0,73,0.13,4,300.0,1120.0,0,Talkers
C02822,Annaba,Prepaid,29,5.9,157.0,0,0.16,1,250.0,230.0,0,Low spenders
C02823,Batna,Prepaid,14,31.9,131.0,44,0.68,3,450.0,1360.0,0,Students
C02824,Batna,Prepaid,39,45.2,519.0,34,0.26,7,2650.0,17410.0,0,Premium
C02825,Constantine,Prepaid,36,15.2,140.0,24,0.34,4,500.0,1920.0,0,Data lovers
C02826,Batna,Prepaid,3,18.6,191.0,23,0.54,1,300.0,310.0,0,Students
C02827,Setif,Prepaid,45,38.5,67.0,0,0.34,3,800.0,2410.0,0,Data lovers
C02828,Batna,Prepaid,0,19.2,88.0,64,0.43,3,500.0,1550.0,0,Students
C02829,Batna,Postpaid,32,2.1,136.0,12,0.22,1,200.0,220.0,0,Low spenders
C02830,Batna,Prepaid,40,27.6,64.0,29,0.49,3,800.0,2480.0,0,Data lovers
C02831,Alger,Prepaid,48,15.2,581.0,63,0.2,4,500.0,2060.0,0,Talkers
C02832,Batna,Prepaid,26,15.2,95.0,40,0.49,2,450.0,960.0,0,Students
C02833,Tlemcen,Prepaid,71,55.4,561.0,46,0.15,5,3050.0,14780.0,0,Premium
C02834,Ouargla,Prepaid,37,44.5,573.0,12,0.39,4,3350.0,13730.0,0,Premium
C02835,Oran,Prepaid,37,15.2,614.0,25,0.4,5,2600.0,14140.0,0,Premium
C02836,Tlemcen,Prepaid,5,37.7,96.0,22,0.33,4,850.0,3180.0,0,Data lovers
C02837,Setif,Postpaid,25,21.4,47.0,33,0.34,4,950.0,3750.0,0,Data lovers
C02838,Tlemcen,Prepaid,7,32.7,41.0,12,0.5,4,850.0,3500.0,0,Data lovers
C02839,Tlemcen,Prepaid,6,29.8,129.0,14,0.41,4,900.0,3930.0,0,Data lovers
C02840,Constantine,Prepaid,33,2.6,706.0,66,0.14,1,450.0,480.0,0,Talkers
C02841,Constantine,Prepaid,10,3.5,72.0,24,0.21,2,200.0,430.0,0,Low spenders
C02842,Annaba,Prepaid,9,14.8,0.0,28,0.47,3,400.0,1160.0,0,Students
C02843,Constantine,Postpaid,17,4.9,1.0,8,0.2,1,300.0,270.0,0,Low spenders
C02844,Oran,Prepaid,37,2.5,476.0,100,0.29,4,450.0,1620.0,0,Talkers
C02845,Blida,Prepaid,69,53.3,639.0,67,0.22,5,2300.0,11310.0,0,Premium
C02846,Batna,Prepaid,43,59.7,473.0,57,0.25,6,3550.0,23180.0,0,Premium
C02847,Annaba,Prepaid,25,3.2,80.0,19,0.26,1,200.0,190.0,0,Low spenders
C02848,Oran,Prepaid,57,25.0,584.0,69,0.15,7,3550.0,25940.0,0,Premium
C02849,Constantine,Prepaid,4,32.6,184.0,10,0.38,3,1250.0,3570.0,0,Data lovers
C02850,Tlemcen,Prepaid,16,16.4,10.0,40,0.56,3,500.0,1440.0,0,Students
C02851,Tizi Ouzou,Postpaid,14,0.0,63.0,10,0.27,0,300.0,0.0,0,Low spenders
C02852,Alger,Prepaid,22,27.4,118.0,27,0.37,2,800.0,1580.0,0,Data lovers
C02853,Tizi Ouzou,Prepaid,31,33.7,113.0,12,0.42,4,1000.0,4040.0,0,Data lovers
C02854,Oran,Postpaid,29,39.1,129.0,24,0.21,5,650.0,3210.0,0,Data lovers
C02855,Tizi Ouzou,Prepaid,30,34.5,695.0,19,0.07,3,2700.0,7780.0,0,Premium
C02856,Blida,Prepaid,39,6.6,84.0,21,0.24,1,150.0,150.0,0,Low spenders
C02857,Alger,Prepaid,9,11.6,187.0,32,0.61,2,200.0,390.0,0,Students
C02858,Annaba,Prepaid,22,15.2,761.0,67,0.09,2,850.0,1600.0,0,Talkers
C02859,Tlemcen,Prepaid,31,1.3,655.0,58,0.19,1,450.0,460.0,0,Talkers
C02860,Setif,Prepaid,2,3.1,110.0,0,0.21,1,250.0,260.0,0,Low spenders
C02861,Tlemcen,Prepaid,49,52.2,199.0,74,0.39,4,2900.0,12680.0,0,Premium
C02862,Ouargla,Postpaid,3,7.6,160.0,36,0.5,3,250.0,740.0,0,Students
C02863,Tizi Ouzou,Prepaid,21,21.9,85.0,55,0.46,3,300.0,870.0,0,Students
C02864,Constantine,Prepaid,6,3.8,64.0,22,0.18,0,200.0,0.0,0,Low spenders
C02865,Oran,Prepaid,16,24.9,18.0,59,0.67,3,350.0,1100.0,0,Students
C02866,Ouargla,Prepaid,24,3.1,51.0,8,0.17,1,250.0,230.0,0,Low spenders
C02867,Batna,Prepaid,18,22.9,184.0,36,0.53,2,400.0,850.0,0,Students
C02868,Annaba,Prepaid,6,15.5,166.0,31,0.46,3,450.0,1430.0,0,Students
C02869,Constantine,Prepaid,5,2.4,53.0,12,0.21,2,100.0,200.0,0,Low spenders
C02870,Annaba,Prepaid,22,4.6,571.0,62,0.16,4,650.0,2600.0,0,Talkers
C02871,Setif,Prepaid,42,43.3,401.0,98,0.23,4,2950.0,12140.0,0,Premium
C02872,Alger,Prepaid,24,6.2,714.0,56,0.08,4,650.0,2780.0,0,Talkers
C02873,Alger,Prepaid,37,32.1,87.0,30,0.39,6,1100.0,6950.0,0,Data lovers
C02874,Ouargla,Postpaid,38,3.3,542.0,53,0.17,2,500.0,1090.0,0,Talkers
C02875,Annaba,Postpaid,28,28.9,333.0,40,0.28,5,2750.0,12430.0,0,Premium
C02876,Annaba,Prepaid,42,2.7,579.0,52,0.13,2,600.0,1150.0,0,Talkers
C02877,Ouargla,Prepaid,28,1.5,606.0,81,0.17,3,700.0,2100.0,0,Talkers
C02878,Batna,Prepaid,15,17.0,110.0,45,0.66,3,450.0,1310.0,0,Students
C02879,Blida,Prepaid,12,19.4,124.0,14,0.64,3,700.0,2000.0,0,Data lovers
C02880,Blida,Prepaid,56,29.8,470.0,61,0.31,5,1850.0,9700.0,1,Premium
C02881,Setif,Prepaid,19,3.6,113.0,18,0.2,1,300.0,310.0,0,Low spenders
C02882,Batna,Prepaid,24,16.9,143.0,50,0.64,3,450.0,1290.0,0,Students
C02883,Ouargla,Prepaid,31,1.1,44.0,12,0.11,1,250.0,270.0,0,Low spenders
C02884,Alger,Postpaid,56,7.0,547.0,96,0.1,3,600.0,1700.0,0,Talkers
C02885,Alger,Prepaid,59,43.6,466.0,46,0.27,5,1450.0,7090.0,1,Premium
C02886,Ouargla,Prepaid,19,5.8,687.0,74,0.14,4,500.0,2090.0,0,Talkers
C02887,Batna,Prepaid,27,15.2,78.0,21,0.4,6,850.0,5170.0,0,Data lovers
C02888,Blida,Prepaid,60,2.1,593.0,75,0.11,3,550.0,1570.0,0,Talkers
C02889,Tlemcen,Prepaid,23,4.1,93.0,23,0.3,1,200.0,200.0,0,Low spenders
C02890,Tizi Ouzou,Prepaid,31,16.5,55.0,42,0.58,3,450.0,1290.0,0,Students
C02891,Oran,Postpaid,42,48.7,542.0,66,0.23,5,2400.0,11020.0,0,Premium
C02892,Oran,Prepaid,42,5.9,587.0,26,0.18,3,500.0,1500.0,0,Talkers
C02893,Alger,Prepaid,13,17.1,130.0,36,0.47,2,250.0,460.0,0,Students
C02894,Alger,Prepaid,48,3.6,475.0,15,0.15,3,500.0,1560.0,0,Talkers
C02895,Constantine,Prepaid,9,2.7,79.0,1,0.11,1,100.0,90.0,0,Low spenders
C02896,Constantine,Prepaid,31,3.7,706.0,98,0.19,4,700.0,3060.0,0,Talkers
C02897,Tlemcen,Prepaid,49,52.9,406.0,27,0.0,5,3150.0,16900.0,0,Premium
C02898,Blida,Prepaid,13,15.2,97.0,19,0.49,2,600.0,1280.0,0,Data lovers
C02899,Tizi Ouzou,Prepaid,15,3.4,58.0,23,0.29,2,200.0,390.0,0,Low spenders
C02900,Constantine,Prepaid,63,3.3,372.0,48,0.07,3,700.0,2290.0,0,Talkers
C02901,Batna,Prepaid,28,44.1,386.0,38,0.31,6,2000.0,11800.0,0,Premium
C02902,Alger,Prepaid,52,37.4,17.0,30,0.29,4,1450.0,5920.0,0,Data lovers
C02903,Annaba,Prepaid,72,32.8,385.0,48,0.26,6,2700.0,17700.0,1,Premium
C02904,Blida,Prepaid,58,2.7,124.0,59,0.19,2,750.0,1510.0,0,Talkers
C02905,Alger,Postpaid,21,5.2,521.0,56,0.15,3,1250.0,3380.0,0,Talkers
C02906,Alger,Prepaid,32,1.9,666.0,78,0.12,3,350.0,1100.0,1,Talkers
C02907,Tizi Ouzou,Prepaid,43,33.1,87.0,22,0.39,2,950.0,1720.0,0,Data lovers
C02908,Annaba,Prepaid,21,26.5,111.0,2,0.41,5,1150.0,5850.0,0,Data lovers
C02909,Tlemcen,Postpaid,33,33.7,172.0,27,0.34,2,500.0,980.0,0,Data lovers
C02910,Oran,Postpaid,29,29.8,75.0,18,0.23,2,750.0,1620.0,0,Data lovers
C02911,Setif,Prepaid,61,19.1,44.0,19,0.42,4,950.0,3500.0,0,Data lovers
C02912,Setif,Prepaid,35,24.7,37.0,6,0.47,4,950.0,4030.0,0,Data lovers
C02913,Tizi Ouzou,Prepaid,29,34.4,129.0,14,0.44,4,800.0,2980.0,1,Data lovers
C02914,Blida,Prepaid,4,18.9,169.0,50,0.52,4,350.0,1500.0,0,Students
C02915,Setif,Prepaid,13,2.5,71.0,17,0.23,1,100.0,110.0,0,Low spenders
C02916,Tizi Ouzou,Postpaid,35,2.9,107.0,15,0.31,2,250.0,480.0,0,Low spenders
C02917,Batna,Prepaid,8,26.7,142.0,26,0.36,4,350.0,1530.0,0,Students
C02918,Alger,Prepaid,11,13.1,138.0,63,0.61,3,450.0,1310.0,0,Students
C02919,Setif,Prepaid,23,11.1,147.0,36,0.53,3,450.0,1360.0,0,Students
C02920,Setif,Prepaid,9,5.6,27.0,21,0.1,0,150.0,0.0,0,Low spenders
C02921,Tizi Ouzou,Prepaid,5,1.5,119.0,24,0.16,1,50.0,50.0,0,Low spenders
C02922,Alger,Prepaid,14,31.3,83.0,25,0.25,3,900.0,2800.0,0,Data lovers
C02923,Setif,Prepaid,91,49.1,569.0,39,0.18,4,4100.0,16640.0,1,Premium
C02924,Tizi Ouzou,Prepaid,40,20.0,124.0,15,0.38,5,650.0,3350.0,0,Data lovers
C02925,Ouargla,Prepaid,52,36.7,462.0,28,0.19,5,2850.0,14640.0,0,Premium
C02926,Oran,Prepaid,42,31.3,37.0,28,0.38,1,1000.0,930.0,0,Data lovers
C02927,Ouargla,Prepaid,23,1.5,83.0,0,0.1,1,150.0,150.0,0,Low spenders
C02928,Batna,Prepaid,22,3.8,60.0,8,0.13,1,250.0,270.0,0,Low spenders
C02929,Constantine,Prepaid,26,15.5,141.0,26,0.68,2,350.0,700.0,0,Students
C02930,Oran,Postpaid,35,3.1,81.0,37,0.13,1,200.0,190.0,0,Low spenders
C02931,Constantine,Prepaid,39,37.7,467.0,38,0.31,6,2550.0,16020.0,0,Premium
C02932,Constantine,Prepaid,28,30.0,91.0,23,0.38,5,1050.0,4910.0,0,Data lovers
C02933,Batna,Prepaid,20,2.1,130.0,22,0.26,1,300.0,280.0,0,Low spenders
C02934,Constantine,Postpaid,44,54.4,441.0,93,0.26,4,2750.0,10710.0,0,Premium
C02935,Oran,Prepaid,39,23.4,60.0,22,0.46,3,950.0,2740.0,0,Data lovers
C02936,Ouargla,Prepaid,0,22.6,15.0,59,0.57,2,300.0,590.0,0,Students
C02937,Tizi Ouzou,Prepaid,59,58.8,552.0,66,0.28,6,2350.0,14420.0,0,Premium
C02938,Setif,Prepaid,19,15.6,54.0,22,0.35,5,550.0,2560.0,0,Data lovers
C02939,Tizi Ouzou,Prepaid,29,29.5,94.0,22,0.28,3,1000.0,3010.0,0,Data lovers
C02940,Tizi Ouzou,Prepaid,26,10.0,89.0,14,0.11,1,200.0,210.0,0,Low spenders
C02941,Tizi Ouzou,Prepaid,39,3.9,649.0,68,0.16,3,700.0,2080.0,0,Talkers
C02942,Blida,Postpaid,19,3.3,103.0,9,0.07,1,350.0,360.0,0,Low spenders
C02943,Oran,Prepaid,46,4.3,760.0,35,0.15,3,500.0,1550.0,0,Talkers
C02944,Oran,Prepaid,8,2.3,53.0,8,0.12,1,150.0,140.0,0,Low spenders
C02945,Annaba,Prepaid,71,47.7,529.0,42,0.26,5,2150.0,11770.0,1,Premium
C02946,Ouargla,Prepaid,59,4.4,660.0,23,0.21,6,600.0,3370.0,0,Talkers
C02947,Ouargla,Prepaid,31,35.4,92.0,20,0.51,3,850.0,2400.0,0,Data lovers
C02948,Batna,Prepaid,50,34.8,176.0,26,0.61,4,450.0,1950.0,0,Data lovers
C02949,Annaba,Prepaid,37,2.6,100.0,10,0.28,1,450.0,440.0,0,Low spenders
C02950,Tlemcen,Prepaid,1,0.7,139.0,0,0.15,1,50.0,50.0,0,Low spenders
C02951,Blida,Prepaid,36,3.9,519.0,65,0.04,4,500.0,1940.0,0,Talkers
C02952,Constantine,Prepaid,23,4.4,808.0,68,0.15,4,500.0,1950.0,0,Talkers
C02953,Constantine,Prepaid,28,3.4,71.0,11,0.13,1,50.0,50.0,0,Low spenders
C02954,Oran,Prepaid,13,16.5,41.0,12,0.25,1,200.0,210.0,0,Low spenders
C02955,Setif,Prepaid,26,50.2,540.0,50,0.21,6,3600.0,23470.0,0,Premium
C02956,Tizi Ouzou,Prepaid,30,28.2,96.0,10,0.37,4,850.0,3410.0,0,Data lovers
C02957,Blida,Prepaid,27,2.5,124.0,87,0.05,4,450.0,1730.0,0,Talkers
C02958,Blida,Prepaid,48,3.2,221.0,42,0.17,2,800.0,1600.0,0,Talkers
C02959,Setif,Prepaid,0,1.8,119.0,5,0.09,1,300.0,290.0,0,Low spenders
C02960,Oran,Prepaid,33,4.4,104.0,17,0.28,0,250.0,0.0,0,Low spenders
C02961,Annaba,Prepaid,39,23.5,134.0,14,0.48,6,900.0,5160.0,0,Data lovers
C02962,Setif,Prepaid,10,22.6,58.0,59,0.49,4,500.0,2110.0,0,Students
C02963,Blida,Prepaid,46,36.0,659.0,52,0.34,5,2100.0,9850.0,0,Premium
C02964,Tlemcen,Prepaid,30,5.1,78.0,25,0.36,1,250.0,260.0,0,Low spenders
C02965,Constantine,Prepaid,30,2.3,674.0,85,0.11,5,550.0,2840.0,0,Talkers
C02966,Ouargla,Prepaid,26,48.0,500.0,42,0.28,5,2400.0,10940.0,1,Premium
C02967,Oran,Prepaid,51,39.9,64.0,17,0.43,3,650.0,1920.0,1,Data lovers
C02968,Setif,Postpaid,47,36.5,490.0,26,0.15,5,1950.0,9580.0,1,Premium
C02969,Setif,Prepaid,23,1.4,690.0,43,0.23,3,600.0,1940.0,0,Talkers
C02970,Batna,Prepaid,6,37.5,106.0,28,0.77,4,500.0,2080.0,0,Students
C02971,Batna,Prepaid,21,33.0,79.0,18,0.42,4,600.0,2500.0,0,Data lovers
C02972,Tlemcen,Prepaid,51,29.0,147.0,31,0.29,4,1400.0,5290.0,0,Data lovers
C02973,Batna,Prepaid,14,1.5,82.0,4,0.19,1,150.0,150.0,0,Low spenders
C02974,Oran,Prepaid,16,24.1,91.0,27,0.42,5,400.0,1920.0,0,Data lovers
C02975,Oran,Prepaid,16,4.6,554.0,60,0.12,4,450.0,1740.0,0,Talkers
C02976,Blida,Prepaid,19,0.0,431.0,86,0.13,4,750.0,3020.0,0,Talkers
C02977,Oran,Prepaid,17,39.3,92.0,27,0.61,3,1100.0,3620.0,0,Data lovers
C02978,Tizi Ouzou,Prepaid,35,3.5,359.0,87,0.2,3,400.0,1140.0,0,Talkers
C02979,Tlemcen,Prepaid,43,59.7,387.0,67,0.31,5,2900.0,15920.0,0,Premium
C02980,Ouargla,Prepaid,26,12.3,172.0,31,0.51,3,450.0,1440.0,0,Students
C02981,Annaba,Prepaid,58,45.9,424.0,36,0.23,5,3250.0,14880.0,1,Premium
C02982,Alger,Prepaid,21,2.4,77.0,26,0.23,2,200.0,400.0,0,Low spenders
C02983,Annaba,Prepaid,24,33.7,136.0,17,0.35,4,1050.0,4290.0,0,Data lovers
C02984,Alger,Prepaid,50,38.9,523.0,14,0.32,7,1750.0,13240.0,0,Premium
C02985,Batna,Prepaid,38,2.8,699.0,85,0.15,3,700.0,2020.0,0,Talkers
C02986,Tlemcen,Prepaid,8,5.6,148.0,33,0.49,4,550.0,1980.0,0,Students
C02987,Setif,Postpaid,29,2.1,4.0,20,0.19,1,100.0,90.0,0,Low spenders
C02988,Constantine,Prepaid,22,31.6,79.0,27,0.32,6,1000.0,6520.0,0,Data lovers
C02989,Constantine,Prepaid,34,3.9,124.0,16,0.06,1,150.0,160.0,0,Low spenders
C02990,Constantine,Prepaid,41,33.9,192.0,27,0.38,5,1300.0,5920.0,0,Data lovers
C02991,Ouargla,Postpaid,57,4.4,835.0,75,0.14,2,550.0,1010.0,0,Talkers
C02992,Annaba,Prepaid,38,8.7,608.0,73,0.23,5,700.0,3480.0,0,Talkers
C02993,Tlemcen,Postpaid,41,4.0,580.0,76,0.12,3,450.0,1230.0,0,Talkers
C02994,Setif,Prepaid,39,0.2,320.0,41,0.13,4,550.0,2400.0,0,Talkers
C02995,Oran,Prepaid,26,4.0,70.0,8,0.3,1,350.0,360.0,0,Low spenders
C02996,Batna,Prepaid,26,3.7,623.0,80,0.14,4,750.0,2820.0,0,Talkers
C02997,Blida,Prepaid,44,32.8,611.0,67,0.19,3,2650.0,8710.0,1,Premium
C02998,Tizi Ouzou,Prepaid,23,11.1,109.0,32,0.37,2,1200.0,2330.0,0,Data lovers
C02999,Batna,Prepaid,17,22.7,116.0,45,0.46,2,350.0,660.0,0,Students
C03000,Blida,Prepaid,53,30.1,161.0,12,0.32,4,1000.0,4120.0,0,Data lovers
C03001,Annaba,Prepaid,13,26.1,30.0,17,0.49,4,350.0,1470.0,0,Students
C03002,Alger,Prepaid,63,41.4,124.0,43,0.17,5,2400.0,11760.0,1,Premium
C03003,Constantine,Prepaid,16,1.5,224.0,22,0.45,3,300.0,820.0,0,Students
C03004,Batna,Postpaid,11,8.1,178.0,55,0.44,3,400.0,1170.0,0,Students
C03005,Setif,Prepaid,10,3.8,101.0,8,0.18,0,250.0,0.0,0,Low spenders
C03006,Blida,Prepaid,48,53.8,463.0,44,0.09,6,2150.0,11960.0,0,Premium
C03007,Constantine,Prepaid,28,18.0,60.0,14,0.4,3,1150.0,3550.0,0,Data lovers
C03008,Annaba,Prepaid,22,4.4,92.0,19,0.34,1,150.0,140.0,0,Low spenders
C03009,Blida,Postpaid,33,23.7,137.0,16,0.37,5,900.0,4680.0,0,Data lovers
C03010,Tlemcen,Prepaid,22,27.3,75.0,16,0.63,4,750.0,2720.0,0,Data lovers
C03011,Tlemcen,Prepaid,58,6.2,602.0,57,0.27,2,650.0,1400.0,0,Talkers
C03012,Constantine,Prepaid,38,47.4,39.0,23,0.45,6,750.0,4660.0,0,Data lovers
C03013,Setif,Prepaid,42,2.4,266.0,63,0.16,5,600.0,3210.0,0,Talkers
C03014,Setif,Prepaid,18,1.9,109.0,26,0.31,1,150.0,160.0,0,Low spenders
C03015,Oran,Prepaid,33,5.3,84.0,6,0.27,0,350.0,0.0,0,Low spenders
C03016,Annaba,Prepaid,56,35.4,117.0,10,0.45,4,800.0,3510.0,0,Data lovers
C03017,Ouargla,Prepaid,31,25.2,82.0,5,0.41,5,600.0,3190.0,0,Data lovers
C03018,Setif,Prepaid,30,2.3,670.0,84,0.1,1,850.0,770.0,0,Talkers
C03019,Alger,Prepaid,70,45.3,607.0,45,0.42,5,2750.0,13150.0,0,Premium
C03020,Batna,Prepaid,13,16.4,162.0,35,0.76,4,350.0,1300.0,0,Students
C03021,Batna,Prepaid,38,30.4,68.0,21,0.47,4,900.0,3320.0,0,Data lovers
C03022,Batna,Prepaid,19,4.5,90.0,14,0.11,1,150.0,160.0,0,Low spenders
C03023,Alger,Prepaid,0,22.5,103.0,9,0.58,3,300.0,970.0,0,Students
C03024,Constantine,Prepaid,36,3.6,584.0,61,0.13,2,750.0,1490.0,0,Talkers
C03025,Tlemcen,Prepaid,21,23.6,67.0,24,0.31,5,1250.0,6280.0,0,Data lovers
C03026,Tizi Ouzou,Prepaid,38,4.7,722.0,78,0.27,3,800.0,2240.0,0,Talkers
C03027,Ouargla,Prepaid,10,4.3,36.0,9,0.25,0,200.0,0.0,0,Low spenders
C03028,Tizi Ouzou,Prepaid,58,47.0,591.0,53,0.13,5,2050.0,9360.0,0,Premium
C03029,Setif,Postpaid,25,4.1,533.0,62,0.13,3,500.0,1500.0,0,Talkers
C03030,Ouargla,Prepaid,22,24.9,70.0,45,0.5,3,400.0,1240.0,0,Students
C03031,Setif,Prepaid,22,1.5,51.0,29,0.26,0,150.0,0.0,0,Low spenders
C03032,Tlemcen,Prepaid,34,1.7,94.0,12,0.2,2,150.0,280.0,0,Low spenders
C03033,Constantine,Prepaid,31,27.8,13.0,27,0.45,3,900.0,2760.0,0,Data lovers
C03034,Constantine,Prepaid,9,34.0,117.0,19,0.39,3,1200.0,3540.0,0,Data lovers
C03035,Tizi Ouzou,Postpaid,18,43.4,125.0,23,0.43,3,750.0,2350.0,0,Data lovers
C03036,Ouargla,Prepaid,9,28.2,82.0,43,0.41,2,400.0,760.0,0,Students
C03037,Alger,Postpaid,22,3.1,64.0,5,0.3,2,150.0,320.0,0,Low spenders
C03038,Setif,Prepaid,54,14.6,46.0,44,0.44,5,600.0,3150.0,0,Data lovers
C03039,Batna,Prepaid,22,2.5,47.0,6,0.23,1,350.0,340.0,0,Low spenders
C03040,Blida,Prepaid,6,1.5,87.0,28,0.19,2,200.0,360.0,0,Low spenders
C03041,Ouargla,Prepaid,37,38.7,89.0,17,0.48,4,1000.0,3970.0,0,Data lovers
C03042,Batna,Prepaid,43,43.7,196.0,19,0.36,3,1000.0,3090.0,0,Data lovers
C03043,Tlemcen,Prepaid,54,33.7,164.0,17,0.41,3,1050.0,3070.0,0,Data lovers
C03044,Ouargla,Prepaid,63,35.5,7.0,0,0.34,4,850.0,3690.0,0,Data lovers
C03045,Oran,Prepaid,19,22.6,50.0,41,0.62,4,250.0,940.0,0,Students
C03046,Alger,Prepaid,46,9.2,120.0,13,0.51,3,800.0,2300.0,0,Data lovers
C03047,Setif,Prepaid,6,15.5,143.0,46,0.44,4,550.0,2370.0,0,Students
C03048,Alger,Prepaid,19,12.1,168.0,26,0.59,3,450.0,1330.0,0,Students
C03049,Blida,Prepaid,0,3.7,96.0,4,0.29,1,200.0,180.0,0,Low spenders
C03050,Alger,Prepaid,13,4.9,42.0,17,0.33,1,100.0,90.0,0,Low spenders
C03051,Tlemcen,Prepaid,1,20.9,159.0,47,0.6,2,300.0,610.0,0,Students
C03052,Setif,Prepaid,38,34.3,95.0,34,0.66,3,900.0,2720.0,0,Data lovers
C03053,Oran,Prepaid,34,4.5,826.0,87,0.03,4,650.0,2340.0,0,Talkers
C03054,Constantine,Prepaid,6,29.6,94.0,41,0.57,3,300.0,900.0,0,Students
C03055,Setif,Prepaid,40,15.9,74.0,6,0.47,4,1100.0,4250.0,0,Data lovers
C03056,Oran,Prepaid,42,41.8,509.0,31,0.15,5,2900.0,13800.0,1,Premium
C03057,Oran,Prepaid,75,4.6,523.0,55,0.27,1,700.0,760.0,0,Talkers
C03058,Tlemcen,Prepaid,7,19.3,176.0,49,0.56,4,300.0,1200.0,0,Students
C03059,Alger,Prepaid,29,46.8,82.0,27,0.43,3,650.0,1940.0,0,Data lovers
C03060,Alger,Prepaid,22,2.6,0.0,21,0.29,1,250.0,230.0,0,Low spenders
C03061,Batna,Prepaid,78,45.6,448.0,58,0.12,4,2350.0,9460.0,0,Premium
C03062,Tlemcen,Prepaid,21,0.0,106.0,3,0.23,1,250.0,270.0,0,Low spenders
C03063,Alger,Prepaid,62,39.9,478.0,62,0.3,5,2200.0,10750.0,0,Premium
C03064,Tizi Ouzou,Prepaid,33,26.7,166.0,22,0.38,3,900.0,2650.0,0,Data lovers
C03065,Oran,Prepaid,0,0.9,157.0,8,0.35,1,200.0,210.0,0,Low spenders
C03066,Oran,Prepaid,32,3.5,745.0,48,0.13,3,500.0,1620.0,0,Talkers
C03067,Blida,Prepaid,68,5.3,571.0,16,0.03,4,550.0,2420.0,0,Talkers
C03068,Tizi Ouzou,Prepaid,13,22.3,109.0,51,0.47,2,350.0,690.0,0,Students
C03069,Batna,Prepaid,38,6.2,701.0,108,0.1,2,650.0,1230.0,0,Talkers
C03070,Tizi Ouzou,Prepaid,39,3.3,624.0,94,0.18,4,650.0,2580.0,0,Talkers
C03071,Setif,Prepaid,51,6.9,434.0,82,0.12,2,600.0,1140.0,0,Talkers
C03072,Ouargla,Prepaid,8,2.9,16.0,0,0.2,0,300.0,0.0,0,Low spenders
C03073,Tlemcen,Postpaid,48,4.9,392.0,41,0.2,4,750.0,2760.0,0,Talkers
C03074,Batna,Prepaid,34,6.2,599.0,78,0.16,3,650.0,2140.0,0,Talkers
C03075,Tizi Ouzou,Prepaid,11,19.1,106.0,28,0.42,3,550.0,1760.0,0,Students
C03076,Annaba,Postpaid,39,2.9,506.0,61,0.21,5,650.0,3460.0,0,Talkers
C03077,Constantine,Prepaid,26,4.9,603.0,53,0.16,1,700.0,690.0,0,Talkers
C03078,Tizi Ouzou,Prepaid,28,6.4,740.0,48,0.05,3,850.0,2600.0,0,Talkers
C03079,Annaba,Prepaid,21,24.0,92.0,44,0.53,3,400.0,1090.0,0,Students
C03080,Blida,Prepaid,0,33.5,173.0,30,0.2,3,950.0,2880.0,0,Data lovers
C03081,Tlemcen,Postpaid,11,21.1,134.0,67,0.48,3,350.0,1050.0,0,Students
C03082,Ouargla,Prepaid,12,17.9,231.0,38,0.49,5,300.0,1370.0,0,Students
C03083,Ouargla,Prepaid,23,21.2,182.0,35,0.63,2,450.0,990.0,0,Students
C03084,Alger,Prepaid,56,3.4,639.0,50,0.13,3,400.0,1080.0,0,Talkers
C03085,Annaba,Prepaid,40,59.7,443.0,62,0.27,3,2350.0,6750.0,0,Premium
C03086,Batna,Prepaid,30,4.1,33.0,16,0.17,1,200.0,210.0,0,Low spenders
C03087,Setif,Prepaid,54,0.0,572.0,60,0.11,3,600.0,1810.0,0,Talkers
C03088,Annaba,Prepaid,7,28.7,33.0,0,0.52,4,950.0,3800.0,1,Data lovers
C03089,Constantine,Prepaid,10,4.6,162.0,27,0.69,3,500.0,1460.0,0,Students
C03090,Batna,Prepaid,40,1.3,387.0,65,0.16,5,500.0,2610.0,0,Talkers
C03091,Blida,Prepaid,36,3.8,551.0,114,0.02,2,850.0,1590.0,0,Talkers
C03092,Constantine,Prepaid,46,1.5,333.0,64,0.19,1,750.0,720.0,0,Talkers
C03093,Blida,Prepaid,32,3.4,106.0,21,0.13,1,250.0,230.0,0,Low spenders
C03094,Constantine,Prepaid,32,44.8,92.0,19,0.47,4,1150.0,4180.0,0,Data lovers
C03095,Tizi Ouzou,Postpaid,46,23.6,84.0,12,0.44,2,950.0,2040.0,0,Data lovers
C03096,Annaba,Prepaid,16,2.7,124.0,13,0.11,1,150.0,150.0,0,Low spenders
C03097,Blida,Prepaid,23,15.2,27.0,36,0.3,2,250.0,550.0,0,Low spenders
C03098,Setif,Prepaid,25,2.7,51.0,31,0.14,0,150.0,0.0,0,Low spenders
C03099,Batna,Prepaid,18,29.2,107.0,13,0.38,4,750.0,2810.0,0,Data lovers
C03100,Setif,Postpaid,12,22.2,56.0,9,0.38,4,800.0,2990.0,0,Data lovers
C03101,Batna,Prepaid,29,4.2,736.0,60,0.14,5,700.0,3580.0,0,Talkers
C03102,Oran,Prepaid,50,4.7,475.0,81,0.23,2,750.0,1370.0,0,Talkers
C03103,Ouargla,Prepaid,33,2.7,641.0,94,0.19,4,600.0,2480.0,0,Talkers
C03104,Alger,Prepaid,8,19.7,113.0,33,0.59,3,450.0,1230.0,0,Students
C03105,Tlemcen,Prepaid,38,39.0,605.0,10,0.16,5,2200.0,12020.0,0,Premium
C03106,Tlemcen,Prepaid,45,3.8,666.0,66,0.17,1,500.0,450.0,0,Talkers
C03107,Constantine,Prepaid,36,33.1,124.0,8,0.36,4,800.0,3480.0,0,Data lovers
C03108,Tizi Ouzou,Prepaid,67,37.6,350.0,48,0.1,4,2600.0,10520.0,1,Premium
C03109,Tizi Ouzou,Prepaid,18,17.3,130.0,65,0.45,4,400.0,1500.0,0,Students
C03110,Setif,Prepaid,15,28.8,94.0,29,0.54,2,650.0,1320.0,0,Data lovers
C03111,Blida,Prepaid,53,59.7,539.0,50,0.29,5,3050.0,16650.0,0,Premium
C03112,Ouargla,Prepaid,29,6.5,616.0,66,0.19,2,650.0,1360.0,0,Talkers
C03113,Setif,Prepaid,6,17.8,186.0,23,0.51,4,300.0,1090.0,0,Students
C03114,Tizi Ouzou,Prepaid,38,15.2,176.0,9,0.26,4,1050.0,4580.0,0,Data lovers
C03115,Blida,Prepaid,37,15.2,117.0,20,0.19,0,250.0,0.0,0,Low spenders
C03116,Constantine,Prepaid,6,18.6,89.0,34,0.61,5,400.0,2090.0,0,Students
C03117,Annaba,Postpaid,17,33.9,10.0,18,0.34,2,650.0,1320.0,0,Data lovers
C03118,Ouargla,Prepaid,64,2.6,686.0,48,0.12,3,550.0,1810.0,0,Talkers
C03119,Batna,Prepaid,53,3.7,718.0,40,0.25,5,700.0,3520.0,0,Talkers
C03120,Constantine,Prepaid,38,2.1,111.0,31,0.18,2,150.0,280.0,0,Low spenders
C03121,Tlemcen,Prepaid,12,9.6,120.0,38,0.59,4,400.0,1500.0,0,Students
C03122,Setif,Prepaid,12,1.9,0.0,9,0.18,1,300.0,280.0,0,Low spenders
C03123,Tizi Ouzou,Prepaid,41,4.7,77.0,10,0.07,1,150.0,160.0,0,Low spenders
C03124,Alger,Prepaid,6,0.1,10.0,35,0.22,1,150.0,150.0,0,Low spenders
C03125,Oran,Prepaid,62,45.0,124.0,23,0.44,3,1450.0,4100.0,0,Data lovers
C03126,Tizi Ouzou,Prepaid,20,4.4,147.0,0,0.2,1,250.0,230.0,0,Low spenders
C03127,Tizi Ouzou,Prepaid,0,5.9,68.0,22,0.31,0,200.0,0.0,0,Low spenders
C03128,Ouargla,Prepaid,16,22.6,162.0,16,0.73,2,450.0,890.0,0,Students
C03129,Tizi Ouzou,Prepaid,22,34.7,112.0,15,0.62,2,1000.0,2190.0,0,Data lovers
C03130,Batna,Prepaid,1,15.2,115.0,58,0.39,4,350.0,1490.0,0,Students
C03131,Annaba,Prepaid,19,24.1,70.0,25,0.67,4,500.0,2100.0,0,Students
C03132,Oran,Prepaid,5,23.0,93.0,21,0.1,1,250.0,250.0,0,Low spenders
C03133,Annaba,Prepaid,17,4.7,455.0,60,0.12,3,500.0,1570.0,0,Talkers
C03134,Ouargla,Prepaid,56,38.0,528.0,64,0.14,6,2500.0,15070.0,0,Premium
C03135,Annaba,Postpaid,9,15.9,58.0,50,0.44,2,250.0,500.0,0,Students
C03136,Annaba,Prepaid,15,19.7,58.0,46,0.68,4,500.0,2060.0,0,Students
C03137,Tlemcen,Prepaid,55,4.9,535.0,30,0.12,4,650.0,2720.0,0,Talkers
C03138,Tizi Ouzou,Prepaid,16,24.5,101.0,24,0.39,4,900.0,3380.0,0,Data lovers
C03139,Tlemcen,Prepaid,5,18.4,24.0,31,0.55,2,450.0,970.0,0,Students
C03140,Oran,Prepaid,42,15.2,138.0,13,0.61,3,700.0,2140.0,0,Data lovers
C03141,Blida,Prepaid,56,4.0,785.0,52,0.11,4,450.0,1760.0,0,Talkers
C03142,Blida,Prepaid,41,32.3,113.0,24,0.2,4,1100.0,4680.0,0,Data lovers
C03143,Alger,Prepaid,4,22.9,155.0,21,0.56,4,250.0,980.0,0,Students
C03144,Tizi Ouzou,Prepaid,14,2.5,136.0,0,0.27,1,300.0,310.0,0,Low spenders
C03145,Constantine,Prepaid,13,0.0,88.0,20,0.13,0,200.0,0.0,0,Low spenders
C03146,Constantine,Postpaid,43,3.3,715.0,41,0.13,4,700.0,3060.0,0,Talkers
C03147,Blida,Prepaid,41,3.1,31.0,23,0.13,1,300.0,290.0,0,Low spenders
C03148,Annaba,Prepaid,36,15.2,645.0,67,0.05,4,600.0,2420.0,0,Talkers
C03149,Setif,Prepaid,31,1.1,146.0,18,0.37,2,200.0,390.0,0,Low spenders
C03150,Oran,Prepaid,14,26.1,125.0,48,0.62,3,300.0,950.0,0,Students
C03151,Batna,Prepaid,49,0.8,679.0,80,0.1,3,950.0,3060.0,0,Talkers
C03152,Constantine,Prepaid,36,3.5,37.0,29,0.14,1,200.0,200.0,0,Low spenders
C03153,Oran,Prepaid,32,15.2,636.0,55,0.14,3,750.0,2140.0,0,Talkers
C03154,Annaba,Prepaid,40,2.0,88.0,25,0.05,2,200.0,440.0,0,Low spenders
C03155,Ouargla,Postpaid,11,28.0,123.0,17,0.36,4,1050.0,4510.0,0,Data lovers
C03156,Tlemcen,Prepaid,73,46.7,514.0,57,0.34,6,2700.0,15300.0,0,Premium
C03157,Ouargla,Prepaid,59,5.0,473.0,76,0.16,5,500.0,2600.0,0,Talkers
C03158,Annaba,Prepaid,27,5.0,838.0,89,0.18,3,450.0,1460.0,0,Talkers
C03159,Oran,Postpaid,47,33.8,182.0,19,0.49,4,1050.0,4120.0,0,Data lovers
C03160,Blida,Prepaid,23,3.7,136.0,14,0.33,1,250.0,230.0,0,Low spenders
C03161,Setif,Prepaid,31,23.9,708.0,72,0.28,6,2700.0,15630.0,0,Premium
C03162,Setif,Prepaid,0,9.0,110.0,34,0.57,4,550.0,2190.0,0,Students
C03163,Blida,Prepaid,19,2.7,86.0,22,0.17,2,200.0,410.0,0,Low spenders
C03164,Alger,Prepaid,50,59.7,436.0,10,0.25,6,2850.0,15700.0,0,Premium
C03165,Batna,Prepaid,31,27.2,113.0,13,0.41,4,650.0,2510.0,1,Data lovers
C03166,Alger,Prepaid,36,0.0,124.0,46,0.22,4,350.0,1530.0,0,Talkers
C03167,Tlemcen,Prepaid,15,19.3,124.0,58,0.51,3,300.0,870.0,0,Students
C03168,Tlemcen,Prepaid,27,1.0,576.0,38,0.14,4,750.0,3290.0,0,Talkers
C03169,Annaba,Prepaid,12,27.4,107.0,26,0.38,4,1050.0,4340.0,0,Data lovers
C03170,Constantine,Postpaid,18,3.8,577.0,86,0.18,4,400.0,1620.0,0,Talkers
C03171,Tlemcen,Prepaid,26,2.2,122.0,12,0.1,1,200.0,190.0,0,Low spenders
C03172,Alger,Prepaid,66,15.2,537.0,30,0.36,6,3100.0,20360.0,0,Premium
C03173,Oran,Prepaid,30,30.2,108.0,20,0.38,3,1050.0,3040.0,0,Data lovers
C03174,Constantine,Prepaid,43,24.8,56.0,34,0.42,5,950.0,4920.0,0,Data lovers
C03175,Constantine,Postpaid,22,25.2,134.0,8,0.43,4,800.0,3290.0,0,Data lovers
C03176,Alger,Postpaid,18,24.4,230.0,60,0.51,3,450.0,1270.0,0,Students
C03177,Batna,Postpaid,59,2.5,582.0,47,0.13,3,400.0,1150.0,0,Talkers
C03178,Setif,Prepaid,10,31.0,113.0,0,0.48,5,1000.0,4890.0,0,Data lovers
C03179,Blida,Prepaid,30,15.5,125.0,41,0.47,4,550.0,2060.0,0,Students
C03180,Oran,Prepaid,16,14.9,115.0,18,0.38,5,900.0,4550.0,0,Data lovers
C03181,Batna,Prepaid,46,0.7,667.0,57,0.18,2,700.0,1400.0,0,Talkers
C03182,Constantine,Prepaid,29,15.2,131.0,8,0.04,0,100.0,0.0,0,Low spenders
C03183,Blida,Prepaid,11,23.8,75.0,44,0.49,3,350.0,1020.0,0,Students
C03184,Tizi Ouzou,Prepaid,31,0.0,92.0,25,0.18,0,250.0,0.0,0,Low spenders
C03185,Ouargla,Prepaid,46,24.0,75.0,23,0.52,5,850.0,4540.0,0,Data lovers
C03186,Tlemcen,Prepaid,36,38.6,117.0,10,0.35,4,650.0,2350.0,0,Data lovers
C03187,Blida,Postpaid,12,15.3,53.0,37,0.58,3,450.0,1480.0,0,Students
C03188,Constantine,Prepaid,15,0.0,120.0,51,0.64,5,350.0,1910.0,0,Students
C03189,Tlemcen,Prepaid,22,6.8,806.0,68,0.17,3,600.0,1960.0,0,Talkers
C03190,Alger,Prepaid,49,37.3,97.0,35,0.39,4,1000.0,4160.0,0,Data lovers
C03191,Constantine,Prepaid,24,3.4,115.0,14,0.38,0,200.0,0.0,0,Low spenders
C03192,Alger,Prepaid,39,15.2,39.0,1,0.57,2,900.0,1680.0,0,Data lovers
C03193,Batna,Prepaid,21,3.0,92.0,14,0.02,1,300.0,280.0,0,Low spenders
C03194,Batna,Prepaid,32,4.5,124.0,80,0.12,3,350.0,1060.0,0,Talkers
C03195,Tizi Ouzou,Prepaid,12,51.2,69.0,14,0.34,5,900.0,4860.0,0,Data lovers
C03196,Ouargla,Prepaid,9,24.0,26.0,8,0.3,4,1050.0,4420.0,0,Data lovers
C03197,Alger,Prepaid,21,25.8,67.0,34,0.47,4,550.0,2070.0,0,Students
C03198,Blida,Prepaid,24,0.0,461.0,36,0.13,3,700.0,1900.0,0,Talkers
C03199,Constantine,Prepaid,2,3.1,65.0,12,0.08,1,400.0,410.0,0,Low spenders
C03200,Blida,Prepaid,41,40.9,437.0,82,0.32,5,2200.0,10110.0,0,Premium
C03201,Blida,Prepaid,26,16.9,142.0,46,0.58,3,350.0,1060.0,0,Students
C03202,Setif,Prepaid,48,59.7,499.0,37,0.23,5,2900.0,13350.0,0,Premium
C03203,Annaba,Postpaid,18,1.6,118.0,15,0.19,1,100.0,100.0,0,Low spenders
C03204,Annaba,Postpaid,6,3.4,126.0,14,0.09,1,100.0,110.0,0,Low spenders
C03205,Batna,Prepaid,32,2.6,103.0,16,0.19,0,300.0,0.0,0,Low spenders
C03206,Batna,Prepaid,32,27.1,96.0,30,0.5,5,900.0,4270.0,0,Data lovers
C03207,Ouargla,Prepaid,1,22.6,90.0,28,0.38,4,800.0,2960.0,0,Data lovers
C03208,Oran,Postpaid,19,27.9,172.0,28,0.31,4,400.0,1470.0,0,Data lovers
C03209,Setif,Prepaid,49,32.1,170.0,15,0.67,6,750.0,4430.0,0,Data lovers
C03210,Batna,Prepaid,45,3.1,70.0,22,0.22,0,350.0,0.0,0,Low spenders
C03211,Constantine,Postpaid,21,28.0,77.0,19,0.52,2,800.0,1650.0,0,Data lovers
C03212,Constantine,Postpaid,24,23.2,63.0,35,0.6,4,300.0,1310.0,0,Students
C03213,Annaba,Postpaid,38,39.1,150.0,21,0.51,4,1050.0,4410.0,0,Data lovers
C03214,Tlemcen,Prepaid,16,4.9,104.0,19,0.23,1,200.0,200.0,0,Low spenders
C03215,Tizi Ouzou,Prepaid,8,23.0,133.0,37,0.56,3,350.0,1050.0,0,Students
C03216,Blida,Prepaid,38,33.0,101.0,18,0.35,5,900.0,4460.0,0,Data lovers
C03217,Annaba,Prepaid,47,59.7,366.0,79,0.3,3,2000.0,5560.0,0,Premium
C03218,Annaba,Prepaid,22,28.9,145.0,11,0.3,5,900.0,4850.0,0,Data lovers
C03219,Tizi Ouzou,Prepaid,0,3.5,63.0,0,0.21,1,150.0,140.0,0,Low spenders
C03220,Setif,Prepaid,0,4.9,46.0,33,0.09,1,250.0,240.0,0,Low spenders
C03221,Oran,Prepaid,58,43.4,692.0,67,0.09,7,2950.0,21130.0,0,Premium
C03222,Oran,Prepaid,1,29.9,126.0,15,0.35,5,950.0,4810.0,0,Data lovers
C03223,Batna,Prepaid,4,15.2,162.0,33,0.5,3,450.0,1290.0,0,Students
C03224,Ouargla,Prepaid,6,24.4,70.0,26,0.35,4,300.0,1110.0,0,Students
C03225,Tlemcen,Prepaid,66,6.5,700.0,57,0.09,2,600.0,1320.0,0,Talkers
C03226,Alger,Prepaid,45,3.9,603.0,72,0.14,4,650.0,2350.0,0,Talkers
C03227,Setif,Prepaid,44,35.0,379.0,35,0.37,7,1950.0,12610.0,0,Premium
C03228,Tlemcen,Postpaid,26,3.4,59.0,8,0.21,1,200.0,200.0,0,Low spenders
C03229,Annaba,Prepaid,48,24.3,88.0,10,0.38,2,800.0,1540.0,0,Data lovers
C03230,Blida,Prepaid,32,1.8,611.0,59,0.12,3,550.0,1730.0,0,Talkers
C03231,Ouargla,Prepaid,24,2.7,77.0,13,0.26,1,200.0,220.0,0,Low spenders
C03232,Annaba,Prepaid,5,15.2,118.0,11,0.23,1,150.0,160.0,0,Low spenders
C03233,Oran,Prepaid,21,2.3,58.0,18,0.2,1,250.0,240.0,0,Low spenders
C03234,Annaba,Prepaid,17,17.8,183.0,56,0.41,3,500.0,1450.0,0,Students
C03235,Constantine,Prepaid,43,0.0,492.0,68,0.12,4,600.0,2630.0,0,Talkers
C03236,Ouargla,Postpaid,15,29.8,102.0,14,0.32,4,600.0,2310.0,0,Data lovers
C03237,Tizi Ouzou,Prepaid,5,16.3,287.0,41,0.61,3,300.0,880.0,0,Students
C03238,Alger,Prepaid,40,30.5,119.0,22,0.25,5,800.0,3600.0,0,Data lovers
C03239,Blida,Postpaid,5,25.9,140.0,26,0.46,5,250.0,1240.0,0,Students
C03240,Constantine,Prepaid,12,21.0,122.0,47,0.58,2,500.0,1050.0,0,Students
C03241,Constantine,Prepaid,38,3.1,697.0,71,0.14,5,650.0,3230.0,0,Talkers
C03242,Constantine,Prepaid,40,42.2,109.0,23,0.4,3,950.0,2940.0,0,Data lovers
C03243,Tlemcen,Prepaid,21,26.4,126.0,54,0.6,4,400.0,1750.0,0,Students
C03244,Ouargla,Prepaid,36,9.3,93.0,18,0.42,4,750.0,2940.0,0,Data lovers
C03245,Tlemcen,Postpaid,31,15.2,44.0,2,0.31,1,100.0,110.0,0,Low spenders
C03246,Batna,Prepaid,6,46.1,66.0,12,0.5,2,800.0,1480.0,0,Data lovers
C03247,Oran,Prepaid,62,2.6,842.0,54,0.26,3,700.0,2220.0,0,Talkers
C03248,Ouargla,Prepaid,17,4.0,138.0,11,0.29,2,150.0,310.0,0,Low spenders
C03249,Ouargla,Prepaid,38,31.4,97.0,17,0.33,4,950.0,4150.0,1,Data lovers
C03250,Batna,Prepaid,45,3.9,57.0,19,0.22,0,150.0,0.0,0,Low spenders
C03251,Ouargla,Prepaid,26,1.9,62.0,1,0.14,1,200.0,180.0,0,Low spenders
C03252,Setif,Prepaid,18,6.7,554.0,68,0.17,1,550.0,520.0,0,Talkers
C03253,Alger,Prepaid,41,1.9,0.0,11,0.24,1,300.0,320.0,0,Low spenders
C03254,Ouargla,Prepaid,29,0.1,100.0,14,0.16,1,200.0,200.0,0,Low spenders
C03255,Batna,Prepaid,17,6.0,808.0,72,0.15,3,650.0,1930.0,0,Talkers
C03256,Setif,Postpaid,0,4.6,53.0,28,0.14,1,250.0,230.0,0,Low spenders
C03257,Annaba,Prepaid,43,1.6,563.0,83,0.26,2,650.0,1380.0,1,Talkers
C03258,Oran,Prepaid,41,3.4,347.0,56,0.24,2,450.0,910.0,0,Talkers
C03259,Ouargla,Prepaid,9,19.6,89.0,16,0.56,3,400.0,1130.0,0,Students
C03260,Constantine,Prepaid,27,2.6,63.0,19,0.07,1,50.0,50.0,0,Low spenders
C03261,Alger,Prepaid,28,36.7,139.0,23,0.35,4,900.0,3310.0,0,Data lovers
C03262,Blida,Prepaid,20,4.3,77.0,18,0.23,1,200.0,210.0,0,Low spenders
C03263,Tlemcen,Prepaid,7,16.9,109.0,28,0.53,2,250.0,540.0,0,Students
C03264,Blida,Prepaid,35,6.6,568.0,77,0.11,5,400.0,2050.0,0,Talkers
C03265,Constantine,Prepaid,22,42.3,124.0,27,0.44,5,950.0,5060.0,0,Data lovers
C03266,Annaba,Prepaid,16,20.6,73.0,42,0.43,4,350.0,1500.0,0,Students
C03267,Batna,Prepaid,34,4.1,0.0,25,0.3,1,100.0,90.0,0,Low spenders
C03268,Tlemcen,Prepaid,11,18.2,144.0,59,0.62,2,400.0,750.0,0,Students
C03269,Tizi Ouzou,Prepaid,59,33.3,83.0,19,0.33,6,750.0,4770.0,0,Data lovers
C03270,Ouargla,Postpaid,76,51.2,583.0,21,0.25,5,3450.0,16470.0,1,Premium
C03271,Batna,Prepaid,23,14.9,130.0,22,0.37,3,1050.0,3040.0,0,Data lovers
C03272,Tizi Ouzou,Postpaid,43,3.1,645.0,38,0.23,1,700.0,740.0,0,Talkers
C03273,Tlemcen,Prepaid,7,5.6,116.0,7,0.14,0,150.0,0.0,0,Low spenders
C03274,Ouargla,Prepaid,25,2.3,54.0,7,0.14,1,150.0,160.0,0,Low spenders
C03275,Alger,Prepaid,9,16.0,166.0,43,0.61,3,300.0,900.0,0,Students
C03276,Tlemcen,Prepaid,13,0.5,30.0,29,0.09,1,150.0,140.0,0,Low spenders
C03277,Ouargla,Prepaid,53,0.4,124.0,69,0.11,4,850.0,3410.0,0,Talkers
C03278,Annaba,Prepaid,32,29.3,451.0,3,0.22,6,1300.0,8260.0,0,Premium
C03279,Tlemcen,Prepaid,40,23.2,44.0,28,0.44,5,950.0,4450.0,0,Data lovers
C03280,Constantine,Postpaid,29,31.7,103.0,19,0.4,3,750.0,2060.0,0,Data lovers
C03281,Oran,Prepaid,46,2.9,414.0,58,0.14,3,600.0,1780.0,0,Talkers
C03282,Oran,Prepaid,36,46.3,598.0,43,0.22,6,3400.0,19430.0,1,Premium
C03283,Batna,Prepaid,40,2.1,603.0,71,0.12,4,500.0,2140.0,0,Talkers
C03284,Alger,Prepaid,11,4.4,62.0,4,0.23,1,300.0,280.0,0,Low spenders
C03285,Alger,Prepaid,9,27.7,183.0,33,0.6,3,350.0,1150.0,0,Students
C03286,Setif,Postpaid,33,38.6,379.0,41,0.17,6,2650.0,15310.0,1,Premium
C03287,Annaba,Prepaid,73,56.5,612.0,39,0.34,5,2750.0,14220.0,1,Premium
C03288,Blida,Postpaid,24,4.0,501.0,103,0.1,3,550.0,1800.0,0,Talkers
C03289,Tlemcen,Postpaid,36,37.4,45.0,19,0.5,3,1050.0,2850.0,0,Data lovers
C03290,Alger,Postpaid,0,17.8,144.0,29,0.61,3,450.0,1270.0,0,Students
C03291,Setif,Prepaid,6,16.2,109.0,37,0.48,4,400.0,1510.0,0,Students
C03292,Constantine,Prepaid,13,34.4,121.0,35,0.58,4,400.0,1710.0,0,Students
C03293,Annaba,Prepaid,30,2.8,618.0,38,0.08,2,550.0,1020.0,0,Talkers
C03294,Alger,Prepaid,42,3.1,426.0,56,0.18,3,750.0,2220.0,0,Talkers
C03295,Tizi Ouzou,Prepaid,30,22.3,38.0,28,0.47,5,1000.0,4780.0,0,Data lovers
C03296,Batna,Prepaid,53,34.2,42.0,23,0.38,4,900.0,3460.0,0,Data lovers
C03297,Annaba,Prepaid,59,42.9,552.0,84,0.14,3,3200.0,8930.0,0,Premium
C03298,Setif,Prepaid,34,30.4,63.0,12,0.25,2,450.0,970.0,0,Data lovers
C03299,Constantine,Prepaid,48,21.5,120.0,5,0.26,3,500.0,1600.0,0,Data lovers
C03300,Setif,Postpaid,64,32.3,55.0,22,0.44,4,1050.0,4010.0,0,Data lovers
C03301,Annaba,Prepaid,30,3.2,124.0,51,0.12,2,450.0,820.0,0,Talkers
C03302,Annaba,Prepaid,0,6.4,132.0,29,0.5,3,500.0,1650.0,0,Students
C03303,Ouargla,Prepaid,17,22.8,59.0,26,0.61,1,400.0,390.0,0,Students
C03304,Oran,Prepaid,19,2.3,47.0,20,0.19,1,200.0,180.0,0,Low spenders
C03305,Batna,Postpaid,20,21.4,30.0,24,0.51,5,1000.0,5040.0,0,Data lovers
C03306,Annaba,Prepaid,26,17.1,156.0,49,0.44,5,400.0,1990.0,0,Students
C03307,Annaba,Prepaid,18,1.2,103.0,31,0.24,0,150.0,0.0,0,Low spenders
C03308,Constantine,Prepaid,5,19.9,77.0,1,0.41,0,400.0,0.0,0,Students
C03309,Annaba,Prepaid,2,22.5,103.0,29,0.4,4,300.0,1080.0,0,Students
C03310,Setif,Postpaid,53,59.7,375.0,0,0.23,5,2850.0,14060.0,1,Premium
C03311,Tizi Ouzou,Prepaid,40,3.5,560.0,29,0.19,2,750.0,1550.0,0,Talkers
C03312,Setif,Prepaid,29,2.8,745.0,35,0.16,3,500.0,1550.0,0,Talkers
C03313,Blida,Prepaid,50,3.9,691.0,60,0.12,3,750.0,2100.0,0,Talkers
C03314,Ouargla,Prepaid,12,26.5,80.0,22,0.5,3,300.0,940.0,0,Students
C03315,Ouargla,Prepaid,42,3.5,98.0,8,0.43,1,300.0,280.0,0,Low spenders
C03316,Blida,Prepaid,15,3.9,124.0,20,0.17,1,250.0,270.0,0,Low spenders
C03317,Annaba,Postpaid,46,51.0,457.0,47,0.19,6,2550.0,16230.0,0,Premium
C03318,Tizi Ouzou,Prepaid,6,25.1,108.0,14,0.51,5,650.0,3390.0,0,Data lovers
C03319,Tlemcen,Prepaid,18,20.7,166.0,11,0.52,3,500.0,1490.0,0,Students
C03320,Annaba,Prepaid,14,2.1,92.0,17,0.2,1,100.0,100.0,0,Low spenders
C03321,Ouargla,Postpaid,33,40.2,73.0,38,0.18,5,950.0,5100.0,0,Data lovers
C03322,Tizi Ouzou,Postpaid,42,5.7,638.0,91,0.11,3,700.0,2290.0,0,Talkers
C03323,Tizi Ouzou,Prepaid,41,44.4,565.0,52,0.35,5,2700.0,14120.0,0,Premium
C03324,Ouargla,Prepaid,37,0.7,583.0,44,0.21,4,750.0,3180.0,1,Talkers
C03325,Annaba,Prepaid,24,31.1,121.0,30,0.54,3,450.0,1360.0,0,Students
C03326,Tizi Ouzou,Prepaid,19,15.2,76.0,19,0.2,2,750.0,1420.0,0,Data lovers
C03327,Ouargla,Prepaid,34,2.4,70.0,15,0.25,1,200.0,200.0,0,Low spenders
C03328,Tlemcen,Prepaid,32,5.9,381.0,90,0.15,4,400.0,1670.0,0,Talkers
C03329,Alger,Prepaid,9,14.5,94.0,24,0.36,5,400.0,2090.0,0,Students
C03330,Annaba,Prepaid,48,5.7,124.0,30,0.14,2,450.0,870.0,0,Talkers
C03331,Constantine,Prepaid,21,38.4,79.0,25,0.54,3,650.0,2070.0,0,Data lovers
C03332,Tlemcen,Postpaid,31,29.0,27.0,29,0.34,3,700.0,1900.0,0,Data lovers
C03333,Alger,Postpaid,41,59.7,122.0,29,0.25,3,1100.0,3240.0,0,Data lovers
C03334,Tizi Ouzou,Prepaid,23,33.4,32.0,34,0.39,3,450.0,1440.0,0,Students
C03335,Tlemcen,Postpaid,25,18.3,174.0,12,0.56,3,350.0,950.0,0,Students
C03336,Tizi Ouzou,Prepaid,27,0.9,82.0,4,0.18,1,200.0,200.0,0,Low spenders
C03337,Batna,Prepaid,61,27.1,51.0,26,0.41,5,1050.0,5630.0,0,Data lovers
C03338,Alger,Prepaid,45,58.6,256.0,44,0.31,5,3300.0,16740.0,0,Premium
C03339,Oran,Prepaid,9,23.1,97.0,60,0.79,5,300.0,1590.0,0,Students
C03340,Annaba,Postpaid,16,15.8,157.0,29,0.51,2,300.0,630.0,0,Students
C03341,Oran,Prepaid,33,1.5,588.0,83,0.27,4,550.0,2350.0,0,Talkers
C03342,Tizi Ouzou,Prepaid,36,1.5,791.0,82,0.17,3,800.0,2560.0,0,Talkers
C03343,Oran,Prepaid,33,26.7,0.0,39,0.15,4,1350.0,5130.0,0,Data lovers
C03344,Alger,Prepaid,34,15.2,151.0,2,0.43,4,1050.0,4200.0,0,Data lovers
C03345,Blida,Prepaid,21,15.6,232.0,34,0.55,2,400.0,720.0,0,Students
C03346,Setif,Prepaid,10,3.0,551.0,46,0.21,2,800.0,1610.0,1,Talkers
C03347,Tizi Ouzou,Prepaid,0,22.4,123.0,19,0.55,3,150.0,430.0,0,Students
C03348,Constantine,Postpaid,28,3.3,556.0,71,0.24,4,600.0,2200.0,0,Talkers
C03349,Annaba,Prepaid,20,3.6,63.0,16,0.01,0,150.0,0.0,0,Low spenders
C03350,Alger,Prepaid,33,53.6,512.0,33,0.33,6,2300.0,13930.0,1,Premium
C03351,Alger,Prepaid,26,24.5,65.0,32,0.57,3,400.0,1170.0,0,Students
C03352,Blida,Prepaid,46,2.9,59.0,34,0.22,1,250.0,230.0,0,Low spenders
C03353,Batna,Prepaid,24,3.7,693.0,25,0.2,2,450.0,960.0,0,Talkers
C03354,Tlemcen,Prepaid,33,1.0,550.0,59,0.21,4,950.0,3740.0,0,Talkers
C03355,Setif,Prepaid,8,19.0,165.0,35,0.46,3,300.0,960.0,0,Students
C03356,Ouargla,Prepaid,11,31.4,55.0,40,0.63,2,400.0,770.0,0,Students
C03357,Batna,Prepaid,22,41.9,149.0,6,0.29,4,1150.0,4800.0,0,Data lovers
C03358,Blida,Prepaid,40,9.5,116.0,20,0.33,3,1250.0,3970.0,0,Data lovers
C03359,Oran,Prepaid,1,0.9,130.0,15,0.14,1,400.0,360.0,0,Low spenders
C03360,Oran,Prepaid,52,38.7,107.0,30,0.39,4,1100.0,4510.0,0,Data lovers
C03361,Annaba,Prepaid,16,2.2,85.0,0,0.08,2,250.0,490.0,0,Low spenders
C03362,Alger,Prepaid,25,2.7,87.0,25,0.19,1,250.0,270.0,0,Low spenders
C03363,Tizi Ouzou,Prepaid,6,33.2,85.0,40,0.32,3,350.0,1020.0,0,Students
C03364,Tizi Ouzou,Prepaid,47,3.6,753.0,59,0.11,4,700.0,2770.0,0,Talkers
C03365,Setif,Prepaid,17,15.2,68.0,9,0.09,1,100.0,100.0,0,Low spenders
C03366,Ouargla,Prepaid,4,1.9,83.0,13,0.1,0,200.0,0.0,0,Low spenders
C03367,Oran,Prepaid,20,28.6,58.0,17,0.18,7,800.0,5150.0,0,Data lovers
C03368,Alger,Prepaid,44,0.2,501.0,87,0.16,3,550.0,1720.0,0,Talkers
C03369,Annaba,Prepaid,33,3.3,99.0,21,0.15,1,100.0,100.0,0,Low spenders
C03370,Tlemcen,Prepaid,19,22.0,131.0,42,0.68,3,450.0,1390.0,0,Students
C03371,Ouargla,Prepaid,8,19.5,92.0,54,0.51,5,350.0,1780.0,0,Students
C03372,Batna,Prepaid,44,35.5,113.0,14,0.42,3,700.0,2270.0,0,Data lovers
C03373,Tizi Ouzou,Prepaid,20,20.0,148.0,34,0.46,3,450.0,1420.0,0,Students
C03374,Batna,Prepaid,36,1.2,100.0,14,0.3,0,250.0,0.0,0,Low spenders
C03375,Constantine,Prepaid,39,30.8,67.0,25,0.33,3,1250.0,3630.0,0,Data lovers
C03376,Batna,Prepaid,6,18.1,154.0,60,0.48,2,550.0,1100.0,0,Students
C03377,Setif,Prepaid,50,53.2,467.0,40,0.32,5,2700.0,13390.0,0,Premium
C03378,Tlemcen,Prepaid,11,19.4,120.0,64,0.54,2,200.0,380.0,0,Students
C03379,Tlemcen,Prepaid,54,38.7,124.0,40,0.22,4,2300.0,9650.0,0,Premium
C03380,Annaba,Prepaid,0,20.4,100.0,52,0.58,4,500.0,1960.0,0,Students
C03381,Blida,Prepaid,41,23.3,142.0,25,0.25,4,1150.0,4190.0,0,Data lovers
C03382,Blida,Prepaid,13,9.1,64.0,39,0.61,3,400.0,1180.0,0,Students
C03383,Constantine,Prepaid,45,59.7,50.0,14,0.54,6,700.0,4250.0,0,Data lovers
C03384,Alger,Prepaid,11,15.2,849.0,86,0.16,3,400.0,1090.0,0,Talkers
C03385,Tlemcen,Prepaid,61,35.0,376.0,66,0.24,6,2450.0,15510.0,0,Premium
C03386,Batna,Prepaid,0,15.2,145.0,49,0.64,1,300.0,310.0,0,Students
C03387,Annaba,Prepaid,31,0.8,38.0,4,0.07,1,250.0,260.0,0,Low spenders
C03388,Blida,Prepaid,11,0.5,52.0,27,0.31,1,150.0,140.0,0,Low spenders
C03389,Tlemcen,Prepaid,61,5.0,371.0,39,0.2,4,550.0,2340.0,0,Talkers
C03390,Annaba,Postpaid,17,2.9,110.0,22,0.25,1,200.0,190.0,0,Low spenders
C03391,Batna,Prepaid,10,17.2,88.0,27,0.51,2,400.0,820.0,0,Students
C03392,Constantine,Postpaid,10,27.0,127.0,17,0.38,5,1300.0,6770.0,0,Data lovers
C03393,Batna,Prepaid,49,38.0,379.0,28,0.19,4,3000.0,12950.0,0,Premium
C03394,Tlemcen,Prepaid,26,16.2,160.0,23,0.24,3,700.0,1920.0,0,Data lovers
C03395,Alger,Prepaid,11,3.7,94.0,25,0.1,2,250.0,460.0,0,Low spenders
C03396,Constantine,Prepaid,13,4.3,109.0,10,0.26,0,150.0,0.0,0,Low spenders
C03397,Tlemcen,Prepaid,20,30.2,68.0,33,0.52,4,1350.0,5500.0,0,Data lovers
C03398,Setif,Prepaid,23,28.5,436.0,19,0.28,5,3150.0,16640.0,1,Premium
C03399,Setif,Postpaid,14,19.0,142.0,47,0.5,5,400.0,2050.0,0,Students
C03400,Blida,Prepaid,47,30.7,171.0,8,0.36,5,950.0,5080.0,0,Data lovers
C03401,Blida,Prepaid,0,27.9,106.0,39,0.59,4,450.0,1760.0,0,Students
C03402,Ouargla,Prepaid,26,32.0,52.0,32,0.53,5,1000.0,5370.0,0,Data lovers
C03403,Batna,Prepaid,9,24.8,151.0,23,0.34,3,750.0,2350.0,0,Data lovers
C03404,Ouargla,Prepaid,6,2.9,166.0,20,0.18,1,100.0,110.0,0,Low spenders
C03405,Batna,Prepaid,10,4.6,86.0,10,0.23,1,200.0,200.0,0,Low spenders
C03406,Constantine,Postpaid,18,2.1,77.0,22,0.11,1,150.0,150.0,0,Low spenders
C03407,Alger,Prepaid,58,41.1,474.0,60,0.17,5,2950.0,14690.0,0,Premium
C03408,Oran,Prepaid,51,34.9,179.0,32,0.35,2,800.0,1760.0,0,Data lovers
C03409,Setif,Postpaid,27,34.9,219.0,15,0.33,5,600.0,2740.0,0,Data lovers
C03410,Tlemcen,Postpaid,31,1.3,114.0,17,0.19,1,200.0,220.0,0,Low spenders
C03411,Ouargla,Prepaid,58,25.4,124.0,0,0.57,5,600.0,2830.0,0,Data lovers
C03412,Constantine,Postpaid,24,3.4,82.0,5,0.1,1,200.0,220.0,0,Low spenders
C03413,Tlemcen,Prepaid,33,19.9,108.0,37,0.21,4,900.0,3870.0,0,Data lovers
C03414,Constantine,Prepaid,65,56.9,862.0,32,0.15,6,3250.0,19110.0,0,Premium
C03415,Alger,Prepaid,55,59.7,418.0,45,0.24,5,2950.0,15000.0,1,Premium
C03416,Oran,Postpaid,29,2.6,749.0,75,0.27,2,600.0,1300.0,0,Talkers
C03417,Setif,Prepaid,36,21.0,802.0,52,0.24,3,2100.0,6910.0,0,Premium
C03418,Ouargla,Prepaid,28,3.4,32.0,0,0.1,1,200.0,200.0,0,Low spenders
C03419,Tizi Ouzou,Prepaid,42,6.2,821.0,104,0.15,3,600.0,1680.0,0,Talkers
C03420,Alger,Prepaid,33,27.6,112.0,25,0.4,3,1300.0,4180.0,0,Data lovers
C03421,Constantine,Prepaid,18,25.7,242.0,47,0.5,2,500.0,1040.0,0,Students
C03422,Annaba,Postpaid,31,2.8,8.0,5,0.21,1,150.0,140.0,0,Low spenders
C03423,Tizi Ouzou,Prepaid,62,28.3,96.0,35,0.54,5,750.0,4050.0,0,Data lovers
C03424,Blida,Prepaid,21,42.3,90.0,17,0.27,4,700.0,2560.0,0,Data lovers
C03425,Oran,Prepaid,27,15.2,63.0,6,0.44,3,1000.0,3100.0,0,Data lovers
C03426,Ouargla,Prepaid,12,6.0,439.0,54,0.14,1,650.0,700.0,0,Talkers
C03427,Tlemcen,Prepaid,12,36.5,93.0,20,0.45,3,750.0,2300.0,0,Data lovers
C03428,Tlemcen,Prepaid,32,2.9,87.0,26,0.14,1,150.0,140.0,0,Low spenders
C03429,Tlemcen,Prepaid,55,30.6,168.0,19,0.35,6,1050.0,6150.0,0,Data lovers
C03430,Batna,Prepaid,43,1.3,646.0,68,0.17,1,500.0,480.0,0,Talkers
C03431,Batna,Postpaid,20,17.5,79.0,24,0.45,3,800.0,2600.0,0,Data lovers
C03432,Tlemcen,Postpaid,49,39.2,205.0,41,0.05,3,2050.0,5650.0,0,Premium
C03433,Blida,Postpaid,36,1.6,101.0,37,0.14,0,300.0,0.0,0,Low spenders
C03434,Constantine,Prepaid,34,32.9,112.0,14,0.33,3,950.0,3080.0,0,Data lovers
C03435,Blida,Postpaid,53,54.8,540.0,61,0.26,5,2200.0,10660.0,0,Premium
C03436,Alger,Prepaid,1,2.7,113.0,29,0.25,2,350.0,750.0,0,Low spenders
C03437,Constantine,Prepaid,56,3.5,603.0,38,0.23,3,800.0,2450.0,0,Talkers
C03438,Batna,Prepaid,40,26.6,98.0,33,0.24,5,750.0,3990.0,0,Data lovers
C03439,Setif,Prepaid,9,46.6,60.0,11,0.27,2,800.0,1620.0,0,Data lovers
C03440,Batna,Prepaid,6,3.0,90.0,17,0.2,2,200.0,360.0,0,Low spenders
C03441,Ouargla,Postpaid,13,2.4,96.0,13,0.15,1,250.0,230.0,0,Low spenders
C03442,Ouargla,Prepaid,16,24.6,0.0,4,0.58,5,1050.0,5600.0,0,Data lovers
C03443,Setif,Prepaid,67,50.3,384.0,38,0.37,6,2750.0,17880.0,0,Premium
C03444,Ouargla,Prepaid,45,30.6,424.0,65,0.26,4,2050.0,9020.0,0,Premium
C03445,Blida,Prepaid,53,39.5,467.0,89,0.38,3,3000.0,9180.0,1,Premium
C03446,Setif,Prepaid,18,28.0,108.0,22,0.37,4,1000.0,3950.0,0,Data lovers
C03447,Annaba,Prepaid,30,6.5,676.0,76,0.11,1,800.0,830.0,0,Talkers
C03448,Constantine,Prepaid,20,19.2,81.0,29,0.42,3,550.0,1670.0,0,Students
C03449,Alger,Prepaid,8,38.1,574.0,68,0.2,7,2750.0,19600.0,0,Premium
C03450,Blida,Prepaid,39,4.5,302.0,56,0.22,3,400.0,1140.0,0,Talkers
C03451,Annaba,Prepaid,14,20.7,118.0,53,0.38,3,400.0,1140.0,0,Students
C03452,Ouargla,Prepaid,10,2.2,124.0,101,0.12,2,500.0,1080.0,0,Talkers
C03453,Blida,Prepaid,18,27.8,107.0,51,0.46,6,850.0,4660.0,0,Data lovers
C03454,Alger,Prepaid,41,3.8,443.0,20,0.13,2,650.0,1380.0,0,Talkers
C03455,Alger,Prepaid,35,25.2,99.0,29,0.53,4,900.0,3880.0,0,Data lovers
C03456,Setif,Postpaid,32,6.0,588.0,85,0.06,5,800.0,3690.0,0,Talkers
C03457,Tizi Ouzou,Prepaid,59,3.5,572.0,62,0.18,4,700.0,2590.0,0,Talkers
C03458,Oran,Prepaid,42,29.7,22.0,0,0.52,3,1000.0,3170.0,0,Data lovers
C03459,Tizi Ouzou,Prepaid,11,5.2,69.0,16,0.2,0,100.0,0.0,0,Low spenders
C03460,Tlemcen,Prepaid,2,0.0,49.0,16,0.02,0,0.0,0.0,0,Low spenders
C03461,Oran,Prepaid,44,4.1,673.0,63,0.22,4,350.0,1300.0,0,Talkers
C03462,Blida,Prepaid,13,20.2,75.0,23,0.76,3,300.0,810.0,0,Students
C03463,Batna,Prepaid,21,0.2,82.0,31,0.24,0,200.0,0.0,0,Low spenders
C03464,Ouargla,Prepaid,6,1.4,105.0,23,0.19,0,100.0,0.0,0,Low spenders
C03465,Constantine,Prepaid,51,27.4,110.0,25,0.47,5,1000.0,4770.0,0,Data lovers
C03466,Annaba,Prepaid,22,0.8,0.0,18,0.05,0,200.0,0.0,0,Low spenders
C03467,Blida,Prepaid,22,46.0,26.0,17,0.43,4,1100.0,4630.0,0,Data lovers
C03468,Oran,Prepaid,25,45.3,615.0,63,0.22,1,2300.0,2450.0,1,Premium
C03469,Setif,Prepaid,13,18.2,89.0,35,0.72,3,350.0,1070.0,0,Students
C03470,Tizi Ouzou,Prepaid,23,32.1,78.0,14,0.41,3,900.0,2740.0,0,Data lovers
C03471,Tizi Ouzou,Prepaid,26,21.5,118.0,47,0.65,3,400.0,1130.0,0,Students
C03472,Batna,Prepaid,44,37.1,508.0,53,0.39,4,2350.0,10050.0,0,Premium
C03473,Ouargla,Prepaid,7,10.1,115.0,56,0.67,1,250.0,240.0,0,Students
C03474,Setif,Prepaid,29,5.0,68.0,13,0.18,2,200.0,400.0,0,Low spenders
C03475,Oran,Prepaid,18,20.5,119.0,27,0.66,3,500.0,1480.0,0,Students
C03476,Ouargla,Prepaid,15,22.4,79.0,22,0.49,2,750.0,1360.0,0,Data lovers
C03477,Tlemcen,Prepaid,35,35.5,142.0,13,0.5,5,900.0,4940.0,0,Data lovers
C03478,Blida,Prepaid,47,2.7,404.0,48,0.08,2,500.0,1100.0,0,Talkers
C03479,Batna,Prepaid,0,4.5,61.0,4,0.23,1,250.0,250.0,0,Low spenders
C03480,Tlemcen,Prepaid,11,3.0,160.0,12,0.29,1,200.0,190.0,0,Low spenders
C03481,Oran,Prepaid,12,12.8,174.0,38,0.68,3,200.0,580.0,0,Students
C03482,Blida,Prepaid,28,1.0,0.0,11,0.26,1,350.0,340.0,0,Low spenders
C03483,Batna,Prepaid,27,3.7,668.0,43,0.22,2,650.0,1330.0,0,Talkers
C03484,Annaba,Prepaid,18,3.3,157.0,11,0.14,1,150.0,140.0,0,Low spenders
C03485,Batna,Prepaid,16,3.2,76.0,26,0.26,1,300.0,290.0,0,Low spenders
C03486,Constantine,Prepaid,13,3.4,72.0,28,0.22,2,250.0,470.0,0,Low spenders
C03487,Oran,Prepaid,36,0.4,664.0,88,0.26,5,400.0,2070.0,0,Talkers
C03488,Annaba,Prepaid,22,4.4,126.0,27,0.21,1,300.0,280.0,0,Low spenders
C03489,Tlemcen,Prepaid,16,3.5,71.0,27,0.23,1,300.0,300.0,0,Low spenders
C03490,Tizi Ouzou,Prepaid,28,4.3,37.0,19,0.21,0,300.0,0.0,0,Low spenders
C03491,Tlemcen,Prepaid,63,58.6,338.0,34,0.3,6,2300.0,14390.0,1,Premium
C03492,Batna,Prepaid,44,7.2,709.0,73,0.05,4,550.0,2250.0,0,Talkers
C03493,Oran,Prepaid,36,53.2,511.0,72,0.27,6,2300.0,12690.0,1,Premium
C03494,Batna,Postpaid,20,27.4,186.0,11,0.41,2,450.0,860.0,0,Students
C03495,Setif,Prepaid,8,15.2,51.0,33,0.6,3,450.0,1270.0,0,Students
C03496,Alger,Prepaid,46,4.0,351.0,41,0.09,4,500.0,1980.0,0,Talkers
C03497,Batna,Prepaid,49,0.6,609.0,68,0.19,3,550.0,1770.0,0,Talkers
C03498,Tizi Ouzou,Prepaid,17,13.5,60.0,42,0.6,2,400.0,800.0,0,Students
C03499,Constantine,Prepaid,24,1.9,666.0,97,0.18,4,550.0,2100.0,0,Talkers
C03500,Blida,Prepaid,33,2.9,665.0,57,0.15,4,550.0,2160.0,0,Talkers
C03501,Oran,Postpaid,1,19.6,69.0,32,0.71,4,400.0,1660.0,0,Students
C03502,Annaba,Prepaid,35,4.4,331.0,34,0.27,1,650.0,590.0,0,Talkers
C03503,Alger,Postpaid,38,1.9,146.0,9,0.09,2,150.0,310.0,0,Low spenders
C03504,Alger,Prepaid,16,19.3,107.0,21,0.57,3,450.0,1360.0,0,Students
C03505,Blida,Prepaid,24,1.4,62.0,16,0.15,1,150.0,150.0,0,Low spenders
C03506,Tizi Ouzou,Prepaid,11,29.8,72.0,20,0.63,4,450.0,1930.0,0,Students
C03507,Ouargla,Prepaid,25,15.2,70.0,6,0.3,2,250.0,480.0,0,Low spenders
C03508,Alger,Prepaid,12,22.6,115.0,36,0.34,4,650.0,2720.0,0,Data lovers
C03509,Setif,Prepaid,40,38.9,368.0,69,0.28,6,1450.0,8960.0,0,Premium
C03510,Tlemcen,Prepaid,43,36.0,102.0,20,0.47,4,750.0,3240.0,0,Data lovers
C03511,Oran,Prepaid,46,39.0,57.0,26,0.39,3,1100.0,3400.0,0,Data lovers
C03512,Tlemcen,Postpaid,5,1.4,56.0,2,0.33,1,400.0,420.0,0,Low spenders
C03513,Blida,Postpaid,55,7.6,626.0,72,0.13,3,500.0,1490.0,0,Talkers
C03514,Ouargla,Postpaid,29,1.3,42.0,0,0.26,1,200.0,210.0,0,Low spenders
C03515,Alger,Postpaid,33,15.3,139.0,23,0.62,3,800.0,2180.0,0,Data lovers
C03516,Tlemcen,Prepaid,38,38.9,161.0,10,0.29,3,600.0,1760.0,1,Data lovers
C03517,Annaba,Prepaid,54,39.1,67.0,15,0.44,3,950.0,3050.0,1,Data lovers
C03518,Tizi Ouzou,Prepaid,14,25.0,103.0,32,0.53,1,450.0,460.0,0,Students
C03519,Tizi Ouzou,Prepaid,50,24.5,91.0,24,0.36,4,650.0,2670.0,0,Data lovers
C03520,Constantine,Prepaid,19,5.9,610.0,83,0.25,2,700.0,1510.0,0,Talkers
C03521,Blida,Prepaid,10,1.0,60.0,28,0.17,0,150.0,0.0,0,Low spenders
C03522,Setif,Prepaid,1,34.1,137.0,11,0.33,5,500.0,2580.0,0,Data lovers
C03523,Oran,Prepaid,23,24.8,71.0,19,0.44,4,1000.0,3720.0,0,Data lovers
C03524,Ouargla,Prepaid,37,3.3,112.0,16,0.19,1,100.0,110.0,0,Low spenders
C03525,Tlemcen,Prepaid,29,37.1,97.0,25,0.44,5,650.0,3370.0,0,Data lovers
C03526,Ouargla,Prepaid,38,59.7,643.0,34,0.24,5,1600.0,7440.0,0,Premium
C03527,Annaba,Prepaid,12,17.3,108.0,35,0.53,6,400.0,2170.0,0,Students
C03528,Alger,Postpaid,55,3.8,564.0,27,0.08,2,400.0,850.0,0,Talkers
C03529,Blida,Prepaid,47,4.8,30.0,16,0.19,1,250.0,260.0,0,Low spenders
C03530,Constantine,Prepaid,47,6.9,698.0,84,0.13,2,450.0,990.0,0,Talkers
C03531,Alger,Postpaid,33,12.8,102.0,33,0.44,4,850.0,3080.0,0,Data lovers
C03532,Blida,Prepaid,53,7.7,455.0,55,0.16,4,650.0,2350.0,0,Talkers
C03533,Tizi Ouzou,Prepaid,66,46.9,398.0,54,0.19,4,1800.0,7800.0,0,Premium
C03534,Oran,Postpaid,19,34.1,125.0,19,0.29,4,900.0,3600.0,0,Data lovers
C03535,Batna,Prepaid,60,15.2,454.0,37,0.16,3,450.0,1250.0,0,Talkers
C03536,Alger,Prepaid,36,3.3,97.0,3,0.12,1,350.0,320.0,0,Low spenders
C03537,Blida,Prepaid,62,15.2,409.0,49,0.26,6,2250.0,13670.0,0,Premium
C03538,Tizi Ouzou,Prepaid,1,12.8,72.0,65,0.77,3,300.0,840.0,0,Students
C03539,Setif,Prepaid,21,14.1,57.0,32,0.6,2,300.0,580.0,0,Students
C03540,Setif,Prepaid,30,15.2,74.0,25,0.24,2,250.0,460.0,0,Low spenders
C03541,Setif,Prepaid,13,22.9,144.0,40,0.55,5,300.0,1400.0,0,Students
C03542,Annaba,Prepaid,17,8.7,102.0,17,0.39,3,550.0,1770.0,0,Students
C03543,Tlemcen,Prepaid,47,2.0,580.0,81,0.16,3,800.0,2400.0,0,Talkers
C03544,Tlemcen,Prepaid,46,0.9,385.0,38,0.13,4,850.0,3680.0,0,Talkers
C03545,Alger,Prepaid,45,4.4,590.0,67,0.19,4,650.0,2740.0,0,Talkers
C03546,Ouargla,Prepaid,40,5.7,574.0,67,0.09,3,600.0,1750.0,0,Talkers
C03547,Oran,Prepaid,47,30.2,90.0,16,0.4,4,1150.0,4790.0,0,Data lovers
C03548,Ouargla,Prepaid,10,14.7,127.0,22,0.59,3,350.0,1040.0,0,Students
C03549,Batna,Prepaid,54,1.9,78.0,15,0.17,1,100.0,100.0,0,Low spenders
C03550,Alger,Prepaid,23,3.4,673.0,69,0.2,3,550.0,1710.0,0,Talkers
C03551,Tlemcen,Prepaid,46,31.4,97.0,18,0.26,4,1200.0,4460.0,0,Data lovers
C03552,Ouargla,Postpaid,39,47.9,705.0,64,0.28,5,3400.0,15550.0,1,Premium
C03553,Constantine,Prepaid,33,36.5,66.0,22,0.28,3,850.0,2350.0,0,Data lovers
C03554,Annaba,Prepaid,40,28.0,122.0,13,0.29,4,750.0,2920.0,1,Data lovers
C03555,Tizi Ouzou,Prepaid,40,14.1,87.0,33,0.22,7,1050.0,7730.0,0,Data lovers
C03556,Tlemcen,Prepaid,29,3.0,88.0,12,0.22,1,100.0,110.0,0,Low spenders
C03557,Constantine,Prepaid,30,2.6,77.0,26,0.16,1,200.0,220.0,0,Low spenders
C03558,Tizi Ouzou,Prepaid,48,5.7,481.0,50,0.06,5,500.0,2370.0,0,Talkers
C03559,Blida,Postpaid,22,36.5,95.0,33,0.34,3,1150.0,3140.0,0,Data lovers
C03560,Blida,Prepaid,32,2.6,62.0,8,0.1,0,100.0,0.0,0,Low spenders
C03561,Oran,Prepaid,20,5.1,80.0,0,0.16,1,100.0,100.0,0,Low spenders
C03562,Tizi Ouzou,Prepaid,65,39.6,473.0,64,0.26,6,2700.0,16060.0,0,Premium
C03563,Blida,Prepaid,44,5.1,479.0,50,0.17,3,650.0,1950.0,0,Talkers
C03564,Annaba,Prepaid,49,3.9,767.0,54,0.17,4,550.0,2030.0,0,Talkers
C03565,Ouargla,Prepaid,12,3.6,525.0,83,0.16,2,700.0,1500.0,0,Talkers
C03566,Constantine,Prepaid,29,23.5,57.0,23,0.36,3,900.0,2800.0,0,Data lovers
C03567,Ouargla,Prepaid,22,16.8,164.0,28,0.62,3,400.0,1200.0,1,Students
C03568,Blida,Prepaid,52,2.8,665.0,70,0.21,2,700.0,1420.0,0,Talkers
C03569,Blida,Prepaid,4,3.5,135.0,5,0.33,1,150.0,150.0,0,Low spenders
C03570,Oran,Postpaid,68,42.8,482.0,82,0.23,6,2450.0,14010.0,1,Premium
C03571,Blida,Postpaid,13,16.8,66.0,34,0.35,6,450.0,2730.0,0,Students
C03572,Constantine,Prepaid,39,24.0,116.0,22,0.37,5,650.0,3030.0,0,Data lovers
C03573,Alger,Prepaid,56,3.4,698.0,62,0.16,4,750.0,2860.0,0,Talkers
C03574,Oran,Prepaid,62,2.4,575.0,46,0.09,3,750.0,2290.0,0,Talkers
C03575,Batna,Prepaid,15,5.9,11.0,35,0.31,0,100.0,0.0,0,Low spenders
C03576,Oran,Prepaid,34,1.6,33.0,30,0.17,0,250.0,0.0,0,Low spenders
C03577,Alger,Prepaid,34,5.1,71.0,0,0.17,1,200.0,220.0,0,Low spenders
C03578,Blida,Prepaid,19,26.5,106.0,42,0.54,3,400.0,1090.0,0,Students
C03579,Tizi Ouzou,Postpaid,13,18.4,159.0,33,0.54,4,300.0,1150.0,0,Students
C03580,Oran,Prepaid,23,25.1,124.0,13,0.34,5,900.0,4460.0,0,Data lovers
C03581,Tizi Ouzou,Prepaid,8,22.9,202.0,47,0.61,2,500.0,1070.0,0,Students
C03582,Alger,Prepaid,22,2.8,67.0,10,0.22,1,200.0,190.0,0,Low spenders
C03583,Constantine,Prepaid,16,1.5,72.0,13,0.16,0,200.0,0.0,0,Low spenders
C03584,Batna,Prepaid,40,0.1,371.0,34,0.14,3,400.0,1180.0,0,Talkers
C03585,Blida,Prepaid,42,40.9,459.0,15,0.39,6,1950.0,12420.0,0,Premium
C03586,Constantine,Prepaid,9,20.2,57.0,59,0.7,3,350.0,950.0,0,Students
C03587,Alger,Prepaid,40,27.2,144.0,13,0.25,4,900.0,3360.0,0,Data lovers
C03588,Ouargla,Prepaid,46,59.7,488.0,54,0.32,6,2600.0,14250.0,0,Premium
C03589,Ouargla,Prepaid,25,4.3,553.0,37,0.13,3,850.0,2630.0,0,Talkers
C03590,Annaba,Prepaid,68,5.8,789.0,81,0.11,3,550.0,1700.0,0,Talkers
C03591,Annaba,Prepaid,22,32.2,65.0,31,0.38,2,1100.0,2350.0,0,Data lovers
C03592,Tizi Ouzou,Prepaid,22,2.9,127.0,10,0.2,1,100.0,110.0,0,Low spenders
C03593,Alger,Prepaid,13,29.1,101.0,61,0.73,3,350.0,1080.0,0,Students
C03594,Oran,Postpaid,30,2.4,127.0,22,0.31,1,100.0,90.0,0,Low spenders
C03595,Oran,Prepaid,50,5.5,739.0,75,0.12,4,500.0,1800.0,0,Talkers
C03596,Blida,Prepaid,36,34.6,48.0,21,0.37,4,1000.0,3620.0,0,Data lovers
C03597,Batna,Prepaid,23,34.5,119.0,23,0.56,5,1250.0,6420.0,0,Data lovers
C03598,Alger,Postpaid,53,50.6,266.0,67,0.15,5,2600.0,11750.0,0,Premium
C03599,Batna,Prepaid,29,4.5,412.0,54,0.15,4,850.0,3660.0,0,Talkers
C03600,Alger,Prepaid,22,4.6,141.0,11,0.29,1,100.0,90.0,0,Low spenders
C03601,Batna,Prepaid,60,8.5,420.0,65,0.18,3,900.0,2670.0,0,Talkers
C03602,Oran,Prepaid,33,26.2,121.0,10,0.17,4,600.0,2310.0,0,Data lovers
C03603,Batna,Prepaid,11,24.6,115.0,13,0.48,5,200.0,1070.0,0,Students
C03604,Ouargla,Prepaid,48,55.3,548.0,29,0.26,6,2300.0,12540.0,0,Premium
C03605,Oran,Prepaid,56,38.1,446.0,33,0.21,3,2350.0,7040.0,0,Premium
C03606,Oran,Postpaid,45,4.0,820.0,61,0.06,3,550.0,1660.0,0,Talkers
C03607,Blida,Prepaid,24,7.4,164.0,23,0.49,4,350.0,1420.0,0,Students
C03608,Constantine,Prepaid,2,11.2,106.0,16,0.53,3,300.0,890.0,0,Students
C03609,Tlemcen,Postpaid,37,3.6,396.0,84,0.19,4,450.0,1640.0,0,Talkers
C03610,Tlemcen,Prepaid,22,3.5,117.0,6,0.24,2,300.0,560.0,0,Low spenders
C03611,Setif,Prepaid,41,26.4,141.0,24,0.26,4,700.0,2900.0,0,Data lovers
C03612,Blida,Postpaid,16,2.7,99.0,14,0.25,0,250.0,0.0,0,Low spenders
C03613,Batna,Postpaid,62,35.0,270.0,65,0.19,3,3900.0,11200.0,0,Premium
C03614,Tizi Ouzou,Prepaid,28,39.5,89.0,15,0.21,5,650.0,3200.0,0,Data lovers
C03615,Tlemcen,Prepaid,0,4.6,77.0,26,0.28,1,350.0,320.0,0,Low spenders
C03616,Ouargla,Prepaid,1,18.0,95.0,36,0.59,3,500.0,1590.0,0,Students
C03617,Tlemcen,Prepaid,16,1.3,0.0,24,0.24,2,200.0,420.0,0,Low spenders
C03618,Annaba,Prepaid,7,25.2,62.0,33,0.37,3,800.0,2250.0,0,Data lovers
C03619,Tizi Ouzou,Prepaid,0,29.8,82.0,15,0.34,4,1150.0,4670.0,0,Data lovers
C03620,Ouargla,Prepaid,21,43.3,83.0,4,0.25,2,700.0,1360.0,1,Data lovers
C03621,Tizi Ouzou,Prepaid,14,31.1,209.0,46,0.66,2,400.0,770.0,0,Students
C03622,Tlemcen,Postpaid,42,31.5,69.0,30,0.41,5,800.0,3900.0,0,Data lovers
C03623,Blida,Prepaid,0,21.1,174.0,71,0.59,4,450.0,1860.0,0,Students
C03624,Annaba,Prepaid,72,3.4,587.0,49,0.2,3,850.0,2300.0,0,Talkers
C03625,Constantine,Postpaid,0,23.5,105.0,41,0.46,3,600.0,1770.0,0,Students
C03626,Tizi Ouzou,Prepaid,67,32.2,50.0,22,0.34,2,1050.0,2200.0,0,Data lovers
C03627,Batna,Postpaid,71,49.4,231.0,39,0.26,4,1400.0,5960.0,0,Premium
C03628,Setif,Prepaid,56,7.1,705.0,42,0.16,4,500.0,1920.0,0,Talkers
C03629,Annaba,Prepaid,25,4.0,0.0,4,0.37,1,250.0,250.0,0,Low spenders
C03630,Annaba,Prepaid,20,15.1,126.0,43,0.56,4,200.0,790.0,0,Students
C03631,Ouargla,Postpaid,22,30.7,94.0,16,0.48,4,850.0,3090.0,0,Data lovers
C03632,Setif,Prepaid,15,42.1,462.0,71,0.31,6,2300.0,14420.0,0,Premium
C03633,Setif,Prepaid,17,22.9,39.0,48,0.59,3,300.0,950.0,0,Students
C03634,Setif,Postpaid,31,2.6,86.0,15,0.13,1,300.0,280.0,0,Low spenders
C03635,Oran,Prepaid,11,29.0,133.0,14,0.32,3,900.0,2730.0,0,Data lovers
C03636,Constantine,Prepaid,36,1.9,116.0,6,0.15,1,150.0,150.0,0,Low spenders
C03637,Constantine,Prepaid,30,0.2,645.0,63,0.26,3,750.0,2140.0,0,Talkers
C03638,Batna,Prepaid,36,4.0,776.0,68,0.21,4,200.0,770.0,0,Talkers
C03639,Ouargla,Prepaid,29,50.3,542.0,45,0.22,5,2700.0,14620.0,0,Premium
C03640,Alger,Prepaid,8,34.7,70.0,6,0.66,4,850.0,3250.0,1,Data lovers
C03641,Constantine,Postpaid,35,33.0,129.0,11,0.36,2,1050.0,1980.0,1,Data lovers
C03642,Batna,Prepaid,19,22.9,71.0,31,0.42,3,800.0,2630.0,0,Data lovers
C03643,Alger,Prepaid,12,42.3,0.0,0,0.5,3,1000.0,3060.0,0,Data lovers
C03644,Blida,Prepaid,25,34.1,124.0,23,0.38,4,700.0,2940.0,0,Data lovers
C03645,Blida,Prepaid,39,25.7,151.0,39,0.38,3,700.0,2270.0,0,Data lovers
C03646,Constantine,Postpaid,17,5.7,733.0,114,0.22,4,600.0,2430.0,0,Talkers
C03647,Oran,Prepaid,37,32.8,85.0,15,0.46,5,900.0,4430.0,0,Data lovers
C03648,Setif,Prepaid,44,51.3,730.0,27,0.39,6,2700.0,17200.0,1,Premium
C03649,Blida,Prepaid,33,29.2,59.0,22,0.32,4,750.0,2860.0,0,Data lovers
C03650,Batna,Prepaid,20,20.9,131.0,47,0.59,4,500.0,1920.0,0,Students
C03651,Tizi Ouzou,Prepaid,39,3.7,714.0,39,0.15,3,550.0,1520.0,0,Talkers
C03652,Annaba,Prepaid,14,25.9,111.0,47,0.49,4,400.0,1730.0,0,Students
C03653,Constantine,Postpaid,12,3.6,62.0,10,0.2,1,150.0,140.0,0,Low spenders
C03654,Oran,Prepaid,45,5.6,534.0,46,0.15,4,500.0,1820.0,0,Talkers
C03655,Ouargla,Postpaid,14,23.2,52.0,65,0.5,2,350.0,720.0,0,Students
C03656,Blida,Prepaid,25,5.5,531.0,94,0.08,2,500.0,1080.0,0,Talkers
C03657,Tlemcen,Postpaid,17,35.3,147.0,27,0.35,5,850.0,4250.0,0,Data lovers
C03658,Constantine,Prepaid,11,36.2,170.0,11,0.3,5,900.0,4220.0,0,Data lovers
C03659,Tizi Ouzou,Postpaid,28,1.8,127.0,5,0.24,1,150.0,150.0,0,Low spenders
C03660,Setif,Prepaid,18,24.0,18.0,5,0.23,5,1050.0,5010.0,0,Data lovers
C03661,Ouargla,Prepaid,19,3.7,0.0,7,0.21,1,200.0,220.0,0,Low spenders
C03662,Batna,Prepaid,55,24.9,124.0,29,0.34,4,1200.0,5080.0,0,Data lovers
C03663,Oran,Prepaid,27,29.8,95.0,27,0.37,4,1000.0,4180.0,0,Data lovers
C03664,Annaba,Prepaid,60,44.7,369.0,28,0.1,5,2900.0,15860.0,0,Premium
C03665,Tlemcen,Prepaid,2,2.8,95.0,5,0.13,1,200.0,220.0,0,Low spenders
C03666,Tizi Ouzou,Prepaid,36,22.3,75.0,34,0.35,4,850.0,3550.0,0,Data lovers
C03667,Alger,Postpaid,42,1.9,639.0,34,0.13,2,750.0,1610.0,0,Talkers
C03668,Alger,Prepaid,4,19.5,47.0,70,0.41,1,500.0,550.0,0,Students
C03669,Setif,Prepaid,22,18.7,113.0,20,0.35,4,1000.0,4260.0,0,Data lovers
C03670,Oran,Prepaid,2,2.7,28.0,9,0.2,1,150.0,150.0,0,Low spenders
C03671,Blida,Prepaid,16,1.7,149.0,10,0.23,1,100.0,90.0,0,Low spenders
C03672,Batna,Prepaid,9,1.9,35.0,15,0.14,1,250.0,250.0,0,Low spenders
C03673,Constantine,Prepaid,46,37.9,76.0,27,0.53,4,950.0,4130.0,0,Data lovers
C03674,Ouargla,Prepaid,16,2.0,57.0,16,0.21,1,250.0,260.0,0,Low spenders
C03675,Tlemcen,Prepaid,48,6.0,541.0,60,0.16,2,900.0,1800.0,0,Talkers
C03676,Setif,Prepaid,77,15.2,323.0,22,0.34,4,2300.0,8510.0,0,Premium
C03677,Oran,Prepaid,16,2.9,33.0,13,0.07,1,100.0,90.0,0,Low spenders
C03678,Setif,Postpaid,62,33.5,540.0,59,0.22,5,3850.0,18680.0,0,Premium
C03679,Ouargla,Prepaid,10,21.2,50.0,22,0.56,5,750.0,3900.0,0,Data lovers
C03680,Annaba,Prepaid,36,29.4,127.0,5,0.31,6,750.0,4560.0,0,Data lovers
C03681,Alger,Prepaid,17,20.1,183.0,62,0.45,2,450.0,840.0,0,Students
C03682,Batna,Prepaid,14,36.9,87.0,29,0.38,3,850.0,2320.0,0,Data lovers
C03683,Annaba,Prepaid,20,5.5,30.0,23,0.27,1,100.0,100.0,0,Low spenders
C03684,Ouargla,Prepaid,12,5.8,111.0,19,0.31,0,100.0,0.0,0,Low spenders
C03685,Tlemcen,Prepaid,6,26.0,135.0,37,0.13,2,900.0,1830.0,0,Data lovers
C03686,Annaba,Postpaid,21,4.3,77.0,22,0.26,1,100.0,100.0,0,Low spenders
C03687,Tlemcen,Prepaid,4,20.9,187.0,56,0.42,3,350.0,980.0,0,Students
C03688,Tlemcen,Prepaid,48,25.6,114.0,34,0.41,4,1050.0,3830.0,0,Data lovers
C03689,Constantine,Prepaid,10,2.0,568.0,47,0.2,4,350.0,1460.0,0,Talkers
C03690,Setif,Prepaid,18,2.1,174.0,13,0.13,1,100.0,90.0,0,Low spenders
C03691,Annaba,Prepaid,63,50.7,478.0,30,0.2,5,3050.0,14630.0,0,Premium
C03692,Oran,Prepaid,42,3.0,128.0,12,0.26,1,300.0,300.0,0,Low spenders
C03693,Tizi Ouzou,Prepaid,44,29.8,107.0,35,0.23,4,550.0,2010.0,0,Data lovers
C03694,Annaba,Prepaid,20,18.9,168.0,22,0.5,3,450.0,1450.0,0,Students
C03695,Tlemcen,Prepaid,2,24.3,124.0,47,0.32,1,400.0,400.0,0,Students
C03696,Alger,Prepaid,67,40.4,116.0,14,0.35,4,700.0,3060.0,0,Data lovers
C03697,Annaba,Prepaid,0,20.4,74.0,46,0.46,3,300.0,840.0,0,Students
C03698,Blida,Postpaid,27,5.7,540.0,102,0.24,4,450.0,1820.0,0,Talkers
C03699,Tlemcen,Prepaid,21,32.6,83.0,31,0.36,4,650.0,2670.0,0,Data lovers
C03700,Blida,Postpaid,25,4.2,30.0,28,0.28,2,200.0,380.0,0,Low spenders
C03701,Annaba,Prepaid,37,12.3,191.0,10,0.57,4,850.0,3270.0,0,Data lovers
C03702,Blida,Postpaid,24,2.3,78.0,7,0.21,0,100.0,0.0,0,Low spenders
C03703,Alger,Prepaid,0,11.5,159.0,44,0.56,4,400.0,1610.0,0,Students
C03704,Alger,Prepaid,17,27.7,95.0,57,0.44,3,350.0,1130.0,0,Students
C03705,Oran,Prepaid,16,3.2,109.0,15,0.28,1,150.0,160.0,0,Low spenders
C03706,Batna,Prepaid,27,12.5,27.0,22,0.53,3,300.0,960.0,0,Students
C03707,Tizi Ouzou,Prepaid,30,39.0,66.0,15,0.18,4,800.0,3090.0,0,Data lovers
C03708,Tlemcen,Prepaid,54,34.9,100.0,8,0.39,5,850.0,4650.0,0,Data lovers
C03709,Tizi Ouzou,Prepaid,28,2.5,595.0,53,0.08,3,700.0,2120.0,0,Talkers
C03710,Oran,Prepaid,0,21.4,93.0,54,0.67,3,300.0,950.0,1,Students
C03711,Tizi Ouzou,Prepaid,14,2.2,103.0,19,0.18,1,200.0,200.0,0,Low spenders
C03712,Setif,Prepaid,18,40.4,108.0,0,0.45,4,700.0,2650.0,0,Data lovers
C03713,Annaba,Prepaid,13,33.1,698.0,24,0.11,4,2550.0,9760.0,1,Premium
C03714,Ouargla,Prepaid,31,16.5,103.0,23,0.32,4,850.0,3280.0,0,Data lovers
C03715,Ouargla,Prepaid,45,33.4,90.0,33,0.32,6,950.0,6260.0,0,Data lovers
C03716,Tizi Ouzou,Prepaid,17,30.2,106.0,26,0.33,3,950.0,2690.0,0,Data lovers
C03717,Setif,Prepaid,29,28.7,40.0,30,0.55,3,450.0,1230.0,0,Students
C03718,Oran,Postpaid,15,26.4,175.0,71,0.31,4,250.0,950.0,0,Students
C03719,Blida,Prepaid,38,58.1,555.0,51,0.18,6,2100.0,12100.0,0,Premium
C03720,Alger,Prepaid,26,0.0,661.0,77,0.08,3,550.0,1710.0,0,Talkers
C03721,Annaba,Prepaid,6,34.6,98.0,19,0.28,4,600.0,2210.0,0,Data lovers
C03722,Annaba,Prepaid,33,29.6,147.0,32,0.41,5,1000.0,4680.0,0,Data lovers
C03723,Alger,Prepaid,46,41.4,94.0,18,0.48,4,1050.0,4540.0,0,Data lovers
C03724,Blida,Prepaid,67,26.6,493.0,58,0.26,6,850.0,5190.0,1,Premium
C03725,Batna,Prepaid,24,0.0,178.0,5,0.34,1,50.0,50.0,0,Low spenders
C03726,Blida,Prepaid,23,37.4,45.0,18,0.19,3,900.0,2840.0,0,Data lovers
C03727,Batna,Postpaid,43,2.8,649.0,69,0.15,3,400.0,1100.0,0,Talkers
C03728,Ouargla,Prepaid,21,22.1,214.0,44,0.55,3,300.0,940.0,0,Students
C03729,Setif,Prepaid,39,52.8,519.0,53,0.35,5,2950.0,14600.0,1,Premium
C03730,Annaba,Prepaid,45,44.7,333.0,66,0.24,5,3050.0,15880.0,0,Premium
C03731,Oran,Prepaid,23,25.1,142.0,22,0.68,2,500.0,930.0,0,Students
C03732,Alger,Prepaid,43,17.8,93.0,13,0.45,5,950.0,4520.0,0,Data lovers
C03733,Setif,Prepaid,20,15.2,68.0,11,0.22,1,250.0,230.0,0,Low spenders
C03734,Tizi Ouzou,Postpaid,52,45.6,635.0,11,0.39,3,2050.0,6430.0,1,Premium
C03735,Tizi Ouzou,Prepaid,36,19.0,29.0,0,0.59,5,950.0,4280.0,1,Data lovers
C03736,Batna,Prepaid,15,16.6,20.0,66,0.41,4,250.0,940.0,0,Students
C03737,Alger,Prepaid,20,0.5,60.0,31,0.18,1,350.0,360.0,0,Low spenders
C03738,Tizi Ouzou,Prepaid,18,1.7,42.0,13,0.16,1,200.0,220.0,0,Low spenders
C03739,Tlemcen,Postpaid,58,1.4,668.0,85,0.14,3,550.0,1530.0,0,Talkers
C03740,Constantine,Prepaid,57,1.4,945.0,17,0.17,5,600.0,3090.0,0,Talkers
C03741,Ouargla,Prepaid,13,2.0,160.0,28,0.46,4,400.0,1490.0,0,Students
C03742,Oran,Prepaid,19,20.4,166.0,40,0.55,4,350.0,1290.0,0,Students
C03743,Tizi Ouzou,Prepaid,45,2.5,691.0,62,0.05,2,450.0,970.0,0,Talkers
C03744,Tlemcen,Prepaid,36,23.4,189.0,31,0.37,3,850.0,2390.0,0,Data lovers
C03745,Constantine,Prepaid,41,34.7,16.0,24,0.45,5,1050.0,4760.0,0,Data lovers
C03746,Setif,Prepaid,49,55.5,524.0,48,0.16,4,2400.0,8720.0,0,Premium
C03747,Setif,Prepaid,31,4.6,600.0,31,0.13,5,550.0,2710.0,0,Talkers
C03748,Alger,Postpaid,23,30.6,122.0,20,0.47,5,1400.0,7040.0,0,Data lovers
C03749,Tlemcen,Prepaid,55,3.1,692.0,44,0.15,4,550.0,2090.0,0,Talkers
C03750,Setif,Prepaid,32,48.6,453.0,32,0.17,4,1700.0,6640.0,0,Premium
C03751,Ouargla,Prepaid,48,28.8,296.0,52,0.29,5,3300.0,17660.0,0,Premium
C03752,Alger,Prepaid,12,11.4,91.0,21,0.57,2,350.0,710.0,0,Students
C03753,Alger,Prepaid,44,2.0,122.0,6,0.24,1,350.0,350.0,0,Low spenders
C03754,Setif,Prepaid,10,15.2,32.0,6,0.19,1,300.0,270.0,0,Low spenders
C03755,Annaba,Prepaid,0,4.3,89.0,10,0.17,1,150.0,160.0,0,Low spenders
C03756,Batna,Postpaid,1,20.1,66.0,54,0.46,3,300.0,950.0,0,Students
C03757,Tlemcen,Prepaid,37,1.7,91.0,33,0.15,1,150.0,160.0,0,Low spenders
C03758,Blida,Prepaid,18,1.1,33.0,13,0.34,2,100.0,210.0,0,Low spenders
C03759,Tizi Ouzou,Prepaid,26,3.4,80.0,22,0.26,1,300.0,270.0,0,Low spenders
C03760,Tlemcen,Prepaid,24,15.6,125.0,25,0.45,3,800.0,2190.0,0,Data lovers
C03761,Ouargla,Prepaid,32,53.4,457.0,14,0.28,5,2450.0,12280.0,0,Premium
C03762,Tlemcen,Prepaid,37,5.8,903.0,36,0.11,3,700.0,1990.0,0,Talkers
C03763,Oran,Prepaid,18,38.6,123.0,22,0.27,3,500.0,1500.0,0,Data lovers
C03764,Setif,Prepaid,33,33.1,12.0,26,0.4,2,750.0,1570.0,0,Data lovers
C03765,Setif,Prepaid,11,22.4,218.0,51,0.68,2,350.0,690.0,0,Students
C03766,Batna,Prepaid,66,59.7,361.0,53,0.34,6,2450.0,14670.0,1,Premium
C03767,Setif,Prepaid,11,15.6,156.0,27,0.55,3,300.0,980.0,0,Students
C03768,Constantine,Postpaid,9,18.9,119.0,27,0.5,3,400.0,1270.0,0,Students
C03769,Tlemcen,Prepaid,6,26.0,128.0,29,0.56,5,450.0,2200.0,0,Students
C03770,Alger,Postpaid,47,29.0,339.0,64,0.2,5,3000.0,15760.0,0,Premium
C03771,Blida,Prepaid,30,26.0,186.0,34,0.74,4,350.0,1400.0,0,Students
C03772,Oran,Prepaid,6,20.8,202.0,50,0.5,2,300.0,640.0,0,Students
C03773,Blida,Prepaid,23,29.8,59.0,10,0.37,4,600.0,2170.0,0,Data lovers
C03774,Tizi Ouzou,Prepaid,24,29.9,71.0,0,0.38,4,750.0,3130.0,0,Data lovers
C03775,Constantine,Prepaid,10,17.0,82.0,39,0.79,3,400.0,1140.0,0,Students
C03776,Constantine,Prepaid,55,43.9,113.0,17,0.5,1,850.0,910.0,0,Data lovers
C03777,Annaba,Prepaid,14,23.9,199.0,20,0.47,3,500.0,1450.0,0,Students
C03778,Blida,Prepaid,20,2.3,39.0,10,0.29,1,200.0,190.0,0,Low spenders
C03779,Setif,Prepaid,47,2.4,644.0,74,0.12,3,450.0,1390.0,0,Talkers
C03780,Alger,Prepaid,54,15.2,508.0,82,0.12,3,850.0,2750.0,0,Talkers
C03781,Annaba,Prepaid,71,15.2,616.0,105,0.18,5,2600.0,12540.0,1,Premium
C03782,Annaba,Prepaid,33,35.8,141.0,11,0.35,5,1000.0,4970.0,0,Data lovers
C03783,Ouargla,Postpaid,25,2.5,539.0,80,0.15,5,650.0,3380.0,0,Talkers
C03784,Constantine,Prepaid,16,27.2,151.0,34,0.45,3,800.0,2480.0,0,Data lovers
C03785,Blida,Postpaid,18,18.3,51.0,37,0.55,3,450.0,1400.0,0,Students
C03786,Constantine,Prepaid,9,31.2,78.0,39,0.5,3,400.0,1300.0,0,Students
C03787,Batna,Prepaid,44,45.6,560.0,27,0.33,6,1600.0,10410.0,0,Premium
C03788,Batna,Prepaid,22,15.4,180.0,44,0.54,1,450.0,480.0,0,Students
C03789,Tizi Ouzou,Prepaid,29,32.0,422.0,20,0.28,3,2500.0,7800.0,1,Premium
C03790,Constantine,Prepaid,23,3.8,88.0,31,0.14,0,200.0,0.0,0,Low spenders
C03791,Setif,Prepaid,52,6.5,668.0,86,0.17,3,650.0,2120.0,0,Talkers
C03792,Oran,Prepaid,33,55.1,563.0,35,0.12,5,2600.0,14030.0,0,Premium
C03793,Constantine,Prepaid,9,21.9,171.0,30,0.6,4,300.0,1170.0,0,Students
C03794,Setif,Prepaid,16,24.6,124.0,10,0.4,5,800.0,3860.0,0,Data lovers
C03795,Annaba,Prepaid,53,43.6,500.0,32,0.22,7,2550.0,19200.0,1,Premium
C03796,Tizi Ouzou,Prepaid,34,3.0,625.0,56,0.2,3,650.0,1790.0,0,Talkers
C03797,Blida,Prepaid,7,14.7,51.0,35,0.52,3,500.0,1520.0,1,Students
C03798,Constantine,Prepaid,30,0.0,95.0,0,0.3,2,350.0,720.0,0,Low spenders
C03799,Oran,Prepaid,8,25.7,94.0,19,0.64,4,500.0,2140.0,0,Students
C03800,Tlemcen,Prepaid,39,27.6,130.0,18,0.4,6,900.0,5330.0,0,Data lovers
C03801,Ouargla,Prepaid,33,23.5,72.0,23,0.37,5,950.0,5020.0,0,Data lovers
C03802,Oran,Prepaid,7,4.1,74.0,22,0.24,1,100.0,100.0,0,Low spenders
C03803,Blida,Prepaid,45,5.4,67.0,32,0.16,0,200.0,0.0,0,Low spenders
C03804,Tlemcen,Postpaid,53,58.5,506.0,55,0.3,5,2900.0,13710.0,1,Premium
C03805,Tlemcen,Prepaid,34,37.5,108.0,15,0.29,5,700.0,3320.0,0,Data lovers
C03806,Oran,Prepaid,57,7.4,124.0,85,0.16,3,700.0,2140.0,0,Talkers
C03807,Setif,Prepaid,17,22.1,43.0,32,0.6,3,350.0,1080.0,0,Students
C03808,Oran,Prepaid,16,2.0,44.0,15,0.12,1,250.0,260.0,0,Low spenders
C03809,Constantine,Prepaid,24,4.2,57.0,1,0.21,0,250.0,0.0,0,Low spenders
C03810,Batna,Prepaid,37,28.0,124.0,32,0.36,3,800.0,2450.0,1,Data lovers
C03811,Tlemcen,Prepaid,24,27.1,94.0,35,0.47,4,350.0,1260.0,0,Students
C03812,Ouargla,Prepaid,36,2.2,47.0,32,0.17,1,200.0,180.0,0,Low spenders
C03813,Annaba,Prepaid,61,15.2,206.0,45,0.2,4,2150.0,9120.0,1,Premium
C03814,Tlemcen,Prepaid,36,4.4,502.0,68,0.21,2,400.0,790.0,0,Talkers
C03815,Annaba,Prepaid,20,2.7,516.0,25,0.15,2,750.0,1360.0,0,Talkers
C03816,Tizi Ouzou,Prepaid,38,39.6,101.0,24,0.47,5,700.0,3320.0,0,Data lovers
C03817,Batna,Prepaid,21,31.5,182.0,0,0.53,3,600.0,1770.0,0,Data lovers
C03818,Tlemcen,Prepaid,11,16.4,124.0,42,0.46,4,500.0,1980.0,0,Students
C03819,Constantine,Prepaid,11,20.0,154.0,24,0.55,3,500.0,1630.0,0,Students
C03820,Oran,Prepaid,20,3.1,29.0,14,0.23,1,350.0,360.0,0,Low spenders
C03821,Setif,Prepaid,14,32.2,191.0,26,0.43,5,900.0,4450.0,0,Data lovers
C03822,Constantine,Prepaid,41,5.5,72.0,6,0.26,0,100.0,0.0,0,Low spenders
C03823,Annaba,Prepaid,76,43.1,581.0,68,0.21,4,2250.0,8880.0,0,Premium
C03824,Constantine,Prepaid,35,5.4,661.0,65,0.22,3,550.0,1550.0,0,Talkers
C03825,Alger,Postpaid,32,4.7,621.0,45,0.14,2,600.0,1300.0,0,Talkers
C03826,Ouargla,Prepaid,3,8.3,85.0,58,0.44,2,300.0,600.0,0,Students
C03827,Alger,Prepaid,22,44.6,124.0,18,0.41,4,1000.0,3600.0,0,Data lovers
C03828,Batna,Prepaid,43,3.9,834.0,52,0.12,3,800.0,2250.0,0,Talkers
C03829,Tizi Ouzou,Prepaid,34,35.8,614.0,22,0.17,5,2350.0,11360.0,1,Premium
C03830,Oran,Prepaid,13,21.5,150.0,41,0.53,5,400.0,2070.0,0,Students
C03831,Alger,Prepaid,46,40.1,117.0,15,0.38,5,1150.0,6030.0,0,Data lovers
C03832,Constantine,Prepaid,24,43.5,284.0,57,0.26,4,2700.0,9790.0,0,Premium
C03833,Annaba,Prepaid,37,1.8,71.0,17,0.05,1,350.0,350.0,0,Low spenders
C03834,Annaba,Prepaid,31,2.3,121.0,11,0.26,0,200.0,0.0,0,Low spenders
C03835,Tlemcen,Prepaid,7,14.8,224.0,42,0.48,3,400.0,1260.0,0,Students
C03836,Tlemcen,Prepaid,35,3.3,706.0,40,0.09,3,850.0,2510.0,0,Talkers
C03837,Batna,Postpaid,33,3.4,56.0,11,0.18,1,150.0,140.0,0,Low spenders
C03838,Tlemcen,Prepaid,22,33.3,62.0,21,0.5,4,1150.0,4450.0,0,Data lovers
C03839,Setif,Prepaid,16,1.4,2.0,30,0.25,1,250.0,230.0,0,Low spenders
C03840,Setif,Prepaid,32,15.2,439.0,32,0.15,3,450.0,1460.0,0,Talkers
C03841,Annaba,Postpaid,33,15.2,409.0,70,0.2,2,750.0,1360.0,1,Talkers
C03842,Constantine,Prepaid,7,5.7,33.0,16,0.22,1,200.0,200.0,0,Low spenders
C03843,Ouargla,Prepaid,52,32.1,25.0,27,0.4,5,1000.0,4690.0,0,Data lovers
C03844,Tizi Ouzou,Prepaid,58,32.1,51.0,25,0.38,5,800.0,3910.0,0,Data lovers
C03845,Tizi Ouzou,Prepaid,33,22.2,83.0,8,0.39,3,900.0,2550.0,0,Data lovers
C03846,Tlemcen,Prepaid,7,24.3,90.0,31,0.56,3,300.0,920.0,0,Students
C03847,Tlemcen,Prepaid,32,2.8,104.0,1,0.27,1,200.0,180.0,0,Low spenders
C03848,Ouargla,Prepaid,33,4.3,587.0,61,0.22,0,750.0,0.0,0,Talkers
C03849,Alger,Postpaid,5,23.1,146.0,31,0.58,4,600.0,2400.0,0,Students
C03850,Alger,Postpaid,82,35.4,503.0,35,0.16,4,2050.0,8570.0,1,Premium
C03851,Alger,Prepaid,39,3.6,617.0,49,0.21,4,500.0,1930.0,0,Talkers
C03852,Tizi Ouzou,Prepaid,17,30.9,149.0,25,0.13,2,850.0,1750.0,0,Data lovers
C03853,Tizi Ouzou,Prepaid,35,2.3,548.0,60,0.12,2,600.0,1210.0,0,Talkers
C03854,Tlemcen,Prepaid,18,2.1,60.0,13,0.18,1,250.0,250.0,0,Low spenders
C03855,Batna,Prepaid,19,2.8,80.0,11,0.3,1,100.0,100.0,0,Low spenders
C03856,Constantine,Prepaid,21,6.0,661.0,43,0.17,4,550.0,2290.0,0,Talkers
C03857,Oran,Prepaid,4,3.5,129.0,22,0.14,2,300.0,600.0,0,Low spenders
C03858,Alger,Prepaid,6,15.5,98.0,26,0.47,5,400.0,1990.0,0,Students
C03859,Ouargla,Prepaid,15,3.0,42.0,23,0.33,1,200.0,220.0,0,Low spenders
C03860,Tlemcen,Prepaid,41,33.1,72.0,26,0.45,4,1000.0,4150.0,0,Data lovers
C03861,Ouargla,Postpaid,40,6.9,431.0,66,0.23,3,500.0,1470.0,0,Talkers
C03862,Batna,Prepaid,46,4.7,433.0,57,0.16,4,650.0,2770.0,0,Talkers
C03863,Constantine,Prepaid,44,2.8,592.0,72,0.21,2,550.0,1020.0,0,Talkers
C03864,Blida,Prepaid,36,0.8,109.0,17,0.25,1,100.0,110.0,0,Low spenders
C03865,Ouargla,Prepaid,20,5.7,130.0,8,0.3,1,50.0,50.0,0,Low spenders
C03866,Oran,Prepaid,0,30.5,205.0,13,0.42,4,750.0,2850.0,0,Data lovers
C03867,Tizi Ouzou,Prepaid,15,21.1,493.0,55,0.16,6,2450.0,16040.0,0,Premium
C03868,Tizi Ouzou,Prepaid,15,19.0,0.0,50,0.6,2,350.0,680.0,0,Students
C03869,Oran,Prepaid,31,5.2,94.0,2,0.29,1,350.0,350.0,0,Low spenders
C03870,Setif,Postpaid,23,3.5,38.0,25,0.35,0,350.0,0.0,0,Low spenders
C03871,Tizi Ouzou,Prepaid,41,1.6,537.0,22,0.22,3,500.0,1550.0,0,Talkers
C03872,Tizi Ouzou,Prepaid,30,26.2,81.0,23,0.34,3,950.0,2800.0,0,Data lovers
C03873,Setif,Postpaid,0,18.2,123.0,49,0.57,3,450.0,1370.0,0,Students
C03874,Annaba,Prepaid,22,4.4,649.0,76,0.1,1,750.0,820.0,0,Talkers
C03875,Alger,Prepaid,12,3.9,118.0,0,0.12,1,300.0,320.0,0,Low spenders
C03876,Ouargla,Prepaid,28,1.6,83.0,11,0.18,1,50.0,50.0,0,Low spenders
C03877,Oran,Prepaid,65,3.8,767.0,19,0.12,3,700.0,1910.0,0,Talkers
C03878,Ouargla,Prepaid,38,5.6,694.0,75,0.19,4,750.0,3280.0,0,Talkers
C03879,Tizi Ouzou,Prepaid,5,19.6,174.0,22,0.62,4,350.0,1510.0,0,Students
C03880,Tlemcen,Prepaid,16,2.7,66.0,33,0.17,2,150.0,330.0,0,Low spenders
C03881,Annaba,Prepaid,52,3.5,367.0,69,0.11,3,800.0,2340.0,0,Talkers
C03882,Tlemcen,Prepaid,0,18.7,87.0,26,0.26,4,1450.0,6070.0,0,Data lovers
C03883,Batna,Prepaid,27,4.1,166.0,18,0.2,1,150.0,140.0,0,Low spenders
C03884,Alger,Prepaid,5,30.3,148.0,19,0.33,4,400.0,1550.0,0,Data lovers
C03885,Constantine,Prepaid,18,2.3,28.0,16,0.16,0,250.0,0.0,0,Low spenders
C03886,Oran,Prepaid,26,0.0,60.0,18,0.14,1,400.0,400.0,0,Low spenders
C03887,Alger,Prepaid,9,2.0,117.0,10,0.37,0,250.0,0.0,0,Low spenders
C03888,Tlemcen,Prepaid,24,5.3,173.0,3,0.1,1,300.0,330.0,0,Low spenders
C03889,Oran,Postpaid,37,34.1,108.0,4,0.37,3,1050.0,3200.0,0,Data lovers
C03890,Blida,Prepaid,5,15.2,109.0,42,0.55,3,300.0,950.0,0,Students
C03891,Annaba,Postpaid,3,31.3,123.0,29,0.55,5,600.0,2970.0,0,Students
C03892,Alger,Postpaid,39,8.7,477.0,29,0.21,2,750.0,1640.0,0,Talkers
C03893,Tizi Ouzou,Postpaid,27,5.3,29.0,20,0.18,1,150.0,140.0,0,Low spenders
C03894,Constantine,Prepaid,31,4.3,140.0,0,0.24,1,200.0,190.0,0,Low spenders
C03895,Ouargla,Prepaid,5,3.1,16.0,14,0.1,1,100.0,100.0,0,Low spenders
C03896,Tizi Ouzou,Prepaid,37,25.6,96.0,39,0.32,6,900.0,5610.0,0,Data lovers
C03897,Oran,Prepaid,31,3.1,702.0,80,0.14,3,450.0,1310.0,0,Talkers
C03898,Tlemcen,Prepaid,61,5.2,471.0,61,0.14,4,650.0,2600.0,0,Talkers
C03899,Constantine,Prepaid,10,26.3,113.0,22,0.7,2,500.0,940.0,0,Students
C03900,Tizi Ouzou,Prepaid,5,25.8,195.0,35,0.49,4,300.0,1150.0,0,Students
C03901,Tlemcen,Prepaid,33,59.7,395.0,38,0.15,6,3650.0,23920.0,0,Premium
C03902,Tlemcen,Prepaid,54,4.0,626.0,51,0.12,4,850.0,3350.0,0,Talkers
C03903,Tlemcen,Prepaid,26,1.8,29.0,26,0.19,1,250.0,270.0,0,Low spenders
C03904,Batna,Prepaid,9,14.1,250.0,26,0.46,4,250.0,970.0,0,Students
C03905,Oran,Prepaid,24,2.5,152.0,18,0.16,0,200.0,0.0,0,Low spenders
C03906,Tlemcen,Postpaid,33,19.9,117.0,27,0.31,4,1150.0,4700.0,0,Data lovers
C03907,Setif,Prepaid,7,27.4,106.0,68,0.52,1,450.0,450.0,0,Students
C03908,Tlemcen,Prepaid,35,5.9,709.0,72,0.09,3,650.0,2050.0,0,Talkers
C03909,Constantine,Prepaid,0,41.0,96.0,13,0.17,3,1050.0,3120.0,0,Data lovers
C03910,Ouargla,Prepaid,13,23.9,134.0,64,0.61,5,550.0,2930.0,0,Students
C03911,Setif,Prepaid,37,5.3,105.0,24,0.06,0,300.0,0.0,0,Low spenders
C03912,Batna,Prepaid,37,1.7,585.0,50,0.12,2,750.0,1640.0,0,Talkers
C03913,Alger,Prepaid,14,18.4,159.0,50,0.38,2,250.0,530.0,0,Students
C03914,Tizi Ouzou,Prepaid,30,2.5,63.0,5,0.23,2,200.0,380.0,0,Low spenders
C03915,Batna,Prepaid,8,24.8,207.0,40,0.51,6,400.0,2380.0,0,Students
C03916,Alger,Prepaid,11,12.9,69.0,8,0.5,4,1000.0,4240.0,0,Data lovers
C03917,Ouargla,Prepaid,0,16.6,135.0,37,0.65,4,300.0,1280.0,0,Students
C03918,Oran,Prepaid,34,4.4,43.0,31,0.36,2,150.0,300.0,0,Low spenders
C03919,Constantine,Prepaid,19,15.2,131.0,37,0.44,4,650.0,2430.0,0,Data lovers
C03920,Oran,Prepaid,59,44.6,762.0,82,0.34,5,2900.0,13640.0,0,Premium
C03921,Tlemcen,Prepaid,48,3.3,124.0,78,0.25,2,750.0,1410.0,0,Talkers
C03922,Blida,Prepaid,10,20.2,126.0,52,0.44,2,350.0,680.0,0,Students
C03923,Alger,Prepaid,28,3.2,68.0,19,0.09,1,300.0,320.0,0,Low spenders
C03924,Setif,Prepaid,30,53.1,604.0,60,0.27,4,1800.0,6890.0,0,Premium
C03925,Tizi Ouzou,Prepaid,16,17.2,44.0,17,0.43,6,900.0,5090.0,0,Data lovers
C03926,Annaba,Prepaid,35,39.8,116.0,15,0.41,3,1050.0,2990.0,1,Data lovers
C03927,Annaba,Prepaid,2,22.1,190.0,52,0.57,4,450.0,1680.0,0,Students
C03928,Constantine,Prepaid,31,5.7,798.0,110,0.11,4,550.0,2200.0,0,Talkers
C03929,Annaba,Prepaid,10,13.8,126.0,48,0.6,1,500.0,530.0,0,Students
C03930,Constantine,Postpaid,29,42.6,78.0,27,0.38,3,800.0,2280.0,1,Data lovers
C03931,Tizi Ouzou,Prepaid,26,2.8,37.0,30,0.21,1,150.0,160.0,0,Low spenders
C03932,Tlemcen,Prepaid,89,48.9,372.0,26,0.29,3,2800.0,8220.0,0,Premium
C03933,Constantine,Prepaid,9,28.2,128.0,70,0.67,4,350.0,1490.0,0,Students
C03934,Setif,Prepaid,15,4.5,89.0,5,0.2,1,150.0,140.0,0,Low spenders
C03935,Alger,Prepaid,16,6.4,466.0,74,0.11,4,1000.0,4210.0,0,Talkers
C03936,Annaba,Prepaid,1,26.6,88.0,26,0.7,2,500.0,970.0,0,Students
C03937,Blida,Prepaid,39,5.8,63.0,32,0.43,5,700.0,3570.0,1,Data lovers
C03938,Tlemcen,Prepaid,39,23.5,85.0,17,0.23,2,650.0,1400.0,0,Data lovers
C03939,Batna,Prepaid,19,2.7,471.0,0,0.17,2,600.0,1170.0,0,Talkers
C03940,Tlemcen,Prepaid,54,1.8,803.0,61,0.23,6,600.0,3320.0,0,Talkers
C03941,Ouargla,Prepaid,29,19.1,164.0,25,0.25,5,650.0,3510.0,0,Data lovers
C03942,Ouargla,Prepaid,64,30.7,124.0,28,0.29,3,1250.0,3650.0,0,Data lovers
C03943,Ouargla,Prepaid,5,13.1,25.0,49,0.53,4,550.0,2280.0,0,Students
C03944,Oran,Postpaid,62,34.5,182.0,12,0.31,4,900.0,3450.0,0,Data lovers
C03945,Blida,Prepaid,5,1.7,65.0,2,0.22,1,200.0,220.0,0,Low spenders
C03946,Ouargla,Prepaid,17,36.5,88.0,35,0.36,1,750.0,820.0,0,Data lovers
C03947,Setif,Prepaid,44,24.9,119.0,5,0.48,4,1100.0,4790.0,0,Data lovers
C03948,Tizi Ouzou,Prepaid,52,3.8,539.0,53,0.25,3,600.0,1740.0,0,Talkers
C03949,Batna,Prepaid,44,33.9,131.0,9,0.41,4,1100.0,4160.0,0,Data lovers
C03950,Constantine,Prepaid,11,3.7,125.0,30,0.27,0,250.0,0.0,0,Low spenders
C03951,Alger,Prepaid,11,20.7,175.0,60,0.41,4,450.0,1790.0,0,Students
C03952,Annaba,Prepaid,10,13.2,115.0,21,0.57,4,550.0,2370.0,0,Students
C03953,Ouargla,Prepaid,46,3.0,486.0,47,0.19,3,650.0,2030.0,0,Talkers
C03954,Tizi Ouzou,Prepaid,22,1.6,83.0,28,0.2,1,150.0,140.0,0,Low spenders
C03955,Setif,Prepaid,33,19.2,104.0,12,0.27,5,1000.0,4540.0,0,Data lovers
C03956,Setif,Postpaid,17,14.0,139.0,51,0.55,3,600.0,1770.0,0,Students
C03957,Ouargla,Prepaid,15,16.6,165.0,17,0.57,3,200.0,660.0,0,Students
C03958,Tlemcen,Prepaid,25,3.6,88.0,7,0.32,1,200.0,190.0,0,Low spenders
C03959,Setif,Prepaid,37,6.7,670.0,74,0.18,2,700.0,1350.0,0,Talkers
C03960,Annaba,Prepaid,13,23.2,116.0,32,0.44,2,450.0,900.0,0,Students
C03961,Tizi Ouzou,Prepaid,0,22.6,27.0,34,0.5,3,150.0,480.0,0,Students
C03962,Blida,Prepaid,42,57.1,512.0,69,0.27,5,3800.0,18380.0,0,Premium
C03963,Oran,Prepaid,20,12.7,114.0,0,0.59,4,300.0,1280.0,0,Students
C03964,Annaba,Prepaid,12,23.4,306.0,54,0.33,3,400.0,1120.0,0,Students
C03965,Tlemcen,Prepaid,50,4.6,79.0,11,0.18,2,200.0,380.0,0,Low spenders
C03966,Batna,Prepaid,22,5.6,95.0,16,0.13,0,300.0,0.0,0,Low spenders
C03967,Tizi Ouzou,Prepaid,0,59.7,147.0,41,0.66,3,450.0,1380.0,0,Students
C03968,Alger,Prepaid,10,3.4,64.0,2,0.08,1,250.0,250.0,0,Low spenders
C03969,Blida,Prepaid,42,39.3,98.0,0,0.42,3,850.0,2720.0,0,Data lovers
C03970,Oran,Prepaid,42,7.8,568.0,54,0.18,2,600.0,1240.0,0,Talkers
C03971,Oran,Postpaid,37,3.4,74.0,25,0.24,1,150.0,140.0,0,Low spenders
C03972,Tlemcen,Prepaid,24,4.5,437.0,56,0.11,3,450.0,1360.0,0,Talkers
C03973,Alger,Postpaid,30,6.6,385.0,58,0.18,1,550.0,520.0,0,Talkers
C03974,Ouargla,Prepaid,49,4.2,462.0,63,0.09,3,500.0,1600.0,0,Talkers
C03975,Setif,Prepaid,7,13.7,202.0,48,0.42,4,550.0,2230.0,0,Students
C03976,Blida,Prepaid,42,10.6,170.0,10,0.32,4,950.0,3610.0,0,Data lovers
C03977,Setif,Prepaid,15,18.4,164.0,20,0.29,3,950.0,3130.0,0,Data lovers
C03978,Batna,Prepaid,42,1.8,39.0,4,0.22,1,450.0,440.0,0,Low spenders
C03979,Tlemcen,Prepaid,15,15.7,69.0,50,0.66,4,300.0,1180.0,0,Students
C03980,Constantine,Prepaid,26,4.6,104.0,0,0.26,1,300.0,290.0,0,Low spenders
C03981,Constantine,Prepaid,24,23.3,158.0,33,0.29,4,800.0,3470.0,0,Data lovers
C03982,Blida,Prepaid,19,22.0,13.0,63,0.6,2,600.0,1310.0,0,Students
C03983,Batna,Prepaid,45,29.0,460.0,30,0.35,3,2700.0,8210.0,1,Premium
C03984,Alger,Prepaid,8,15.2,129.0,40,0.64,3,500.0,1410.0,0,Students
C03985,Tizi Ouzou,Prepaid,34,3.4,527.0,89,0.24,4,500.0,2180.0,1,Talkers
C03986,Ouargla,Prepaid,29,3.8,10.0,18,0.22,2,250.0,520.0,0,Low spenders
C03987,Oran,Postpaid,24,2.0,766.0,66,0.05,3,750.0,2420.0,0,Talkers
C03988,Constantine,Prepaid,34,5.5,389.0,94,0.12,4,600.0,2570.0,0,Talkers
C03989,Blida,Postpaid,40,1.9,832.0,43,0.19,6,750.0,4250.0,0,Talkers
C03990,Annaba,Prepaid,26,39.9,105.0,28,0.36,3,1050.0,2910.0,0,Data lovers
C03991,Tizi Ouzou,Prepaid,30,15.2,124.0,18,0.34,3,1100.0,3460.0,0,Data lovers
C03992,Oran,Prepaid,67,42.0,712.0,38,0.26,6,2850.0,15940.0,1,Premium
C03993,Alger,Postpaid,47,27.9,383.0,31,0.27,2,2950.0,5340.0,0,Premium
C03994,Ouargla,Prepaid,45,34.3,65.0,11,0.28,2,1050.0,2270.0,0,Data lovers
C03995,Tizi Ouzou,Prepaid,14,1.0,48.0,18,0.35,1,200.0,190.0,0,Low spenders
C03996,Tlemcen,Prepaid,26,0.1,140.0,14,0.29,2,150.0,280.0,0,Low spenders
C03997,Tizi Ouzou,Postpaid,42,2.5,124.0,30,0.17,3,400.0,1080.0,0,Talkers
C03998,Alger,Prepaid,37,32.8,497.0,43,0.34,6,2250.0,14130.0,0,Premium
C03999,Oran,Postpaid,3,14.0,42.0,53,0.37,4,350.0,1440.0,0,Students
C04000,Blida,Prepaid,7,33.4,96.0,25,0.34,4,1050.0,4450.0,0,Data lovers
C04001,Ouargla,Prepaid,24,5.1,536.0,84,0.14,4,600.0,2350.0,0,Talkers
C04002,Constantine,Prepaid,20,4.0,55.0,22,0.35,1,400.0,400.0,0,Low spenders
C04003,Tlemcen,Prepaid,45,3.9,124.0,19,0.1,3,500.0,1500.0,0,Talkers
C04004,Annaba,Prepaid,48,28.2,86.0,12,0.51,4,1150.0,5020.0,0,Data lovers
C04005,Setif,Postpaid,43,22.4,127.0,20,0.4,4,700.0,2640.0,0,Data lovers
C04006,Ouargla,Postpaid,8,3.6,0.0,25,0.35,1,150.0,150.0,0,Low spenders
C04007,Annaba,Prepaid,11,19.6,95.0,0,0.34,5,850.0,4070.0,0,Data lovers
C04008,Alger,Prepaid,11,4.7,84.0,25,0.08,1,350.0,380.0,0,Low spenders
C04009,Oran,Prepaid,34,1.9,95.0,14,0.29,1,250.0,240.0,0,Low spenders
C04010,Alger,Prepaid,41,2.3,613.0,66,0.09,3,500.0,1350.0,0,Talkers
C04011,Constantine,Prepaid,20,3.9,128.0,19,0.29,1,0.0,0.0,0,Low spenders
C04012,Tlemcen,Prepaid,21,35.1,109.0,23,0.42,5,750.0,3940.0,0,Data lovers
C04013,Oran,Prepaid,18,18.8,159.0,25,0.6,3,300.0,990.0,0,Students
C04014,Tlemcen,Prepaid,25,15.2,34.0,31,0.15,1,250.0,270.0,0,Low spenders
C04015,Constantine,Prepaid,19,3.9,81.0,21,0.27,1,350.0,360.0,0,Low spenders
C04016,Oran,Prepaid,10,5.1,107.0,28,0.17,1,200.0,210.0,0,Low spenders
C04017,Annaba,Prepaid,1,59.7,86.0,30,0.44,5,900.0,4620.0,0,Data lovers
C04018,Tlemcen,Prepaid,6,25.6,47.0,25,0.51,0,400.0,0.0,0,Students
C04019,Setif,Prepaid,46,38.0,163.0,38,0.32,3,950.0,3060.0,0,Data lovers
C04020,Oran,Prepaid,11,25.6,167.0,37,0.47,4,300.0,1310.0,0,Students
C04021,Annaba,Prepaid,33,2.5,82.0,12,0.19,1,100.0,110.0,0,Low spenders
C04022,Annaba,Prepaid,22,15.2,81.0,4,0.25,1,250.0,260.0,0,Low spenders
C04023,Constantine,Postpaid,18,4.0,124.0,47,0.14,3,600.0,1840.0,0,Talkers
C04024,Setif,Prepaid,23,2.8,8.0,26,0.16,1,50.0,50.0,0,Low spenders
C04025,Ouargla,Prepaid,10,35.2,155.0,33,0.32,6,1000.0,5450.0,0,Data lovers
C04026,Ouargla,Prepaid,35,28.5,50.0,6,0.4,4,1000.0,3750.0,1,Data lovers
C04027,Setif,Prepaid,8,31.6,132.0,3,0.53,3,400.0,1100.0,0,Students
C04028,Blida,Prepaid,13,25.4,214.0,24,0.54,4,500.0,2090.0,0,Students
C04029,Blida,Prepaid,21,3.1,169.0,23,0.13,1,200.0,200.0,0,Low spenders
C04030,Ouargla,Prepaid,30,35.5,36.0,27,0.36,3,750.0,2120.0,0,Data lovers
C04031,Oran,Prepaid,8,3.8,0.0,0,0.28,0,100.0,0.0,0,Low spenders
C04032,Oran,Prepaid,32,3.8,1042.0,44,0.17,2,750.0,1460.0,0,Talkers
C04033,Oran,Prepaid,13,26.7,147.0,37,0.56,2,200.0,400.0,0,Students
C04034,Ouargla,Prepaid,47,17.1,150.0,16,0.35,3,900.0,2710.0,0,Data lovers
C04035,Oran,Prepaid,2,2.9,67.0,20,0.27,1,200.0,190.0,0,Low spenders
C04036,Oran,Prepaid,35,5.2,668.0,37,0.18,4,700.0,2530.0,0,Talkers
C04037,Tizi Ouzou,Prepaid,35,15.2,392.0,78,0.14,4,800.0,3030.0,0,Talkers
C04038,Batna,Prepaid,45,34.0,72.0,15,0.37,4,1250.0,4880.0,0,Data lovers
C04039,Tizi Ouzou,Prepaid,11,6.8,59.0,9,0.21,1,150.0,150.0,0,Low spenders
C04040,Constantine,Prepaid,34,6.6,39.0,34,0.44,3,800.0,2280.0,0,Data lovers
C04041,Ouargla,Prepaid,56,52.4,605.0,41,0.34,5,2450.0,12170.0,0,Premium
C04042,Batna,Prepaid,10,22.2,44.0,27,0.38,3,1300.0,4240.0,0,Data lovers
C04043,Setif,Prepaid,41,38.7,136.0,17,0.27,4,1050.0,4520.0,0,Data lovers
C04044,Blida,Prepaid,11,2.0,74.0,25,0.11,2,200.0,380.0,0,Low spenders
C04045,Alger,Prepaid,14,31.1,143.0,29,0.31,4,1250.0,4800.0,0,Data lovers
C04046,Tizi Ouzou,Prepaid,20,17.6,127.0,24,0.31,3,1000.0,3230.0,0,Data lovers
C04047,Constantine,Prepaid,20,26.5,124.0,44,0.49,3,1000.0,3240.0,0,Data lovers
C04048,Annaba,Prepaid,15,12.9,89.0,69,0.75,2,450.0,970.0,0,Students
C04049,Blida,Prepaid,25,6.2,654.0,70,0.13,2,350.0,700.0,0,Talkers
C04050,Annaba,Prepaid,73,40.1,472.0,79,0.09,4,2250.0,9180.0,0,Premium
C04051,Setif,Prepaid,32,6.6,586.0,76,0.12,2,700.0,1340.0,0,Talkers
C04052,Batna,Prepaid,8,3.3,67.0,15,0.29,0,150.0,0.0,0,Low spenders
C04053,Annaba,Prepaid,22,47.9,118.0,19,0.31,5,1100.0,5650.0,0,Data lovers
C04054,Setif,Prepaid,31,18.4,102.0,18,0.31,5,1300.0,6980.0,0,Data lovers
C04055,Tlemcen,Postpaid,13,41.1,63.0,11,0.37,3,1100.0,3020.0,0,Data lovers
C04056,Annaba,Prepaid,62,26.3,81.0,12,0.56,3,950.0,2770.0,0,Data lovers
C04057,Tizi Ouzou,Prepaid,58,8.0,124.0,48,0.09,5,450.0,2410.0,0,Talkers
C04058,Tlemcen,Prepaid,19,16.9,21.0,42,0.51,1,450.0,410.0,0,Students
C04059,Tizi Ouzou,Prepaid,50,5.3,347.0,81,0.21,2,750.0,1610.0,0,Talkers
C04060,Alger,Prepaid,64,49.7,580.0,75,0.29,4,1500.0,6420.0,1,Premium
C04061,Batna,Postpaid,14,16.3,66.0,34,0.44,1,350.0,320.0,0,Students
C04062,Oran,Prepaid,38,24.3,67.0,30,0.59,5,1050.0,5010.0,0,Data lovers
C04063,Tlemcen,Prepaid,25,6.3,567.0,53,0.19,3,950.0,2770.0,0,Talkers
C04064,Tizi Ouzou,Prepaid,22,39.7,137.0,2,0.63,4,900.0,3370.0,0,Data lovers
C04065,Annaba,Prepaid,14,16.1,162.0,24,0.5,4,200.0,760.0,0,Students
C04066,Blida,Prepaid,2,15.2,138.0,54,0.59,4,350.0,1330.0,0,Students
C04067,Constantine,Prepaid,7,20.4,126.0,42,0.62,2,400.0,770.0,0,Students
C04068,Blida,Postpaid,68,23.8,64.0,14,0.3,5,850.0,4130.0,0,Data lovers
C04069,Oran,Prepaid,57,34.4,59.0,33,0.3,2,850.0,1670.0,0,Data lovers
C04070,Blida,Prepaid,11,35.1,192.0,33,0.6,3,500.0,1420.0,0,Students
C04071,Tlemcen,Prepaid,34,26.6,124.0,6,0.52,4,900.0,3690.0,0,Data lovers
C04072,Constantine,Prepaid,6,4.3,86.0,0,0.3,0,250.0,0.0,0,Low spenders
C04073,Tlemcen,Prepaid,31,50.6,124.0,39,0.32,5,2200.0,11430.0,0,Premium
C04074,Tlemcen,Prepaid,35,3.8,135.0,16,0.17,1,250.0,230.0,0,Low spenders
C04075,Blida,Postpaid,11,28.1,96.0,69,0.74,4,600.0,2340.0,0,Students
C04076,Oran,Prepaid,20,16.0,0.0,56,0.66,1,400.0,400.0,0,Students
C04077,Batna,Prepaid,0,20.7,196.0,19,0.64,4,350.0,1340.0,0,Students
C04078,Ouargla,Prepaid,17,27.4,171.0,33,0.62,3,450.0,1230.0,0,Students
C04079,Tizi Ouzou,Prepaid,32,26.8,80.0,16,0.4,4,1000.0,3920.0,0,Data lovers
C04080,Oran,Prepaid,59,40.1,370.0,61,0.17,6,3600.0,21210.0,1,Premium
C04081,Setif,Prepaid,9,21.5,180.0,32,0.62,5,300.0,1430.0,0,Students
C04082,Constantine,Prepaid,11,13.2,144.0,24,0.52,3,550.0,1520.0,0,Students
C04083,Oran,Prepaid,17,27.5,86.0,15,0.29,5,600.0,2940.0,0,Data lovers
C04084,Blida,Prepaid,8,5.0,15.0,12,0.23,1,200.0,200.0,0,Low spenders
C04085,Tizi Ouzou,Prepaid,6,18.6,164.0,31,0.58,3,500.0,1520.0,0,Students
C04086,Alger,Prepaid,58,57.5,677.0,65,0.16,7,3650.0,24810.0,1,Premium
C04087,Blida,Prepaid,15,18.6,123.0,12,0.52,2,950.0,2080.0,0,Data lovers
C04088,Tizi Ouzou,Prepaid,28,46.2,360.0,63,0.11,4,2950.0,11590.0,0,Premium
C04089,Batna,Prepaid,14,20.1,73.0,28,0.4,2,550.0,1180.0,0,Students
C04090,Blida,Prepaid,27,4.2,99.0,23,0.12,1,250.0,240.0,0,Low spenders
C04091,Ouargla,Prepaid,77,59.7,619.0,42,0.24,7,2250.0,15250.0,0,Premium
C04092,Oran,Postpaid,38,43.6,144.0,12,0.35,5,700.0,3760.0,0,Data lovers
C04093,Alger,Prepaid,21,2.5,76.0,41,0.19,1,150.0,160.0,0,Low spenders
C04094,Annaba,Prepaid,24,4.0,618.0,37,0.17,3,700.0,2070.0,0,Talkers
C04095,Annaba,Prepaid,18,3.6,23.0,1,0.1,0,100.0,0.0,0,Low spenders
C04096,Ouargla,Prepaid,38,31.8,329.0,22,0.21,5,2100.0,10830.0,1,Premium
C04097,Batna,Prepaid,5,6.1,83.0,12,0.2,1,200.0,190.0,0,Low spenders
C04098,Ouargla,Prepaid,17,11.6,123.0,24,0.45,3,400.0,1080.0,0,Students
C04099,Batna,Postpaid,33,3.8,542.0,19,0.22,4,600.0,2470.0,0,Talkers
C04100,Annaba,Postpaid,11,11.5,170.0,59,0.44,3,500.0,1540.0,0,Students
C04101,Tlemcen,Prepaid,15,4.6,135.0,15,0.38,2,300.0,630.0,0,Low spenders
C04102,Annaba,Prepaid,8,2.7,27.0,21,0.22,0,250.0,0.0,0,Low spenders
C04103,Tlemcen,Prepaid,31,41.9,112.0,6,0.56,3,1050.0,3360.0,0,Data lovers
C04104,Batna,Prepaid,24,4.8,647.0,84,0.19,2,450.0,990.0,0,Talkers
C04105,Setif,Prepaid,21,4.1,89.0,11,0.11,1,100.0,110.0,0,Low spenders
C04106,Tlemcen,Prepaid,8,3.2,90.0,16,0.29,2,300.0,560.0,0,Low spenders
C04107,Batna,Prepaid,0,1.0,106.0,16,0.22,1,150.0,150.0,0,Low spenders
C04108,Annaba,Prepaid,42,4.9,641.0,43,0.19,3,850.0,2690.0,0,Talkers
C04109,Tizi Ouzou,Postpaid,39,45.9,315.0,95,0.26,4,2150.0,8950.0,1,Premium
C04110,Blida,Prepaid,0,2.0,86.0,3,0.22,1,100.0,90.0,0,Low spenders
C04111,Oran,Prepaid,0,5.4,133.0,21,0.23,1,50.0,50.0,0,Low spenders
C04112,Tlemcen,Postpaid,50,49.6,124.0,58,0.2,4,2650.0,10950.0,0,Premium
C04113,Annaba,Prepaid,0,0.0,18.0,19,0.16,0,200.0,0.0,0,Low spenders
C04114,Blida,Prepaid,50,37.4,143.0,3,0.5,2,550.0,1120.0,0,Data lovers
C04115,Constantine,Prepaid,27,1.1,120.0,28,0.22,1,100.0,100.0,0,Low spenders
C04116,Oran,Prepaid,10,29.2,205.0,28,0.63,3,500.0,1410.0,0,Students
C04117,Batna,Postpaid,15,24.6,156.0,30,0.37,4,1100.0,4780.0,0,Data lovers
C04118,Constantine,Prepaid,49,37.2,607.0,24,0.16,5,2550.0,11580.0,0,Premium
C04119,Batna,Prepaid,26,4.3,88.0,14,0.21,1,200.0,210.0,0,Low spenders
C04120,Annaba,Prepaid,71,59.7,617.0,21,0.22,3,2500.0,7670.0,1,Premium
C04121,Annaba,Prepaid,11,7.3,84.0,20,0.13,0,350.0,0.0,0,Low spenders
C04122,Tizi Ouzou,Prepaid,22,39.6,76.0,38,0.4,6,850.0,4740.0,1,Data lovers
C04123,Tlemcen,Prepaid,38,5.8,509.0,11,0.14,3,600.0,1740.0,0,Talkers
C04124,Setif,Postpaid,30,20.3,60.0,23,0.56,3,1300.0,3650.0,0,Data lovers
C04125,Setif,Prepaid,1,3.1,124.0,39,0.33,1,250.0,240.0,0,Low spenders
C04126,Oran,Prepaid,13,14.8,44.0,24,0.63,4,450.0,1680.0,0,Students
C04127,Ouargla,Prepaid,18,0.0,362.0,56,0.13,2,600.0,1120.0,0,Talkers
C04128,Tlemcen,Prepaid,10,17.8,97.0,37,0.52,3,650.0,1930.0,0,Students
C04129,Tlemcen,Prepaid,21,1.9,67.0,27,0.21,1,100.0,100.0,1,Low spenders
C04130,Batna,Prepaid,28,37.1,56.0,36,0.41,3,600.0,1750.0,0,Data lovers
C04131,Constantine,Postpaid,23,3.9,101.0,21,0.09,2,100.0,180.0,0,Low spenders
C04132,Annaba,Prepaid,33,21.9,56.0,10,0.57,5,1200.0,6250.0,0,Data lovers
C04133,Alger,Prepaid,45,32.1,86.0,28,0.16,4,1050.0,4200.0,0,Data lovers
C04134,Ouargla,Prepaid,17,0.5,110.0,2,0.31,1,250.0,260.0,0,Low spenders
C04135,Blida,Prepaid,17,21.0,164.0,48,0.59,4,400.0,1580.0,0,Students
C04136,Constantine,Prepaid,18,25.3,95.0,21,0.43,2,400.0,880.0,0,Students
C04137,Oran,Prepaid,18,2.6,80.0,15,0.2,2,250.0,460.0,0,Low spenders
C04138,Constantine,Prepaid,11,15.5,131.0,36,0.56,4,350.0,1350.0,0,Students
C04139,Annaba,Postpaid,27,1.8,545.0,96,0.17,5,500.0,2360.0,0,Talkers
C04140,Tizi Ouzou,Prepaid,44,4.8,693.0,45,0.09,4,750.0,3130.0,0,Talkers
C04141,Ouargla,Prepaid,11,31.2,114.0,14,0.41,2,1350.0,2560.0,0,Data lovers
C04142,Alger,Postpaid,12,18.9,123.0,22,0.49,3,350.0,1010.0,0,Students
C04143,Batna,Prepaid,31,5.1,34.0,20,0.28,1,250.0,250.0,0,Low spenders
C04144,Tlemcen,Postpaid,24,37.6,134.0,36,0.39,4,1200.0,4980.0,0,Data lovers
C04145,Tizi Ouzou,Prepaid,53,45.2,518.0,43,0.29,2,2550.0,4660.0,0,Premium
C04146,Setif,Prepaid,26,2.9,78.0,13,0.31,1,200.0,180.0,0,Low spenders
C04147,Alger,Prepaid,16,0.8,121.0,8,0.21,0,300.0,0.0,0,Low spenders
C04148,Blida,Prepaid,15,21.1,65.0,46,0.46,1,350.0,360.0,0,Students
C04149,Batna,Postpaid,8,24.7,101.0,27,0.48,3,500.0,1500.0,0,Students
C04150,Oran,Prepaid,0,6.5,98.0,16,0.34,0,350.0,0.0,0,Low spenders
C04151,Setif,Prepaid,18,2.7,94.0,25,0.36,1,100.0,90.0,0,Low spenders
C04152,Tizi Ouzou,Prepaid,26,1.1,156.0,19,0.3,2,250.0,540.0,0,Low spenders
C04153,Tlemcen,Prepaid,17,15.2,550.0,69,0.19,2,400.0,880.0,0,Talkers
C04154,Oran,Prepaid,25,4.1,715.0,56,0.16,5,750.0,4040.0,0,Talkers
C04155,Alger,Prepaid,9,5.3,59.0,13,0.05,1,150.0,140.0,0,Low spenders
C04156,Annaba,Prepaid,23,5.1,661.0,68,0.17,2,450.0,810.0,0,Talkers
C04157,Setif,Prepaid,0,3.8,104.0,10,0.32,1,150.0,140.0,0,Low spenders
C04158,Annaba,Prepaid,26,44.4,81.0,10,0.41,4,550.0,2320.0,0,Data lovers
C04159,Annaba,Prepaid,15,4.8,134.0,11,0.09,1,150.0,160.0,0,Low spenders
C04160,Ouargla,Postpaid,47,28.8,45.0,51,0.39,4,750.0,2840.0,0,Data lovers
C04161,Tlemcen,Prepaid,42,3.4,10.0,21,0.04,1,50.0,50.0,0,Low spenders
C04162,Setif,Postpaid,32,2.9,539.0,99,0.16,4,550.0,2330.0,0,Talkers
C04163,Setif,Prepaid,31,34.4,152.0,13,0.28,5,1000.0,5290.0,0,Data lovers
C04164,Oran,Prepaid,32,27.4,117.0,25,0.46,4,800.0,3340.0,0,Data lovers
C04165,Batna,Prepaid,28,5.9,597.0,29,0.15,4,400.0,1630.0,0,Talkers
C04166,Annaba,Prepaid,35,36.5,66.0,24,0.4,4,1050.0,3870.0,0,Data lovers
C04167,Alger,Prepaid,42,0.0,521.0,43,0.16,2,950.0,2030.0,0,Talkers
C04168,Setif,Prepaid,32,29.5,124.0,28,0.63,3,600.0,1690.0,0,Data lovers
C04169,Batna,Postpaid,24,1.5,55.0,19,0.18,2,250.0,490.0,0,Low spenders
C04170,Blida,Prepaid,0,4.3,92.0,11,0.56,4,350.0,1500.0,0,Students
C04171,Oran,Prepaid,32,7.8,731.0,43,0.17,3,750.0,2150.0,0,Talkers
C04172,Constantine,Prepaid,14,2.6,112.0,15,0.05,1,250.0,260.0,0,Low spenders
C04173,Batna,Prepaid,21,20.5,125.0,40,0.7,2,550.0,1060.0,0,Students
C04174,Blida,Prepaid,22,3.5,728.0,30,0.14,3,500.0,1640.0,0,Talkers
C04175,Batna,Prepaid,76,53.1,624.0,51,0.28,4,2450.0,10520.0,0,Premium
C04176,Blida,Prepaid,49,3.0,759.0,67,0.17,3,650.0,1890.0,0,Talkers
C04177,Oran,Postpaid,18,7.5,198.0,60,0.61,2,450.0,890.0,0,Students
C04178,Alger,Prepaid,37,0.2,0.0,6,0.13,2,250.0,480.0,0,Low spenders
C04179,Oran,Prepaid,34,36.3,157.0,28,0.23,1,500.0,490.0,0,Data lovers
C04180,Ouargla,Postpaid,32,1.8,124.0,88,0.21,2,550.0,1060.0,0,Talkers
C04181,Ouargla,Prepaid,21,3.8,131.0,11,0.22,0,200.0,0.0,0,Low spenders
C04182,Setif,Prepaid,26,45.8,120.0,20,0.3,3,900.0,2800.0,0,Data lovers
C04183,Annaba,Prepaid,57,4.0,697.0,53,0.13,3,450.0,1250.0,0,Talkers
C04184,Batna,Prepaid,62,39.3,597.0,58,0.06,6,2600.0,14890.0,1,Premium
C04185,Constantine,Postpaid,50,15.2,503.0,50,0.12,6,2000.0,11060.0,0,Premium
C04186,Constantine,Prepaid,52,5.9,611.0,41,0.19,4,450.0,1930.0,0,Talkers
C04187,Setif,Prepaid,37,4.5,397.0,48,0.12,1,700.0,680.0,0,Talkers
C04188,Oran,Prepaid,17,8.9,48.0,0,0.24,1,200.0,200.0,0,Low spenders
C04189,Alger,Prepaid,5,2.4,24.0,18,0.25,0,150.0,0.0,0,Low spenders
C04190,Alger,Postpaid,47,3.7,493.0,72,0.14,3,800.0,2530.0,0,Talkers
C04191,Tlemcen,Prepaid,13,33.4,102.0,18,0.37,6,900.0,4920.0,0,Data lovers
C04192,Alger,Prepaid,12,18.1,119.0,51,0.5,3,300.0,820.0,0,Students
C04193,Ouargla,Prepaid,8,3.2,90.0,20,0.16,1,150.0,150.0,0,Low spenders
C04194,Batna,Prepaid,26,28.8,140.0,25,0.5,5,900.0,4490.0,0,Data lovers
C04195,Oran,Postpaid,21,2.8,67.0,26,0.24,1,200.0,200.0,0,Low spenders
C04196,Batna,Prepaid,54,2.9,600.0,92,0.16,3,400.0,1290.0,0,Talkers
C04197,Blida,Prepaid,11,17.4,145.0,54,0.61,2,350.0,750.0,0,Students
C04198,Tizi Ouzou,Prepaid,9,29.8,158.0,11,0.44,4,950.0,3450.0,0,Data lovers
C04199,Tlemcen,Prepaid,56,50.5,582.0,88,0.28,6,2850.0,15590.0,1,Premium
C04200,Setif,Prepaid,24,27.6,118.0,33,0.41,2,450.0,870.0,0,Students
C04201,Oran,Prepaid,23,3.6,54.0,18,0.15,2,100.0,190.0,0,Low spenders
C04202,Setif,Prepaid,20,3.9,26.0,0,0.16,1,150.0,150.0,0,Low spenders
C04203,Blida,Prepaid,26,3.3,32.0,6,0.37,1,250.0,230.0,0,Low spenders
C04204,Tlemcen,Prepaid,5,23.4,142.0,36,0.55,2,450.0,840.0,0,Students
C04205,Ouargla,Prepaid,28,7.1,104.0,29,0.17,2,100.0,210.0,0,Low spenders
C04206,Setif,Postpaid,24,46.1,397.0,54,0.21,3,2350.0,6620.0,0,Premium
C04207,Setif,Prepaid,18,38.6,64.0,9,0.47,2,850.0,1570.0,0,Data lovers
C04208,Annaba,Prepaid,51,2.3,124.0,67,0.16,3,650.0,1950.0,0,Talkers
C04209,Batna,Postpaid,10,22.5,164.0,49,0.4,3,450.0,1480.0,1,Students
C04210,Blida,Prepaid,8,17.0,41.0,47,0.46,2,300.0,660.0,0,Students
C04211,Blida,Prepaid,10,19.0,200.0,15,0.44,3,300.0,970.0,0,Students
C04212,Ouargla,Prepaid,33,5.0,688.0,51,0.15,2,600.0,1120.0,0,Talkers
C04213,Annaba,Prepaid,33,21.1,148.0,21,0.46,3,1050.0,3130.0,0,Data lovers
C04214,Tlemcen,Prepaid,64,47.9,427.0,60,0.14,5,2300.0,10680.0,0,Premium
C04215,Annaba,Prepaid,28,5.6,23.0,14,0.26,1,50.0,50.0,0,Low spenders
C04216,Tlemcen,Prepaid,0,25.7,64.0,38,0.55,3,400.0,1110.0,0,Students
C04217,Ouargla,Prepaid,8,4.4,0.0,13,0.25,1,400.0,380.0,0,Low spenders
C04218,Oran,Prepaid,57,4.0,564.0,102,0.11,3,400.0,1100.0,0,Talkers
C04219,Ouargla,Postpaid,17,23.4,139.0,40,0.63,4,250.0,900.0,0,Students
C04220,Tizi Ouzou,Prepaid,18,12.0,147.0,28,0.25,4,400.0,1470.0,0,Students
C04221,Tizi Ouzou,Prepaid,18,0.1,93.0,17,0.26,1,300.0,290.0,0,Low spenders
C04222,Ouargla,Prepaid,48,2.9,477.0,69,0.16,4,900.0,3330.0,0,Talkers
C04223,Alger,Prepaid,31,36.4,89.0,26,0.42,4,1000.0,4000.0,0,Data lovers
C04224,Tlemcen,Prepaid,32,0.3,425.0,17,0.26,5,950.0,4290.0,0,Talkers
C04225,Ouargla,Postpaid,45,54.6,665.0,75,0.31,5,3200.0,17380.0,0,Premium
C04226,Constantine,Prepaid,45,4.4,566.0,38,0.18,3,500.0,1500.0,0,Talkers
C04227,Setif,Prepaid,29,5.5,741.0,83,0.23,4,650.0,2480.0,0,Talkers
C04228,Oran,Postpaid,58,7.6,626.0,83,0.12,3,500.0,1580.0,0,Talkers
C04229,Blida,Prepaid,16,20.9,125.0,20,0.53,6,1150.0,6960.0,0,Data lovers
C04230,Ouargla,Prepaid,21,13.7,49.0,39,0.56,3,500.0,1450.0,0,Students
C04231,Tlemcen,Prepaid,39,4.7,698.0,74,0.22,4,400.0,1490.0,0,Talkers
C04232,Batna,Prepaid,24,43.3,123.0,26,0.15,5,1150.0,5710.0,0,Data lovers
C04233,Blida,Postpaid,49,51.7,543.0,117,0.14,4,2600.0,11200.0,0,Premium
C04234,Setif,Prepaid,39,2.7,547.0,25,0.1,3,600.0,1680.0,0,Talkers
C04235,Blida,Prepaid,40,1.8,703.0,45,0.19,5,850.0,4420.0,0,Talkers
C04236,Setif,Prepaid,30,3.7,542.0,74,0.19,2,650.0,1400.0,0,Talkers
C04237,Tizi Ouzou,Prepaid,18,15.2,643.0,68,0.1,2,450.0,900.0,0,Talkers
C04238,Alger,Postpaid,7,31.4,156.0,35,0.6,3,400.0,1080.0,0,Students
C04239,Tlemcen,Prepaid,2,17.0,127.0,28,0.56,2,450.0,980.0,0,Students
C04240,Batna,Prepaid,23,23.7,179.0,24,0.69,2,1250.0,2450.0,0,Data lovers
C04241,Alger,Prepaid,41,31.6,128.0,25,0.34,5,1000.0,4930.0,0,Data lovers
C04242,Blida,Prepaid,7,25.8,84.0,25,0.62,4,400.0,1620.0,0,Students
C04243,Batna,Prepaid,51,22.6,93.0,8,0.4,4,750.0,2990.0,0,Data lovers
C04244,Blida,Prepaid,20,1.0,49.0,32,0.16,1,50.0,50.0,1,Low spenders
C04245,Blida,Prepaid,34,35.4,89.0,17,0.69,7,800.0,5420.0,0,Data lovers
C04246,Batna,Prepaid,24,2.1,120.0,16,0.19,1,100.0,100.0,0,Low spenders
C04247,Blida,Postpaid,30,6.7,71.0,5,0.3,1,150.0,150.0,0,Low spenders
C04248,Annaba,Postpaid,12,22.5,103.0,37,0.34,2,1200.0,2490.0,0,Data lovers
C04249,Tlemcen,Prepaid,26,27.0,119.0,6,0.23,3,900.0,2860.0,0,Data lovers
C04250,Batna,Prepaid,53,33.0,76.0,16,0.37,4,900.0,3450.0,1,Data lovers
C04251,Constantine,Postpaid,11,14.6,125.0,14,0.59,2,350.0,720.0,1,Students
C04252,Constantine,Prepaid,41,31.5,77.0,15,0.42,4,800.0,2910.0,0,Data lovers
C04253,Alger,Prepaid,26,20.3,67.0,0,0.27,2,450.0,980.0,0,Data lovers
C04254,Oran,Prepaid,33,33.7,79.0,20,0.29,4,800.0,3170.0,0,Data lovers
C04255,Oran,Postpaid,10,4.7,143.0,10,0.22,1,250.0,270.0,0,Low spenders
C04256,Alger,Prepaid,4,34.0,148.0,12,0.64,2,950.0,2030.0,0,Data lovers
C04257,Oran,Prepaid,23,3.8,67.0,25,0.17,1,100.0,100.0,0,Low spenders
C04258,Oran,Postpaid,38,25.5,102.0,0,0.48,5,750.0,4060.0,0,Data lovers
C04259,Batna,Prepaid,0,36.6,86.0,15,0.41,5,1350.0,6780.0,0,Data lovers
C04260,Setif,Prepaid,22,2.5,104.0,16,0.17,0,200.0,0.0,0,Low spenders
C04261,Annaba,Prepaid,35,36.8,347.0,75,0.11,4,2450.0,9790.0,0,Premium
C04262,Annaba,Prepaid,24,2.1,125.0,17,0.12,1,200.0,190.0,0,Low spenders
C04263,Blida,Prepaid,74,40.2,728.0,44,0.31,6,2400.0,15510.0,0,Premium
C04264,Batna,Prepaid,16,5.0,124.0,14,0.18,1,250.0,260.0,0,Low spenders
C04265,Tlemcen,Prepaid,0,3.6,114.0,24,0.22,2,50.0,100.0,0,Low spenders
C04266,Tizi Ouzou,Prepaid,23,4.7,403.0,63,0.14,2,700.0,1510.0,0,Talkers
C04267,Batna,Prepaid,30,15.2,124.0,65,0.7,4,400.0,1730.0,0,Students
C04268,Annaba,Prepaid,22,2.6,0.0,23,0.28,1,100.0,100.0,0,Low spenders
C04269,Constantine,Prepaid,18,0.0,74.0,0,0.09,0,250.0,0.0,0,Low spenders
C04270,Tizi Ouzou,Prepaid,7,17.0,197.0,80,0.54,4,400.0,1540.0,0,Students
C04271,Annaba,Prepaid,38,4.1,859.0,15,0.22,1,500.0,470.0,0,Talkers
C04272,Blida,Prepaid,46,1.3,63.0,13,0.12,0,200.0,0.0,0,Low spenders
C04273,Tlemcen,Prepaid,37,32.9,516.0,54,0.45,4,2400.0,8680.0,1,Premium
C04274,Blida,Prepaid,0,23.8,139.0,46,0.66,2,250.0,530.0,0,Students
C04275,Tlemcen,Prepaid,11,4.6,47.0,37,0.32,1,100.0,100.0,0,Low spenders
C04276,Tizi Ouzou,Prepaid,25,4.9,928.0,64,0.17,4,750.0,3300.0,0,Talkers
C04277,Tizi Ouzou,Prepaid,29,50.1,440.0,40,0.16,5,2400.0,11630.0,0,Premium
C04278,Ouargla,Prepaid,49,3.8,501.0,57,0.14,2,500.0,1070.0,1,Talkers
C04279,Tlemcen,Prepaid,29,4.0,68.0,4,0.27,1,200.0,210.0,0,Low spenders
C04280,Batna,Prepaid,5,22.2,113.0,27,0.5,2,300.0,560.0,0,Students
C04281,Annaba,Prepaid,1,3.8,76.0,4,0.31,1,300.0,310.0,0,Low spenders
C04282,Blida,Postpaid,25,19.7,103.0,73,0.48,3,400.0,1170.0,0,Students
C04283,Annaba,Prepaid,14,4.8,936.0,42,0.16,4,750.0,2960.0,0,Talkers
C04284,Batna,Prepaid,16,21.1,130.0,37,0.56,3,450.0,1220.0,1,Students
C04285,Batna,Prepaid,28,5.0,646.0,86,0.15,3,850.0,2690.0,0,Talkers
C04286,Setif,Prepaid,43,19.4,114.0,33,0.44,4,1050.0,4040.0,0,Data lovers
C04287,Alger,Prepaid,0,15.7,98.0,19,0.6,3,550.0,1570.0,0,Students
C04288,Ouargla,Postpaid,31,43.8,123.0,52,0.29,3,800.0,2220.0,0,Data lovers
C04289,Alger,Prepaid,29,21.5,60.0,16,0.4,6,850.0,5070.0,0,Data lovers
C04290,Batna,Prepaid,63,7.2,297.0,99,0.12,1,350.0,360.0,0,Talkers
C04291,Setif,Prepaid,25,15.2,54.0,7,0.19,1,200.0,190.0,0,Low spenders
C04292,Tizi Ouzou,Postpaid,35,38.5,388.0,80,0.38,4,2200.0,8160.0,0,Premium
C04293,Constantine,Prepaid,63,28.3,66.0,32,0.33,5,1050.0,5120.0,0,Data lovers
C04294,Batna,Prepaid,23,2.5,325.0,68,0.13,3,550.0,1720.0,0,Talkers
C04295,Annaba,Prepaid,30,2.8,455.0,74,0.16,4,650.0,2480.0,0,Talkers
C04296,Annaba,Prepaid,10,13.1,40.0,52,0.74,3,500.0,1650.0,0,Students
C04297,Batna,Prepaid,10,11.5,168.0,44,0.75,1,550.0,550.0,0,Students
C04298,Ouargla,Prepaid,49,1.7,565.0,63,0.07,3,550.0,1520.0,0,Talkers
C04299,Batna,Prepaid,0,1.8,144.0,28,0.15,1,250.0,260.0,0,Low spenders
C04300,Oran,Prepaid,20,22.2,125.0,45,0.52,4,450.0,1880.0,0,Students
C04301,Blida,Prepaid,24,2.0,37.0,20,0.22,1,250.0,240.0,0,Low spenders
C04302,Blida,Prepaid,18,16.3,211.0,29,0.54,2,350.0,730.0,0,Students
C04303,Ouargla,Prepaid,34,3.6,78.0,4,0.19,1,150.0,150.0,0,Low spenders
C04304,Annaba,Prepaid,23,28.1,48.0,11,0.46,5,800.0,4180.0,0,Data lovers
C04305,Constantine,Prepaid,27,4.7,444.0,69,0.22,2,450.0,890.0,0,Talkers
C04306,Tlemcen,Prepaid,40,28.6,116.0,36,0.38,5,800.0,3830.0,0,Data lovers
C04307,Batna,Postpaid,47,4.1,107.0,0,0.15,1,200.0,220.0,0,Low spenders
C04308,Blida,Prepaid,57,9.2,850.0,44,0.16,3,550.0,1550.0,0,Talkers
C04309,Tizi Ouzou,Prepaid,4,29.1,132.0,39,0.37,1,400.0,410.0,0,Students
C04310,Annaba,Prepaid,3,19.4,84.0,19,0.34,5,850.0,3880.0,0,Data lovers
C04311,Alger,Prepaid,44,22.8,121.0,25,0.29,5,950.0,4680.0,0,Data lovers
C04312,Constantine,Prepaid,11,26.2,119.0,21,0.37,3,600.0,1920.0,0,Data lovers
C04313,Constantine,Prepaid,41,23.0,114.0,25,0.49,4,750.0,2710.0,0,Data lovers
C04314,Alger,Prepaid,31,3.6,142.0,33,0.16,1,200.0,200.0,0,Low spenders
C04315,Tizi Ouzou,Postpaid,43,3.4,339.0,48,0.13,1,800.0,880.0,0,Talkers
C04316,Batna,Prepaid,43,6.2,491.0,68,0.22,1,850.0,780.0,0,Talkers
C04317,Oran,Prepaid,47,51.5,379.0,49,0.22,6,1850.0,12010.0,0,Premium
C04318,Tizi Ouzou,Prepaid,4,10.9,119.0,33,0.65,3,400.0,1250.0,1,Students
C04319,Tizi Ouzou,Prepaid,12,4.0,130.0,19,0.24,1,150.0,140.0,0,Low spenders
C04320,Ouargla,Prepaid,19,17.7,195.0,40,0.62,3,500.0,1570.0,0,Students
C04321,Oran,Prepaid,2,4.5,47.0,17,0.22,1,100.0,100.0,0,Low spenders
C04322,Batna,Prepaid,22,3.4,153.0,25,0.29,0,100.0,0.0,0,Low spenders
C04323,Setif,Prepaid,6,2.3,103.0,5,0.16,1,200.0,180.0,0,Low spenders
C04324,Oran,Postpaid,53,4.3,541.0,65,0.15,6,600.0,3720.0,0,Talkers
C04325,Constantine,Prepaid,25,8.9,536.0,43,0.12,4,550.0,2090.0,0,Talkers
C04326,Batna,Postpaid,8,14.1,188.0,21,0.7,4,450.0,1700.0,0,Students
C04327,Blida,Prepaid,0,3.5,79.0,21,0.26,1,200.0,210.0,0,Low spenders
C04328,Oran,Prepaid,33,3.6,11.0,19,0.14,1,150.0,150.0,0,Low spenders
C04329,Constantine,Prepaid,39,31.6,146.0,9,0.34,3,700.0,2120.0,0,Data lovers
C04330,Ouargla,Prepaid,79,56.5,632.0,58,0.11,4,3500.0,13990.0,0,Premium
C04331,Constantine,Prepaid,21,2.9,76.0,21,0.14,0,250.0,0.0,0,Low spenders
C04332,Tizi Ouzou,Postpaid,19,24.6,78.0,63,0.58,2,450.0,970.0,0,Students
C04333,Blida,Prepaid,33,5.2,525.0,63,0.04,5,650.0,2950.0,0,Talkers
C04334,Alger,Prepaid,0,36.0,124.0,9,0.4,3,1150.0,3650.0,0,Data lovers
C04335,Batna,Prepaid,13,20.4,64.0,32,0.35,4,450.0,1690.0,0,Students
C04336,Tizi Ouzou,Prepaid,26,23.7,84.0,23,0.47,3,1250.0,3740.0,0,Data lovers
C04337,Blida,Prepaid,0,59.7,182.0,45,0.68,4,350.0,1530.0,0,Students
C04338,Ouargla,Prepaid,32,3.5,457.0,61,0.25,3,750.0,2080.0,0,Talkers
C04339,Annaba,Prepaid,27,4.4,36.0,14,0.23,1,300.0,280.0,0,Low spenders
C04340,Annaba,Prepaid,32,15.2,124.0,29,0.34,5,800.0,3810.0,0,Data lovers
C04341,Tlemcen,Prepaid,58,3.9,714.0,34,0.14,4,500.0,1870.0,0,Talkers
C04342,Setif,Postpaid,4,2.5,11.0,3,0.14,1,100.0,90.0,0,Low spenders
C04343,Tizi Ouzou,Prepaid,18,16.9,84.0,18,0.51,3,900.0,2950.0,0,Data lovers
C04344,Oran,Prepaid,7,17.7,48.0,45,0.59,3,300.0,950.0,0,Students
C04345,Oran,Prepaid,21,17.1,90.0,8,0.4,4,800.0,3000.0,0,Data lovers
C04346,Blida,Prepaid,56,5.1,800.0,69,0.12,4,850.0,3590.0,0,Talkers
C04347,Alger,Prepaid,9,22.7,57.0,39,0.63,5,350.0,1680.0,0,Students
C04348,Setif,Prepaid,66,15.2,298.0,59,0.41,6,2700.0,14750.0,0,Premium
C04349,Blida,Prepaid,9,18.8,52.0,47,0.38,3,400.0,1140.0,0,Students
C04350,Setif,Prepaid,36,28.0,565.0,59,0.35,4,1300.0,5710.0,0,Premium
C04351,Annaba,Prepaid,10,15.2,75.0,62,0.6,4,450.0,1640.0,0,Students
C04352,Tlemcen,Prepaid,10,2.6,98.0,7,0.28,0,150.0,0.0,0,Low spenders
C04353,Tizi Ouzou,Postpaid,9,15.6,175.0,33,0.66,3,250.0,740.0,0,Students
C04354,Alger,Postpaid,41,5.6,71.0,10,0.29,0,250.0,0.0,0,Low spenders
C04355,Tlemcen,Prepaid,39,18.2,566.0,35,0.38,6,2850.0,18340.0,1,Premium
C04356,Setif,Prepaid,31,2.5,35.0,20,0.15,1,200.0,220.0,0,Low spenders
C04357,Blida,Prepaid,35,4.4,116.0,26,0.17,1,300.0,280.0,0,Low spenders
C04358,Annaba,Prepaid,25,42.5,138.0,18,0.47,3,850.0,2550.0,0,Data lovers
C04359,Tizi Ouzou,Prepaid,53,5.7,621.0,95,0.16,4,600.0,2270.0,0,Talkers
C04360,Ouargla,Prepaid,43,3.3,124.0,110,0.1,2,850.0,1540.0,0,Talkers
C04361,Blida,Prepaid,10,3.3,86.0,23,0.27,2,300.0,620.0,0,Low spenders
C04362,Alger,Prepaid,3,24.8,74.0,75,0.69,2,250.0,520.0,0,Students
C04363,Annaba,Prepaid,20,19.3,150.0,26,0.44,2,450.0,990.0,0,Students
C04364,Alger,Postpaid,11,22.3,130.0,23,0.68,2,500.0,1050.0,0,Students
C04365,Annaba,Prepaid,40,4.4,663.0,71,0.11,2,350.0,750.0,0,Talkers
C04366,Alger,Prepaid,41,6.5,453.0,71,0.19,4,450.0,1710.0,0,Talkers
C04367,Blida,Prepaid,44,5.0,14.0,10,0.17,2,250.0,480.0,0,Low spenders
C04368,Ouargla,Prepaid,34,3.2,611.0,103,0.24,3,750.0,2310.0,0,Talkers
C04369,Tlemcen,Prepaid,43,3.3,706.0,48,0.1,4,700.0,2910.0,0,Talkers
C04370,Oran,Prepaid,28,3.9,755.0,49,0.18,5,900.0,4750.0,0,Talkers
C04371,Tlemcen,Prepaid,57,1.4,292.0,51,0.14,3,600.0,1710.0,0,Talkers
C04372,Setif,Postpaid,59,55.8,504.0,58,0.27,6,2000.0,11130.0,0,Premium
C04373,Annaba,Prepaid,54,3.2,416.0,105,0.15,2,600.0,1280.0,0,Talkers
C04374,Ouargla,Postpaid,6,4.8,136.0,8,0.06,0,100.0,0.0,0,Low spenders
C04375,Alger,Prepaid,21,5.0,103.0,34,0.25,2,100.0,190.0,0,Low spenders
C04376,Tizi Ouzou,Postpaid,24,6.1,0.0,10,0.11,1,150.0,160.0,0,Low spenders
C04377,Setif,Prepaid,43,1.2,247.0,80,0.1,1,700.0,750.0,0,Talkers
C04378,Constantine,Prepaid,4,3.0,49.0,30,0.08,1,250.0,230.0,0,Low spenders
C04379,Tizi Ouzou,Prepaid,44,46.5,85.0,29,0.27,4,1000.0,3940.0,0,Data lovers
C04380,Tlemcen,Prepaid,40,37.5,79.0,0,0.61,6,550.0,3430.0,0,Data lovers
C04381,Tizi Ouzou,Prepaid,24,26.9,74.0,28,0.31,4,700.0,2560.0,1,Data lovers
C04382,Alger,Prepaid,48,6.6,822.0,75,0.2,4,850.0,3220.0,0,Talkers
C04383,Batna,Prepaid,10,24.1,147.0,28,0.77,2,400.0,750.0,0,Students
C04384,Setif,Prepaid,39,41.7,717.0,68,0.26,5,3200.0,17080.0,0,Premium
C04385,Annaba,Prepaid,41,30.5,91.0,15,0.59,6,600.0,3260.0,0,Data lovers
C04386,Blida,Prepaid,44,3.4,395.0,95,0.09,3,750.0,2210.0,0,Talkers
C04387,Blida,Prepaid,24,31.9,131.0,29,0.68,3,750.0,2340.0,0,Data lovers
C04388,Setif,Prepaid,36,34.7,92.0,24,0.44,4,1200.0,5220.0,1,Data lovers
C04389,Alger,Prepaid,42,1.6,513.0,70,0.2,5,550.0,2700.0,0,Talkers
C04390,Ouargla,Postpaid,11,0.6,93.0,19,0.22,2,100.0,200.0,0,Low spenders
C04391,Tizi Ouzou,Prepaid,50,3.5,548.0,43,0.17,4,700.0,3080.0,0,Talkers
C04392,Annaba,Prepaid,51,1.7,885.0,33,0.15,3,400.0,1290.0,1,Talkers
C04393,Ouargla,Postpaid,32,28.4,34.0,29,0.45,3,1200.0,3360.0,0,Data lovers
C04394,Oran,Prepaid,3,59.7,136.0,57,0.48,5,300.0,1590.0,0,Students
C04395,Ouargla,Prepaid,16,5.9,495.0,69,0.14,3,400.0,1240.0,0,Talkers
C04396,Tlemcen,Prepaid,6,24.7,104.0,48,0.44,5,400.0,2150.0,0,Students
C04397,Setif,Prepaid,23,1.8,63.0,14,0.13,1,200.0,210.0,0,Low spenders
C04398,Setif,Prepaid,5,11.1,0.0,27,0.57,3,250.0,810.0,0,Students
C04399,Ouargla,Prepaid,5,2.7,687.0,76,0.31,3,750.0,2310.0,0,Talkers
C04400,Batna,Postpaid,41,1.9,705.0,26,0.18,2,800.0,1520.0,0,Talkers
C04401,Setif,Prepaid,18,2.2,45.0,7,0.13,1,300.0,320.0,0,Low spenders
C04402,Tlemcen,Prepaid,36,15.2,644.0,71,0.15,1,550.0,540.0,1,Talkers
C04403,Constantine,Prepaid,23,32.7,39.0,30,0.31,3,1100.0,3620.0,0,Data lovers
C04404,Setif,Prepaid,19,27.3,0.0,19,0.48,3,950.0,2870.0,0,Data lovers
C04405,Annaba,Prepaid,8,20.6,59.0,54,0.28,4,450.0,1910.0,0,Students
C04406,Batna,Prepaid,33,3.6,682.0,94,0.12,2,450.0,930.0,0,Talkers
C04407,Constantine,Prepaid,23,5.9,477.0,70,0.11,5,500.0,2270.0,0,Talkers
C04408,Constantine,Prepaid,1,19.7,111.0,43,0.62,3,350.0,1110.0,0,Students
C04409,Annaba,Postpaid,49,56.1,361.0,91,0.25,6,2700.0,14810.0,0,Premium
C04410,Tlemcen,Prepaid,16,24.0,81.0,0,0.56,2,400.0,740.0,0,Students
C04411,Batna,Prepaid,6,30.1,159.0,21,0.31,2,900.0,1950.0,0,Data lovers
C04412,Annaba,Postpaid,52,2.1,630.0,60,0.1,3,600.0,1920.0,0,Talkers
C04413,Constantine,Postpaid,11,5.4,83.0,16,0.14,0,250.0,0.0,0,Low spenders
C04414,Annaba,Prepaid,41,3.7,845.0,48,0.15,3,650.0,1850.0,0,Talkers
C04415,Ouargla,Prepaid,4,18.4,209.0,51,0.57,3,250.0,700.0,0,Students
C04416,Constantine,Postpaid,40,29.9,62.0,19,0.37,4,1000.0,4180.0,0,Data lovers
C04417,Tizi Ouzou,Prepaid,30,7.2,42.0,8,0.24,2,100.0,210.0,0,Low spenders
C04418,Batna,Prepaid,38,29.6,47.0,20,0.39,4,800.0,3450.0,0,Data lovers
C04419,Setif,Prepaid,34,3.5,802.0,47,0.07,2,650.0,1370.0,0,Talkers
C04420,Ouargla,Prepaid,43,4.9,742.0,71,0.01,3,550.0,1520.0,0,Talkers
C04421,Alger,Prepaid,23,26.4,82.0,26,0.29,4,950.0,3660.0,0,Data lovers
C04422,Batna,Prepaid,10,18.6,181.0,36,0.58,2,400.0,770.0,0,Students
C04423,Ouargla,Prepaid,47,4.9,549.0,71,0.1,4,500.0,2030.0,0,Talkers
C04424,Tlemcen,Prepaid,0,1.7,74.0,25,0.27,1,200.0,220.0,0,Low spenders
C04425,Ouargla,Prepaid,48,23.3,29.0,28,0.22,5,1000.0,5220.0,0,Data lovers
C04426,Oran,Prepaid,17,17.6,89.0,36,0.57,5,400.0,1910.0,0,Students
C04427,Ouargla,Postpaid,24,3.5,9.0,29,0.16,1,150.0,160.0,0,Low spenders
C04428,Blida,Postpaid,29,41.1,565.0,60,0.14,4,2450.0,10360.0,1,Premium
C04429,Tizi Ouzou,Postpaid,16,27.0,82.0,30,0.48,1,400.0,410.0,0,Students
C04430,Constantine,Prepaid,27,4.3,57.0,9,0.19,0,200.0,0.0,0,Low spenders
C04431,Constantine,Postpaid,21,40.7,92.0,26,0.5,5,1350.0,6560.0,0,Data lovers
C04432,Ouargla,Prepaid,13,2.6,81.0,22,0.28,1,250.0,240.0,0,Low spenders
C04433,Alger,Prepaid,16,17.2,120.0,69,0.64,4,300.0,1240.0,0,Students
C04434,Tizi Ouzou,Prepaid,13,22.1,24.0,54,0.49,1,300.0,270.0,0,Students
C04435,Batna,Prepaid,30,18.4,55.0,20,0.38,2,500.0,1070.0,0,Data lovers
C04436,Ouargla,Prepaid,53,25.0,106.0,1,0.47,7,1050.0,6960.0,0,Data lovers
C04437,Alger,Postpaid,19,15.2,0.0,34,0.23,1,0.0,0.0,0,Low spenders
C04438,Blida,Prepaid,26,43.0,91.0,34,0.31,4,700.0,2990.0,0,Data lovers
C04439,Oran,Prepaid,23,3.0,100.0,26,0.12,0,250.0,0.0,0,Low spenders
C04440,Blida,Prepaid,0,3.2,86.0,28,0.23,1,100.0,100.0,0,Low spenders
C04441,Oran,Prepaid,22,2.8,616.0,67,0.17,4,500.0,2180.0,0,Talkers
C04442,Blida,Prepaid,26,34.1,24.0,0,0.55,5,1200.0,5500.0,0,Data lovers
C04443,Annaba,Prepaid,12,3.5,0.0,19,0.19,1,250.0,240.0,0,Low spenders
C04444,Annaba,Postpaid,6,3.8,135.0,7,0.17,1,200.0,180.0,0,Low spenders
C04445,Batna,Prepaid,47,54.0,533.0,39,0.27,6,3050.0,16650.0,0,Premium
C04446,Tlemcen,Prepaid,22,3.0,550.0,39,0.19,4,500.0,2030.0,0,Talkers
C04447,Alger,Prepaid,32,28.3,585.0,48,0.19,3,2800.0,8830.0,0,Premium
C04448,Alger,Prepaid,9,21.7,189.0,38,0.64,3,400.0,1260.0,0,Students
C04449,Batna,Prepaid,6,2.6,80.0,5,0.24,1,250.0,230.0,0,Low spenders
C04450,Ouargla,Prepaid,18,2.3,584.0,84,0.11,3,700.0,2020.0,0,Talkers
C04451,Tizi Ouzou,Prepaid,36,52.7,473.0,82,0.19,5,2250.0,11040.0,1,Premium
C04452,Alger,Prepaid,46,7.0,549.0,45,0.18,3,650.0,2030.0,0,Talkers
C04453,Tlemcen,Prepaid,15,27.7,57.0,45,0.69,2,550.0,1020.0,0,Students
C04454,Blida,Prepaid,16,14.3,133.0,60,0.66,4,400.0,1630.0,0,Students
C04455,Annaba,Prepaid,13,4.5,58.0,0,0.15,1,300.0,310.0,0,Low spenders
C04456,Ouargla,Prepaid,16,2.8,69.0,27,0.12,0,350.0,0.0,0,Low spenders
C04457,Tlemcen,Postpaid,23,28.4,119.0,39,0.56,3,550.0,1800.0,0,Students
C04458,Alger,Prepaid,32,15.2,673.0,44,0.1,3,550.0,1740.0,0,Talkers
C04459,Blida,Prepaid,12,7.4,80.0,57,0.51,3,450.0,1310.0,0,Students
C04460,Tizi Ouzou,Prepaid,34,1.7,811.0,90,0.12,3,800.0,2640.0,1,Talkers
C04461,Ouargla,Prepaid,37,25.2,112.0,11,0.45,4,1050.0,3870.0,0,Data lovers
C04462,Blida,Prepaid,53,46.2,118.0,29,0.52,4,550.0,2010.0,0,Data lovers
C04463,Blida,Prepaid,25,31.6,110.0,14,0.52,5,1250.0,6820.0,0,Data lovers
C04464,Ouargla,Prepaid,11,20.9,140.0,46,0.61,4,350.0,1510.0,0,Students
C04465,Ouargla,Prepaid,47,2.5,491.0,82,0.17,3,500.0,1650.0,0,Talkers
C04466,Alger,Prepaid,26,37.0,141.0,13,0.31,6,1100.0,6770.0,0,Data lovers
C04467,Tizi Ouzou,Postpaid,20,34.1,122.0,22,0.35,2,1150.0,2120.0,0,Data lovers
C04468,Ouargla,Prepaid,22,15.6,0.0,31,0.55,3,500.0,1620.0,0,Students
C04469,Blida,Postpaid,20,3.3,462.0,89,0.09,2,600.0,1320.0,0,Talkers
C04470,Oran,Prepaid,20,1.6,106.0,13,0.37,1,50.0,50.0,0,Low spenders
C04471,Ouargla,Postpaid,47,1.2,472.0,124,0.13,2,550.0,1060.0,0,Talkers
C04472,Alger,Prepaid,41,6.6,851.0,64,0.1,3,400.0,1270.0,0,Talkers
C04473,Tlemcen,Prepaid,51,28.2,179.0,26,0.45,4,750.0,3250.0,0,Data lovers
C04474,Tizi Ouzou,Prepaid,18,28.1,170.0,14,0.54,3,1300.0,3680.0,0,Data lovers
C04475,Tlemcen,Prepaid,18,26.3,112.0,34,0.59,2,450.0,940.0,0,Students
C04476,Setif,Postpaid,32,39.7,464.0,32,0.32,4,2450.0,9850.0,0,Premium
C04477,Batna,Prepaid,0,24.2,91.0,33,0.53,4,200.0,730.0,0,Students
C04478,Tizi Ouzou,Prepaid,32,24.4,113.0,26,0.67,3,450.0,1320.0,0,Students
C04479,Setif,Postpaid,41,32.3,369.0,47,0.19,3,2400.0,6680.0,0,Premium
C04480,Annaba,Prepaid,17,11.7,183.0,17,0.55,2,350.0,760.0,0,Students
C04481,Oran,Prepaid,50,33.8,319.0,59,0.33,7,2900.0,18910.0,0,Premium
C04482,Blida,Prepaid,36,35.2,161.0,32,0.44,4,700.0,2570.0,0,Data lovers
C04483,Alger,Prepaid,4,26.7,43.0,40,0.47,3,550.0,1560.0,0,Students
C04484,Tizi Ouzou,Prepaid,32,5.2,572.0,46,0.13,3,850.0,2510.0,0,Talkers
C04485,Constantine,Prepaid,35,3.0,87.0,37,0.21,0,150.0,0.0,0,Low spenders
C04486,Tlemcen,Prepaid,5,2.4,548.0,71,0.13,2,550.0,1180.0,0,Talkers
C04487,Ouargla,Prepaid,37,4.4,57.0,0,0.11,1,200.0,200.0,0,Low spenders
C04488,Alger,Postpaid,31,2.1,26.0,7,0.1,0,400.0,0.0,0,Low spenders
C04489,Tizi Ouzou,Prepaid,52,1.4,404.0,38,0.14,2,600.0,1240.0,0,Talkers
C04490,Oran,Prepaid,45,40.7,115.0,29,0.44,6,650.0,4120.0,0,Data lovers
C04491,Constantine,Prepaid,32,2.6,479.0,89,0.25,2,350.0,650.0,0,Talkers
C04492,Setif,Prepaid,17,7.8,198.0,16,0.59,3,450.0,1340.0,0,Students
C04493,Constantine,Prepaid,34,43.1,96.0,30,0.41,5,850.0,4300.0,0,Data lovers
C04494,Ouargla,Prepaid,63,1.5,496.0,73,0.17,2,600.0,1170.0,0,Talkers
C04495,Oran,Prepaid,9,38.0,94.0,19,0.56,4,1300.0,5480.0,0,Data lovers
C04496,Alger,Prepaid,2,32.4,124.0,15,0.46,3,200.0,580.0,0,Students
C04497,Oran,Prepaid,30,3.0,491.0,49,0.17,4,550.0,2030.0,0,Talkers
C04498,Constantine,Prepaid,45,6.8,547.0,35,0.16,4,750.0,3210.0,0,Talkers
C04499,Tlemcen,Postpaid,35,37.3,510.0,65,0.26,4,2500.0,10350.0,0,Premium
C04500,Ouargla,Prepaid,23,2.2,107.0,5,0.27,1,100.0,110.0,0,Low spenders
C04501,Annaba,Prepaid,2,2.8,124.0,21,0.29,1,150.0,150.0,0,Low spenders
C04502,Batna,Prepaid,44,4.4,431.0,76,0.13,3,650.0,1760.0,0,Talkers
C04503,Tlemcen,Prepaid,34,30.3,192.0,31,0.28,4,950.0,3840.0,0,Data lovers
C04504,Ouargla,Prepaid,24,6.0,40.0,0,0.0,1,250.0,250.0,0,Low spenders
C04505,Tlemcen,Prepaid,10,3.2,14.0,14,0.24,1,200.0,210.0,0,Low spenders
C04506,Annaba,Prepaid,10,41.1,134.0,18,0.29,7,950.0,6210.0,0,Data lovers
C04507,Setif,Prepaid,14,4.7,389.0,48,0.19,3,850.0,2660.0,0,Talkers
C04508,Setif,Prepaid,22,3.4,34.0,6,0.17,1,150.0,140.0,0,Low spenders
C04509,Blida,Prepaid,12,5.6,141.0,1,0.23,1,150.0,160.0,0,Low spenders
C04510,Constantine,Prepaid,43,4.5,163.0,23,0.09,1,200.0,180.0,0,Low spenders
C04511,Batna,Prepaid,52,19.7,78.0,26,0.48,3,800.0,2580.0,0,Data lovers
C04512,Constantine,Prepaid,23,18.2,101.0,60,0.68,3,200.0,640.0,0,Students
C04513,Blida,Prepaid,36,25.0,57.0,12,0.5,4,500.0,1970.0,0,Data lovers
C04514,Ouargla,Prepaid,20,19.6,100.0,15,0.38,4,850.0,3340.0,0,Data lovers
C04515,Setif,Postpaid,16,3.9,104.0,24,0.06,1,150.0,160.0,0,Low spenders
C04516,Tlemcen,Prepaid,22,15.2,12.0,9,0.11,2,300.0,650.0,0,Low spenders
C04517,Alger,Postpaid,56,7.0,565.0,30,0.05,2,650.0,1400.0,0,Talkers
C04518,Blida,Prepaid,47,31.8,12.0,27,0.36,4,1100.0,4390.0,0,Data lovers
C04519,Annaba,Prepaid,0,1.9,67.0,9,0.28,2,200.0,370.0,0,Low spenders
C04520,Constantine,Prepaid,38,32.7,124.0,16,0.38,3,750.0,2160.0,0,Data lovers
C04521,Constantine,Prepaid,23,2.4,181.0,8,0.19,1,100.0,100.0,0,Low spenders
C04522,Oran,Prepaid,16,45.5,352.0,13,0.34,5,2600.0,14040.0,1,Premium
C04523,Oran,Prepaid,30,2.1,0.0,23,0.28,0,150.0,0.0,0,Low spenders
C04524,Blida,Prepaid,3,13.3,186.0,52,0.52,4,550.0,2160.0,0,Students
C04525,Constantine,Postpaid,12,4.2,129.0,18,0.32,1,100.0,100.0,0,Low spenders
C04526,Oran,Prepaid,33,31.1,74.0,1,0.36,3,900.0,2690.0,0,Data lovers
C04527,Ouargla,Postpaid,40,59.7,551.0,26,0.3,3,3150.0,8580.0,1,Premium
C04528,Annaba,Prepaid,29,0.0,124.0,24,0.18,1,150.0,140.0,0,Low spenders
C04529,Setif,Prepaid,32,28.8,79.0,24,0.37,4,500.0,1840.0,0,Data lovers
C04530,Setif,Prepaid,21,2.9,498.0,49,0.12,2,600.0,1220.0,0,Talkers
C04531,Batna,Postpaid,13,0.7,86.0,3,0.28,1,100.0,90.0,0,Low spenders
C04532,Tlemcen,Prepaid,8,22.1,200.0,46,0.57,3,400.0,1240.0,0,Students
C04533,Tizi Ouzou,Postpaid,15,24.2,154.0,49,0.38,2,450.0,910.0,0,Students
C04534,Blida,Prepaid,23,33.4,257.0,0,0.48,6,800.0,4790.0,0,Data lovers
C04535,Annaba,Prepaid,16,8.5,172.0,67,0.55,3,450.0,1470.0,0,Students
C04536,Oran,Prepaid,6,34.3,184.0,79,0.43,4,500.0,1960.0,0,Students
C04537,Alger,Postpaid,38,5.4,623.0,95,0.14,1,400.0,420.0,0,Talkers
C04538,Annaba,Prepaid,0,21.8,130.0,22,0.48,4,350.0,1390.0,0,Students
C04539,Oran,Prepaid,22,21.8,151.0,20,0.23,4,1450.0,5550.0,0,Data lovers
C04540,Alger,Prepaid,49,41.3,674.0,75,0.18,5,3250.0,16030.0,0,Premium
C04541,Tizi Ouzou,Prepaid,10,3.0,58.0,7,0.24,1,300.0,290.0,0,Low spenders
C04542,Batna,Prepaid,15,2.9,152.0,5,0.17,1,200.0,220.0,0,Low spenders
C04543,Tizi Ouzou,Prepaid,37,47.5,518.0,45,0.07,6,3200.0,18850.0,0,Premium
C04544,Alger,Prepaid,13,3.7,115.0,10,0.19,2,200.0,420.0,0,Low spenders
C04545,Batna,Prepaid,62,50.9,548.0,13,0.18,4,1600.0,6190.0,0,Premium
C04546,Constantine,Postpaid,8,23.5,107.0,39,0.64,3,400.0,1320.0,0,Students
C04547,Setif,Prepaid,13,22.3,86.0,87,0.63,2,450.0,810.0,0,Students
C04548,Blida,Prepaid,67,7.6,385.0,24,0.23,3,600.0,1810.0,0,Talkers
C04549,Ouargla,Postpaid,15,2.6,839.0,38,0.11,1,700.0,750.0,0,Talkers
C04550,Alger,Prepaid,7,15.2,30.0,41,0.59,2,300.0,560.0,0,Students
C04551,Annaba,Prepaid,40,31.3,21.0,8,0.32,4,850.0,3100.0,0,Data lovers
C04552,Annaba,Prepaid,17,1.9,115.0,3,0.28,0,150.0,0.0,0,Low spenders
C04553,Alger,Prepaid,7,2.9,120.0,12,0.23,1,200.0,190.0,0,Low spenders
C04554,Annaba,Prepaid,29,2.5,112.0,12,0.14,1,350.0,370.0,0,Low spenders
C04555,Ouargla,Prepaid,0,1.5,100.0,20,0.21,0,200.0,0.0,0,Low spenders
C04556,Alger,Postpaid,18,22.6,70.0,9,0.4,3,1100.0,3100.0,0,Data lovers
C04557,Annaba,Prepaid,30,2.2,108.0,11,0.22,1,200.0,190.0,0,Low spenders
C04558,Oran,Prepaid,48,2.6,129.0,32,0.14,1,100.0,90.0,0,Low spenders
C04559,Tizi Ouzou,Prepaid,22,23.8,131.0,6,0.41,6,850.0,4730.0,0,Data lovers
C04560,Tlemcen,Postpaid,7,13.0,71.0,17,0.32,5,850.0,4340.0,0,Data lovers
C04561,Batna,Prepaid,28,3.6,97.0,18,0.12,0,150.0,0.0,0,Low spenders
C04562,Setif,Prepaid,31,6.2,551.0,28,0.26,3,450.0,1400.0,0,Talkers
C04563,Setif,Postpaid,52,27.5,119.0,18,0.23,5,1250.0,6520.0,0,Data lovers
C04564,Alger,Prepaid,6,3.0,80.0,17,0.25,0,250.0,0.0,0,Low spenders
C04565,Tizi Ouzou,Prepaid,53,40.9,479.0,48,0.16,6,2600.0,16960.0,0,Premium
C04566,Constantine,Postpaid,32,38.3,92.0,15,0.38,5,700.0,3740.0,0,Data lovers
C04567,Setif,Postpaid,27,39.6,124.0,16,0.39,5,1200.0,6190.0,0,Data lovers
C04568,Tizi Ouzou,Prepaid,32,26.0,127.0,18,0.2,4,800.0,3310.0,0,Data lovers
C04569,Blida,Prepaid,27,4.1,67.0,21,0.09,1,100.0,110.0,0,Low spenders
C04570,Ouargla,Prepaid,68,5.9,715.0,67,0.13,3,700.0,2160.0,0,Talkers
C04571,Ouargla,Prepaid,2,14.6,126.0,43,0.48,3,450.0,1450.0,0,Students
C04572,Blida,Prepaid,14,27.0,194.0,45,0.5,2,500.0,1020.0,0,Students
C04573,Alger,Prepaid,7,3.0,83.0,13,0.16,2,200.0,400.0,0,Low spenders
C04574,Annaba,Prepaid,5,28.3,56.0,0,0.58,2,500.0,990.0,0,Students
C04575,Ouargla,Prepaid,33,5.1,349.0,48,0.12,1,700.0,710.0,0,Talkers
C04576,Blida,Postpaid,46,27.5,142.0,24,0.26,4,700.0,2750.0,1,Data lovers
C04577,Annaba,Prepaid,12,3.6,96.0,11,0.38,1,100.0,100.0,0,Low spenders
C04578,Oran,Prepaid,58,41.9,124.0,17,0.21,6,2100.0,13620.0,1,Premium
C04579,Tizi Ouzou,Prepaid,12,4.0,76.0,15,0.18,2,100.0,200.0,0,Low spenders
C04580,Tlemcen,Prepaid,14,12.3,134.0,39,0.55,3,300.0,990.0,0,Students
C04581,Batna,Prepaid,35,2.0,73.0,20,0.31,1,200.0,190.0,0,Low spenders
C04582,Alger,Prepaid,5,19.2,118.0,39,0.8,2,300.0,560.0,0,Students
C04583,Annaba,Prepaid,11,36.7,109.0,33,0.32,3,1150.0,3330.0,0,Data lovers
C04584,Ouargla,Prepaid,61,44.4,440.0,59,0.24,6,2100.0,11440.0,0,Premium
C04585,Constantine,Prepaid,33,0.0,83.0,12,0.14,1,150.0,160.0,0,Low spenders
C04586,Ouargla,Prepaid,11,1.7,126.0,10,0.23,0,200.0,0.0,0,Low spenders
C04587,Constantine,Postpaid,15,22.7,134.0,21,0.41,2,400.0,830.0,0,Students
C04588,Constantine,Prepaid,23,5.7,575.0,42,0.15,3,650.0,1770.0,0,Talkers
C04589,Setif,Prepaid,28,15.2,111.0,28,0.17,1,200.0,190.0,0,Low spenders
C04590,Alger,Prepaid,44,59.7,597.0,37,0.38,6,2950.0,18000.0,0,Premium
C04591,Annaba,Prepaid,0,31.4,74.0,50,0.55,1,250.0,260.0,0,Students
C04592,Batna,Prepaid,45,15.2,519.0,70,0.25,3,500.0,1450.0,0,Talkers
C04593,Setif,Prepaid,22,22.8,86.0,29,0.35,4,800.0,2970.0,0,Data lovers
C04594,Constantine,Prepaid,19,51.6,566.0,71,0.44,6,2000.0,11840.0,1,Premium
C04595,Oran,Postpaid,40,41.9,45.0,36,0.5,4,1100.0,4810.0,0,Data lovers
C04596,Constantine,Postpaid,17,14.1,72.0,27,0.62,2,300.0,650.0,0,Students
C04597,Oran,Prepaid,28,35.5,88.0,18,0.35,4,750.0,2980.0,0,Data lovers
C04598,Tizi Ouzou,Prepaid,6,1.4,147.0,16,0.18,1,250.0,240.0,0,Low spenders
C04599,Alger,Prepaid,26,15.2,112.0,31,0.23,1,100.0,100.0,0,Low spenders
C04600,Constantine,Postpaid,72,7.3,383.0,70,0.09,2,550.0,1100.0,0,Talkers
C04601,Setif,Prepaid,33,39.5,119.0,22,0.31,3,950.0,2910.0,0,Data lovers
C04602,Tizi Ouzou,Prepaid,12,6.0,36.0,28,0.0,1,200.0,190.0,0,Low spenders
C04603,Alger,Prepaid,47,3.8,672.0,59,0.23,3,500.0,1520.0,0,Talkers
C04604,Tizi Ouzou,Prepaid,0,3.0,115.0,17,0.09,1,250.0,260.0,0,Low spenders
C04605,Constantine,Prepaid,49,31.4,358.0,51,0.24,6,2700.0,15540.0,0,Premium
C04606,Oran,Prepaid,15,0.9,161.0,4,0.24,0,250.0,0.0,0,Low spenders
C04607,Tizi Ouzou,Postpaid,24,12.8,80.0,39,0.53,4,300.0,1210.0,0,Students
C04608,Constantine,Prepaid,44,4.8,601.0,25,0.07,4,800.0,3030.0,0,Talkers
C04609,Ouargla,Postpaid,6,24.9,77.0,30,0.44,2,300.0,620.0,0,Students
C04610,Tlemcen,Prepaid,10,25.9,137.0,39,0.69,2,450.0,820.0,0,Students
C04611,Tlemcen,Prepaid,33,4.1,124.0,39,0.14,3,400.0,1110.0,1,Talkers
C04612,Tlemcen,Postpaid,24,3.8,159.0,13,0.3,1,350.0,340.0,0,Low spenders
C04613,Alger,Postpaid,40,2.1,67.0,11,0.14,1,150.0,150.0,0,Low spenders
C04614,Constantine,Prepaid,14,4.4,46.0,10,0.22,2,100.0,180.0,0,Low spenders
C04615,Constantine,Prepaid,14,17.0,100.0,19,0.38,4,450.0,1960.0,0,Students
C04616,Alger,Prepaid,48,2.9,113.0,0,0.17,1,150.0,150.0,1,Low spenders
C04617,Constantine,Prepaid,29,2.7,550.0,88,0.21,4,550.0,2210.0,0,Talkers
C04618,Tizi Ouzou,Postpaid,0,0.6,70.0,17,0.24,1,200.0,190.0,0,Low spenders
C04619,Batna,Prepaid,25,21.2,135.0,67,0.44,5,500.0,2430.0,0,Students
C04620,Tizi Ouzou,Prepaid,0,27.4,140.0,46,0.63,2,300.0,550.0,0,Students
C04621,Alger,Prepaid,15,4.9,42.0,8,0.13,1,150.0,160.0,0,Low spenders
C04622,Batna,Prepaid,28,2.2,115.0,0,0.18,1,250.0,260.0,0,Low spenders
C04623,Ouargla,Prepaid,73,51.0,414.0,31,0.38,5,3300.0,16040.0,0,Premium
C04624,Setif,Prepaid,48,4.4,699.0,44,0.16,2,200.0,420.0,0,Talkers
C04625,Alger,Postpaid,9,16.2,115.0,64,0.6,1,500.0,530.0,0,Students
C04626,Setif,Prepaid,0,2.8,54.0,16,0.13,0,100.0,0.0,0,Low spenders
C04627,Oran,Prepaid,14,1.2,22.0,31,0.26,1,200.0,220.0,0,Low spenders
C04628,Blida,Prepaid,35,35.7,148.0,27,0.59,4,750.0,3160.0,0,Data lovers
C04629,Ouargla,Postpaid,46,0.0,808.0,48,0.08,3,500.0,1610.0,0,Talkers
C04630,Ouargla,Prepaid,6,12.0,155.0,52,0.42,4,350.0,1350.0,0,Students
C04631,Batna,Postpaid,15,3.9,70.0,17,0.12,0,200.0,0.0,0,Low spenders
C04632,Constantine,Prepaid,1,9.4,179.0,29,0.6,2,450.0,950.0,0,Students
C04633,Blida,Prepaid,31,55.1,258.0,11,0.12,5,2600.0,14120.0,0,Premium
C04634,Blida,Prepaid,24,37.2,84.0,15,0.48,3,700.0,2300.0,0,Data lovers
C04635,Batna,Prepaid,9,2.3,69.0,33,0.11,1,350.0,350.0,0,Low spenders
C04636,Alger,Prepaid,26,30.6,49.0,28,0.46,4,900.0,3360.0,0,Data lovers
C04637,Blida,Postpaid,25,29.4,153.0,8,0.43,5,800.0,3950.0,0,Data lovers
C04638,Ouargla,Prepaid,41,3.9,124.0,76,0.14,4,600.0,2480.0,0,Talkers
C04639,Setif,Prepaid,61,39.9,168.0,27,0.42,4,950.0,3440.0,0,Data lovers
C04640,Alger,Prepaid,43,3.0,626.0,39,0.21,3,550.0,1610.0,0,Talkers
C04641,Alger,Postpaid,15,24.2,116.0,16,0.59,3,700.0,1940.0,0,Data lovers
C04642,Constantine,Prepaid,27,4.7,126.0,15,0.2,1,0.0,0.0,0,Low spenders
C04643,Alger,Prepaid,29,29.8,71.0,23,0.57,4,950.0,4060.0,0,Data lovers
C04644,Setif,Prepaid,2,36.4,100.0,24,0.43,5,950.0,4690.0,0,Data lovers
C04645,Constantine,Prepaid,4,15.9,124.0,46,0.75,3,400.0,1300.0,0,Students
C04646,Ouargla,Prepaid,81,44.4,428.0,69,0.27,4,2400.0,9300.0,0,Premium
C04647,Ouargla,Prepaid,10,30.0,137.0,22,0.38,4,850.0,3090.0,0,Data lovers
C04648,Tlemcen,Prepaid,41,22.9,124.0,30,0.48,4,1000.0,4150.0,0,Data lovers
C04649,Batna,Prepaid,1,15.0,81.0,38,0.51,2,400.0,770.0,0,Students
C04650,Blida,Prepaid,11,23.7,151.0,55,0.4,2,400.0,740.0,0,Students
C04651,Alger,Prepaid,5,32.2,118.0,16,0.47,3,900.0,2920.0,0,Data lovers
C04652,Batna,Prepaid,6,12.1,167.0,26,0.46,5,350.0,1620.0,0,Students
C04653,Tizi Ouzou,Prepaid,12,22.8,116.0,74,0.62,4,100.0,420.0,0,Students
C04654,Blida,Prepaid,15,12.5,70.0,47,0.47,2,250.0,500.0,0,Students
C04655,Ouargla,Postpaid,0,34.7,91.0,25,0.43,4,700.0,2890.0,0,Data lovers
C04656,Constantine,Prepaid,22,20.6,89.0,13,0.24,4,650.0,2790.0,0,Data lovers
C04657,Tlemcen,Prepaid,26,39.8,57.0,13,0.47,4,750.0,2810.0,0,Data lovers
C04658,Tizi Ouzou,Prepaid,22,2.0,165.0,20,0.06,1,150.0,150.0,0,Low spenders
C04659,Ouargla,Prepaid,27,4.4,154.0,24,0.26,2,200.0,380.0,0,Low spenders
C04660,Alger,Prepaid,21,3.4,20.0,14,0.19,1,300.0,310.0,0,Low spenders
C04661,Tizi Ouzou,Prepaid,26,2.9,60.0,4,0.16,1,200.0,210.0,0,Low spenders
C04662,Alger,Prepaid,29,37.7,692.0,37,0.19,5,2000.0,10890.0,1,Premium
C04663,Ouargla,Prepaid,43,1.1,852.0,89,0.16,4,650.0,2630.0,0,Talkers
C04664,Batna,Postpaid,54,31.7,131.0,27,0.25,4,950.0,3790.0,0,Data lovers
C04665,Tizi Ouzou,Prepaid,24,3.2,123.0,16,0.34,1,250.0,260.0,0,Low spenders
C04666,Ouargla,Prepaid,42,15.2,71.0,12,0.3,5,500.0,2560.0,0,Data lovers
C04667,Alger,Prepaid,44,48.2,668.0,42,0.24,3,2450.0,6620.0,0,Premium
C04668,Annaba,Postpaid,72,46.2,124.0,23,0.22,4,2900.0,10740.0,0,Premium
C04669,Oran,Prepaid,13,20.5,231.0,71,0.5,3,400.0,1180.0,0,Students
C04670,Annaba,Prepaid,48,39.0,103.0,33,0.3,4,1050.0,4340.0,0,Data lovers
C04671,Annaba,Prepaid,58,3.5,829.0,73,0.06,2,550.0,1180.0,0,Talkers
C04672,Tlemcen,Prepaid,32,4.4,29.0,5,0.12,1,250.0,260.0,0,Low spenders
C04673,Ouargla,Prepaid,51,34.4,129.0,31,0.51,5,700.0,3690.0,0,Data lovers
C04674,Alger,Postpaid,20,24.8,97.0,25,0.4,2,1200.0,2430.0,1,Data lovers
C04675,Alger,Prepaid,2,15.2,45.0,8,0.04,1,200.0,210.0,0,Low spenders
C04676,Annaba,Prepaid,15,16.6,143.0,83,0.68,4,450.0,1940.0,0,Students
C04677,Batna,Prepaid,32,50.0,512.0,31,0.29,6,3250.0,21380.0,0,Premium
C04678,Oran,Prepaid,38,2.2,224.0,4,0.18,1,200.0,200.0,0,Low spenders
C04679,Setif,Prepaid,3,15.2,136.0,49,0.39,2,250.0,530.0,0,Students
C04680,Annaba,Prepaid,11,22.2,132.0,50,0.47,3,350.0,1110.0,0,Students
C04681,Ouargla,Prepaid,17,4.8,48.0,6,0.17,1,200.0,190.0,0,Low spenders
C04682,Annaba,Postpaid,19,24.1,25.0,0,0.31,3,250.0,760.0,0,Data lovers
C04683,Constantine,Prepaid,8,0.5,65.0,0,0.27,1,100.0,110.0,0,Low spenders
C04684,Tizi Ouzou,Prepaid,47,5.4,235.0,86,0.02,1,550.0,530.0,0,Talkers
C04685,Tizi Ouzou,Prepaid,24,24.0,107.0,22,0.36,3,600.0,1760.0,0,Data lovers
C04686,Tlemcen,Prepaid,32,3.9,161.0,19,0.33,1,300.0,280.0,0,Low spenders
C04687,Tlemcen,Prepaid,22,14.5,85.0,26,0.69,3,450.0,1280.0,0,Students
C04688,Setif,Prepaid,10,5.3,133.0,18,0.08,1,100.0,90.0,0,Low spenders
C04689,Constantine,Postpaid,38,38.5,38.0,27,0.39,6,700.0,4550.0,0,Data lovers
C04690,Annaba,Prepaid,18,15.8,46.0,56,0.43,3,550.0,1490.0,0,Students
C04691,Alger,Prepaid,28,4.5,563.0,80,0.18,4,500.0,2120.0,0,Talkers
C04692,Annaba,Postpaid,0,2.7,55.0,15,0.35,1,250.0,230.0,0,Low spenders
C04693,Batna,Prepaid,34,38.0,74.0,36,0.31,5,1100.0,6030.0,0,Data lovers
C04694,Annaba,Prepaid,30,1.6,85.0,0,0.26,0,200.0,0.0,0,Low spenders
C04695,Tizi Ouzou,Prepaid,50,1.6,295.0,48,0.21,2,500.0,1080.0,0,Talkers
C04696,Oran,Prepaid,19,0.7,165.0,27,0.18,1,200.0,200.0,0,Low spenders
C04697,Blida,Prepaid,32,15.3,181.0,27,0.49,3,300.0,970.0,0,Students
C04698,Constantine,Postpaid,75,35.6,618.0,61,0.19,5,2150.0,10040.0,1,Premium
C04699,Ouargla,Postpaid,32,4.0,112.0,20,0.28,1,350.0,370.0,0,Low spenders
C04700,Oran,Prepaid,54,3.9,956.0,85,0.14,4,650.0,2580.0,0,Talkers
C04701,Tizi Ouzou,Prepaid,25,22.1,128.0,17,0.3,3,850.0,2420.0,0,Data lovers
C04702,Oran,Prepaid,68,2.6,794.0,49,0.22,4,450.0,1740.0,0,Talkers
C04703,Setif,Prepaid,19,3.8,361.0,63,0.16,3,450.0,1240.0,0,Talkers
C04704,Setif,Prepaid,22,38.3,128.0,22,0.4,4,1000.0,3770.0,0,Data lovers
C04705,Batna,Postpaid,12,0.2,71.0,24,0.25,2,250.0,540.0,0,Low spenders
C04706,Annaba,Prepaid,7,4.8,79.0,5,0.26,1,250.0,260.0,0,Low spenders
C04707,Tlemcen,Prepaid,23,27.0,178.0,31,0.47,3,400.0,1090.0,0,Students
C04708,Setif,Prepaid,33,2.1,161.0,28,0.29,1,200.0,190.0,0,Low spenders
C04709,Constantine,Prepaid,42,24.5,88.0,8,0.3,3,850.0,2590.0,0,Data lovers
C04710,Alger,Prepaid,26,3.3,130.0,15,0.24,0,250.0,0.0,0,Low spenders
C04711,Batna,Postpaid,23,35.3,59.0,24,0.34,2,1000.0,2010.0,0,Data lovers
C04712,Tizi Ouzou,Prepaid,41,38.3,124.0,26,0.5,5,800.0,4370.0,1,Data lovers
C04713,Tlemcen,Prepaid,27,29.6,117.0,35,0.46,5,900.0,4460.0,0,Data lovers
C04714,Batna,Prepaid,11,29.4,177.0,2,0.59,4,500.0,2190.0,0,Students
C04715,Batna,Prepaid,18,41.1,48.0,22,0.27,4,900.0,3390.0,0,Data lovers
C04716,Setif,Prepaid,10,17.3,105.0,78,0.63,4,350.0,1350.0,0,Students
C04717,Oran,Prepaid,22,28.4,208.0,22,0.37,5,750.0,3890.0,0,Data lovers
C04718,Oran,Prepaid,16,15.2,30.0,26,0.06,1,250.0,240.0,0,Low spenders
C04719,Blida,Prepaid,0,23.1,137.0,48,0.5,3,600.0,1920.0,0,Students
C04720,Tlemcen,Prepaid,42,27.4,109.0,28,0.4,4,800.0,3360.0,0,Data lovers
C04721,Constantine,Prepaid,9,2.4,34.0,18,0.26,0,200.0,0.0,0,Low spenders
C04722,Tlemcen,Prepaid,3,16.0,149.0,21,0.62,3,400.0,1110.0,0,Students
C04723,Blida,Prepaid,35,21.2,136.0,17,0.35,2,550.0,1140.0,0,Data lovers
C04724,Tlemcen,Postpaid,3,2.0,90.0,17,0.29,1,250.0,270.0,0,Low spenders
C04725,Batna,Prepaid,53,7.5,619.0,46,0.16,2,650.0,1350.0,0,Talkers
C04726,Ouargla,Prepaid,15,41.5,107.0,26,0.49,4,1100.0,4500.0,0,Data lovers
C04727,Constantine,Prepaid,15,29.1,103.0,10,0.19,4,1250.0,5190.0,0,Data lovers
C04728,Tlemcen,Prepaid,23,1.7,18.0,13,0.24,1,300.0,300.0,0,Low spenders
C04729,Tlemcen,Prepaid,0,25.2,158.0,38,0.48,4,450.0,1960.0,0,Students
C04730,Tizi Ouzou,Prepaid,8,25.3,117.0,14,0.47,3,1050.0,3210.0,0,Data lovers
C04731,Tlemcen,Prepaid,27,3.6,77.0,17,0.27,1,100.0,100.0,0,Low spenders
C04732,Ouargla,Prepaid,7,21.2,63.0,46,0.57,3,500.0,1510.0,0,Students
C04733,Ouargla,Prepaid,37,30.0,53.0,20,0.61,5,1200.0,6470.0,0,Data lovers
C04734,Blida,Prepaid,46,35.2,100.0,22,0.29,5,600.0,3000.0,0,Data lovers
C04735,Tizi Ouzou,Prepaid,22,4.1,123.0,5,0.14,0,250.0,0.0,0,Low spenders
C04736,Tizi Ouzou,Prepaid,6,1.4,49.0,29,0.15,1,300.0,270.0,0,Low spenders
C04737,Batna,Postpaid,43,42.9,96.0,25,0.34,3,600.0,1770.0,0,Data lovers
C04738,Tizi Ouzou,Prepaid,16,5.6,102.0,36,0.29,1,250.0,230.0,0,Low spenders
C04739,Constantine,Prepaid,57,4.4,658.0,65,0.13,4,550.0,2290.0,0,Talkers
C04740,Oran,Postpaid,43,34.2,113.0,7,0.36,4,1300.0,4910.0,1,Data lovers
C04741,Alger,Prepaid,8,3.0,52.0,0,0.25,0,250.0,0.0,0,Low spenders
C04742,Setif,Prepaid,15,11.8,76.0,42,0.59,3,450.0,1280.0,0,Students
C04743,Tizi Ouzou,Postpaid,29,22.3,0.0,26,0.45,2,700.0,1540.0,0,Data lovers
C04744,Ouargla,Prepaid,6,22.8,69.0,57,0.43,1,500.0,540.0,0,Students
C04745,Setif,Postpaid,24,15.2,74.0,12,0.24,1,150.0,150.0,0,Low spenders
C04746,Tlemcen,Prepaid,10,14.2,73.0,37,0.5,4,500.0,2130.0,0,Students
C04747,Annaba,Prepaid,7,16.2,81.0,48,0.57,2,300.0,650.0,0,Students
C04748,Setif,Prepaid,4,23.9,19.0,17,0.33,3,300.0,860.0,0,Students
C04749,Batna,Prepaid,17,35.5,93.0,17,0.37,4,1000.0,4310.0,0,Data lovers
C04750,Blida,Prepaid,33,2.4,727.0,99,0.1,4,500.0,1910.0,0,Talkers
C04751,Annaba,Prepaid,34,52.0,626.0,43,0.29,5,2650.0,12460.0,0,Premium
C04752,Annaba,Prepaid,43,6.1,502.0,64,0.03,3,400.0,1150.0,0,Talkers
C04753,Setif,Prepaid,17,15.4,191.0,23,0.53,2,250.0,470.0,0,Students
C04754,Tizi Ouzou,Prepaid,15,40.6,53.0,6,0.43,4,1150.0,4750.0,0,Data lovers
C04755,Tlemcen,Prepaid,21,14.7,123.0,62,0.43,3,200.0,540.0,0,Students
C04756,Tlemcen,Prepaid,35,41.9,144.0,34,0.39,4,1100.0,3980.0,0,Data lovers
C04757,Annaba,Prepaid,31,41.2,566.0,0,0.33,5,2500.0,12260.0,0,Premium
C04758,Annaba,Prepaid,20,1.5,95.0,0,0.24,1,200.0,200.0,0,Low spenders
C04759,Ouargla,Prepaid,9,3.0,47.0,22,0.1,1,250.0,250.0,0,Low spenders
C04760,Tizi Ouzou,Prepaid,20,42.5,460.0,28,0.23,5,2200.0,11640.0,1,Premium
C04761,Setif,Prepaid,19,19.8,88.0,31,0.64,2,450.0,920.0,0,Students
C04762,Batna,Prepaid,25,3.8,68.0,12,0.08,1,300.0,270.0,0,Low spenders
C04763,Ouargla,Prepaid,15,6.2,231.0,78,0.13,2,500.0,980.0,0,Talkers
C04764,Constantine,Prepaid,30,19.1,148.0,19,0.32,3,1100.0,3410.0,0,Data lovers
C04765,Setif,Prepaid,24,3.2,31.0,13,0.12,1,100.0,100.0,0,Low spenders
C04766,Blida,Prepaid,26,3.2,105.0,15,0.17,1,200.0,200.0,0,Low spenders
C04767,Batna,Prepaid,45,30.0,94.0,25,0.25,3,750.0,2240.0,0,Data lovers
C04768,Ouargla,Postpaid,35,29.8,417.0,82,0.26,4,2550.0,10800.0,0,Premium
C04769,Blida,Prepaid,2,22.7,83.0,52,0.56,2,250.0,500.0,0,Students
C04770,Tizi Ouzou,Postpaid,27,7.7,927.0,47,0.06,2,600.0,1260.0,0,Talkers
C04771,Tlemcen,Postpaid,24,4.4,543.0,57,0.16,3,450.0,1400.0,0,Talkers
C04772,Ouargla,Prepaid,32,18.5,68.0,39,0.44,5,350.0,1860.0,0,Students
C04773,Blida,Prepaid,23,23.4,151.0,51,0.36,4,450.0,1710.0,0,Students
C04774,Batna,Prepaid,44,35.5,514.0,56,0.27,3,1750.0,4870.0,1,Premium
C04775,Setif,Prepaid,51,5.5,584.0,54,0.14,3,750.0,2380.0,0,Talkers
C04776,Blida,Prepaid,11,2.8,136.0,5,0.29,1,300.0,310.0,0,Low spenders
C04777,Tizi Ouzou,Prepaid,13,25.1,124.0,27,0.68,3,350.0,1110.0,0,Students
C04778,Tlemcen,Prepaid,55,43.4,106.0,26,0.47,3,1050.0,3040.0,0,Data lovers
C04779,Annaba,Prepaid,26,1.4,38.0,4,0.21,1,100.0,100.0,0,Low spenders
C04780,Batna,Prepaid,25,3.8,589.0,48,0.13,4,850.0,3490.0,0,Talkers
C04781,Oran,Postpaid,18,3.0,114.0,14,0.22,1,300.0,290.0,0,Low spenders
C04782,Annaba,Postpaid,41,4.6,551.0,47,0.15,3,650.0,1830.0,0,Talkers
C04783,Setif,Prepaid,12,9.8,169.0,36,0.43,1,400.0,430.0,0,Students
C04784,Setif,Prepaid,22,3.4,94.0,0,0.21,1,200.0,190.0,0,Low spenders
C04785,Setif,Prepaid,6,14.2,168.0,16,0.65,3,500.0,1490.0,0,Students
C04786,Oran,Prepaid,47,50.2,530.0,47,0.23,5,2350.0,12700.0,1,Premium
C04787,Alger,Prepaid,22,6.8,370.0,78,0.07,5,600.0,2750.0,0,Talkers
C04788,Constantine,Prepaid,63,45.1,380.0,76,0.24,5,2500.0,13120.0,0,Premium
C04789,Blida,Prepaid,20,17.1,93.0,53,0.57,4,200.0,830.0,0,Students
C04790,Annaba,Prepaid,50,36.2,86.0,21,0.45,4,900.0,3910.0,0,Data lovers
C04791,Blida,Prepaid,0,24.3,136.0,10,0.43,3,700.0,2190.0,0,Data lovers
C04792,Ouargla,Prepaid,32,4.2,46.0,8,0.22,0,150.0,0.0,0,Low spenders
C04793,Annaba,Postpaid,10,17.0,151.0,4,0.59,3,350.0,1060.0,0,Students
C04794,Constantine,Prepaid,31,2.4,550.0,47,0.14,5,650.0,3450.0,0,Talkers
C04795,Tizi Ouzou,Prepaid,14,17.3,128.0,43,0.38,2,350.0,670.0,0,Students
C04796,Constantine,Prepaid,12,27.7,96.0,32,0.57,3,400.0,1140.0,0,Students
C04797,Setif,Postpaid,37,6.2,57.0,9,0.12,1,100.0,100.0,0,Low spenders
C04798,Setif,Prepaid,43,5.2,894.0,87,0.1,3,350.0,1010.0,0,Talkers
C04799,Ouargla,Prepaid,17,4.3,124.0,34,0.35,1,200.0,200.0,0,Low spenders
C04800,Ouargla,Prepaid,55,37.6,55.0,35,0.33,7,950.0,6200.0,0,Data lovers
C04801,Constantine,Prepaid,56,3.1,589.0,69,0.11,4,800.0,3350.0,0,Talkers
C04802,Constantine,Prepaid,60,2.2,684.0,81,0.19,3,600.0,1940.0,0,Talkers
C04803,Tlemcen,Prepaid,7,1.3,32.0,14,0.21,1,300.0,290.0,0,Low spenders
C04804,Constantine,Prepaid,27,3.7,90.0,0,0.26,1,50.0,50.0,0,Low spenders
C04805,Tizi Ouzou,Postpaid,11,19.2,85.0,34,0.39,4,550.0,2340.0,0,Data lovers
C04806,Annaba,Prepaid,33,1.7,124.0,29,0.08,4,700.0,2830.0,0,Talkers
C04807,Constantine,Prepaid,49,2.5,251.0,24,0.16,3,650.0,2060.0,0,Talkers
C04808,Constantine,Prepaid,18,3.5,59.0,33,0.17,1,50.0,50.0,0,Low spenders
C04809,Batna,Postpaid,28,31.1,113.0,29,0.33,3,750.0,2160.0,0,Data lovers
C04810,Ouargla,Prepaid,45,8.3,908.0,51,0.07,3,400.0,1210.0,0,Talkers
C04811,Ouargla,Postpaid,25,4.7,70.0,7,0.11,1,150.0,150.0,0,Low spenders
C04812,Batna,Prepaid,17,0.6,108.0,7,0.18,0,400.0,0.0,0,Low spenders
C04813,Oran,Postpaid,5,31.8,131.0,28,0.42,3,250.0,770.0,0,Students
C04814,Annaba,Postpaid,8,22.0,109.0,9,0.36,4,850.0,3390.0,0,Data lovers
C04815,Batna,Prepaid,29,3.7,86.0,23,0.09,1,150.0,140.0,0,Low spenders
C04816,Tlemcen,Prepaid,3,15.2,118.0,26,0.49,3,1100.0,3510.0,0,Data lovers
C04817,Ouargla,Postpaid,52,44.5,389.0,44,0.26,5,1750.0,8930.0,0,Premium
C04818,Alger,Prepaid,59,3.9,519.0,19,0.06,2,300.0,610.0,0,Talkers
C04819,Ouargla,Prepaid,32,34.7,48.0,24,0.37,4,600.0,2350.0,0,Data lovers
C04820,Annaba,Prepaid,28,0.5,117.0,11,0.44,1,200.0,190.0,0,Low spenders
C04821,Tlemcen,Postpaid,44,2.9,56.0,1,0.29,1,250.0,250.0,0,Low spenders
C04822,Alger,Postpaid,13,0.0,184.0,75,0.67,1,450.0,450.0,0,Students
C04823,Ouargla,Prepaid,29,27.9,65.0,16,0.46,4,1050.0,4540.0,0,Data lovers
C04824,Tizi Ouzou,Prepaid,17,17.7,65.0,50,0.46,2,450.0,830.0,0,Students
C04825,Setif,Prepaid,15,35.8,104.0,34,0.7,4,550.0,2240.0,0,Students
C04826,Setif,Prepaid,19,3.6,100.0,16,0.21,1,200.0,200.0,0,Low spenders
C04827,Constantine,Prepaid,46,31.9,180.0,42,0.41,3,750.0,2080.0,0,Data lovers
C04828,Alger,Prepaid,55,49.0,476.0,70,0.27,8,2400.0,19260.0,0,Premium
C04829,Annaba,Prepaid,48,3.2,619.0,32,0.22,4,700.0,2530.0,0,Talkers
C04830,Ouargla,Prepaid,16,3.5,51.0,2,0.34,0,250.0,0.0,0,Low spenders
C04831,Constantine,Prepaid,40,2.8,720.0,24,0.21,4,550.0,2320.0,0,Talkers
C04832,Constantine,Prepaid,7,1.9,60.0,6,0.22,2,150.0,300.0,0,Low spenders
C04833,Batna,Prepaid,51,20.5,76.0,9,0.26,5,1350.0,7160.0,1,Data lovers
C04834,Constantine,Prepaid,14,25.8,203.0,17,0.56,3,500.0,1360.0,0,Students
C04835,Oran,Postpaid,19,26.3,80.0,52,0.6,2,450.0,980.0,0,Students
C04836,Blida,Prepaid,69,6.3,780.0,60,0.2,2,800.0,1470.0,0,Talkers
C04837,Setif,Prepaid,44,39.0,85.0,25,0.39,4,1350.0,4970.0,0,Data lovers
C04838,Tizi Ouzou,Prepaid,23,29.6,154.0,34,0.54,4,350.0,1370.0,0,Students
C04839,Tlemcen,Prepaid,24,4.5,75.0,23,0.12,0,250.0,0.0,0,Low spenders
C04840,Alger,Prepaid,19,45.0,255.0,34,0.3,7,2900.0,21560.0,1,Premium
C04841,Tlemcen,Postpaid,50,5.3,643.0,42,0.2,4,700.0,2690.0,0,Talkers
C04842,Tlemcen,Prepaid,5,4.4,117.0,18,0.21,1,350.0,350.0,0,Low spenders
C04843,Batna,Prepaid,50,57.7,582.0,62,0.34,5,3150.0,16050.0,0,Premium
C04844,Tizi Ouzou,Prepaid,42,3.4,589.0,85,0.12,2,600.0,1240.0,0,Talkers
C04845,Tlemcen,Postpaid,12,24.0,225.0,35,0.46,4,400.0,1440.0,0,Students
C04846,Blida,Prepaid,23,5.0,671.0,50,0.21,3,450.0,1300.0,0,Talkers
C04847,Alger,Prepaid,55,59.7,480.0,40,0.19,6,2050.0,12480.0,0,Premium
C04848,Setif,Prepaid,0,4.1,59.0,3,0.18,0,100.0,0.0,0,Low spenders
C04849,Alger,Prepaid,22,15.3,228.0,38,0.61,3,200.0,650.0,0,Students
C04850,Tizi Ouzou,Prepaid,72,15.2,467.0,61,0.24,4,3200.0,13420.0,0,Premium
C04851,Setif,Prepaid,29,2.1,53.0,2,0.33,1,250.0,240.0,0,Low spenders
C04852,Annaba,Prepaid,49,2.8,441.0,47,0.17,3,500.0,1570.0,0,Talkers
C04853,Tlemcen,Postpaid,22,34.0,72.0,0,0.25,5,900.0,4910.0,0,Data lovers
C04854,Oran,Prepaid,25,22.8,142.0,28,0.57,3,500.0,1620.0,0,Students
C04855,Blida,Prepaid,39,36.6,455.0,46,0.25,4,2250.0,8590.0,1,Premium
C04856,Constantine,Prepaid,2,14.8,62.0,56,0.69,3,400.0,1310.0,0,Students
C04857,Constantine,Prepaid,18,28.4,89.0,45,0.46,3,500.0,1450.0,0,Students
C04858,Alger,Prepaid,55,31.8,118.0,27,0.59,4,950.0,4150.0,0,Data lovers
C04859,Annaba,Postpaid,51,5.6,601.0,55,0.1,1,600.0,610.0,0,Talkers
C04860,Batna,Prepaid,20,5.1,4.0,2,0.15,2,150.0,290.0,0,Low spenders
C04861,Blida,Prepaid,20,13.6,189.0,30,0.52,3,350.0,1150.0,0,Students
C04862,Blida,Prepaid,43,4.1,836.0,94,0.2,3,250.0,770.0,0,Talkers
C04863,Tlemcen,Prepaid,41,1.4,592.0,106,0.06,3,750.0,2380.0,0,Talkers
C04864,Batna,Postpaid,13,6.0,153.0,24,0.1,2,100.0,190.0,0,Low spenders
C04865,Tlemcen,Prepaid,43,2.4,484.0,46,0.21,3,450.0,1450.0,0,Talkers
C04866,Ouargla,Prepaid,41,4.2,522.0,34,0.15,4,600.0,2270.0,0,Talkers
C04867,Ouargla,Prepaid,34,5.8,436.0,51,0.16,3,450.0,1470.0,0,Talkers
C04868,Blida,Prepaid,13,29.4,169.0,44,0.5,6,350.0,2230.0,0,Students
C04869,Constantine,Prepaid,13,12.0,114.0,66,0.54,3,450.0,1280.0,0,Students
C04870,Constantine,Prepaid,39,46.2,440.0,26,0.2,4,3050.0,13180.0,0,Premium
C04871,Setif,Prepaid,25,3.8,91.0,18,0.12,1,250.0,230.0,0,Low spenders
C04872,Blida,Prepaid,11,3.0,148.0,21,0.24,0,100.0,0.0,0,Low spenders
C04873,Annaba,Prepaid,64,3.1,591.0,45,0.12,3,750.0,2230.0,0,Talkers
C04874,Constantine,Prepaid,21,4.3,52.0,20,0.19,0,400.0,0.0,0,Low spenders
C04875,Oran,Postpaid,25,0.1,111.0,29,0.19,1,150.0,150.0,0,Low spenders
C04876,Constantine,Prepaid,9,2.8,40.0,25,0.09,1,250.0,270.0,0,Low spenders
C04877,Tlemcen,Prepaid,10,4.2,135.0,11,0.14,1,250.0,260.0,0,Low spenders
C04878,Ouargla,Prepaid,40,5.0,795.0,63,0.11,6,850.0,5490.0,0,Talkers
C04879,Annaba,Prepaid,24,37.1,48.0,16,0.46,3,1150.0,3670.0,0,Data lovers
C04880,Ouargla,Prepaid,17,22.7,153.0,45,0.6,3,400.0,1150.0,0,Students
C04881,Tlemcen,Prepaid,19,4.2,180.0,17,0.2,1,200.0,210.0,0,Low spenders
C04882,Setif,Prepaid,3,8.5,834.0,42,0.1,4,550.0,2340.0,0,Talkers
C04883,Setif,Prepaid,48,4.5,738.0,20,0.14,4,200.0,770.0,0,Talkers
C04884,Oran,Postpaid,13,13.4,152.0,78,0.63,4,300.0,1210.0,0,Students
C04885,Constantine,Prepaid,25,37.2,124.0,24,0.47,2,1100.0,2400.0,0,Data lovers
C04886,Alger,Postpaid,18,3.9,74.0,23,0.21,1,150.0,160.0,0,Low spenders
C04887,Oran,Prepaid,57,22.0,46.0,15,0.22,3,800.0,2380.0,0,Data lovers
C04888,Alger,Prepaid,26,4.8,639.0,56,0.14,3,900.0,2680.0,0,Talkers
C04889,Tlemcen,Prepaid,38,36.0,106.0,19,0.52,3,1200.0,3280.0,0,Data lovers
C04890,Tlemcen,Prepaid,25,26.5,149.0,69,0.56,2,500.0,1090.0,0,Students
C04891,Tizi Ouzou,Prepaid,27,49.3,97.0,15,0.34,4,800.0,3170.0,0,Data lovers
C04892,Batna,Prepaid,3,14.7,117.0,57,0.58,4,550.0,2340.0,0,Students
C04893,Ouargla,Prepaid,9,24.8,83.0,22,0.42,4,850.0,3540.0,0,Data lovers
C04894,Annaba,Prepaid,39,35.3,27.0,9,0.2,4,1100.0,4640.0,0,Data lovers
C04895,Alger,Prepaid,60,43.9,516.0,34,0.18,5,2500.0,13370.0,0,Premium
C04896,Blida,Prepaid,12,3.7,101.0,5,0.07,0,50.0,0.0,0,Low spenders
C04897,Setif,Prepaid,37,2.3,394.0,53,0.23,3,600.0,1940.0,0,Talkers
C04898,Setif,Prepaid,0,4.6,65.0,5,0.17,0,300.0,0.0,0,Low spenders
C04899,Annaba,Prepaid,22,3.5,88.0,0,0.14,2,300.0,580.0,0,Low spenders
C04900,Oran,Postpaid,23,15.2,144.0,19,0.52,4,1050.0,4200.0,0,Data lovers
C04901,Constantine,Prepaid,45,34.9,457.0,57,0.09,5,1900.0,9120.0,0,Premium
C04902,Setif,Postpaid,35,2.5,72.0,5,0.26,1,200.0,210.0,0,Low spenders
C04903,Setif,Postpaid,7,28.7,119.0,43,0.62,4,300.0,1270.0,0,Students
C04904,Alger,Postpaid,30,3.1,47.0,18,0.25,1,300.0,320.0,0,Low spenders
C04905,Blida,Prepaid,14,30.8,136.0,56,0.67,3,550.0,1770.0,0,Students
C04906,Setif,Prepaid,35,15.2,115.0,25,0.37,4,1100.0,4440.0,0,Data lovers
C04907,Batna,Prepaid,9,3.9,37.0,0,0.27,1,250.0,230.0,0,Low spenders
C04908,Blida,Prepaid,30,3.8,124.0,11,0.09,1,50.0,50.0,0,Low spenders
C04909,Tizi Ouzou,Prepaid,58,37.6,686.0,68,0.13,6,2900.0,18600.0,0,Premium
C04910,Ouargla,Prepaid,22,21.4,121.0,32,0.65,3,300.0,830.0,0,Students
C04911,Blida,Postpaid,19,19.5,186.0,52,0.39,2,450.0,950.0,0,Students
C04912,Alger,Prepaid,37,41.3,15.0,36,0.42,6,1100.0,6930.0,0,Data lovers
C04913,Tlemcen,Prepaid,32,4.6,557.0,59,0.12,3,550.0,1640.0,0,Talkers
C04914,Tlemcen,Postpaid,26,15.2,54.0,32,0.03,1,100.0,90.0,0,Low spenders
C04915,Setif,Prepaid,19,1.2,726.0,67,0.12,2,600.0,1140.0,0,Talkers
C04916,Constantine,Prepaid,13,4.8,80.0,0,0.18,1,150.0,140.0,0,Low spenders
C04917,Alger,Prepaid,42,30.1,64.0,7,0.47,5,950.0,5110.0,0,Data lovers
C04918,Constantine,Postpaid,39,43.5,747.0,67,0.22,5,2100.0,11520.0,0,Premium
C04919,Blida,Prepaid,34,6.9,553.0,102,0.18,2,800.0,1580.0,0,Talkers
C04920,Tlemcen,Prepaid,31,30.6,103.0,14,0.36,2,1250.0,2280.0,0,Data lovers
C04921,Tizi Ouzou,Prepaid,18,36.8,93.0,37,0.34,4,1000.0,3950.0,0,Data lovers
C04922,Tizi Ouzou,Prepaid,5,29.6,116.0,40,0.5,3,350.0,1040.0,0,Students
C04923,Tizi Ouzou,Prepaid,46,59.7,490.0,74,0.11,5,2550.0,12790.0,1,Premium
C04924,Batna,Prepaid,14,25.4,146.0,36,0.74,3,300.0,920.0,0,Students
C04925,Alger,Prepaid,7,21.3,67.0,21,0.27,5,900.0,4680.0,0,Data lovers
C04926,Constantine,Prepaid,30,35.7,120.0,31,0.32,4,1050.0,4600.0,0,Data lovers
C04927,Ouargla,Prepaid,25,27.1,165.0,21,0.32,4,900.0,3850.0,0,Data lovers
C04928,Setif,Prepaid,20,15.8,68.0,8,0.62,5,700.0,3540.0,0,Data lovers
C04929,Tizi Ouzou,Postpaid,27,4.9,723.0,87,0.17,3,550.0,1540.0,0,Talkers
C04930,Alger,Postpaid,59,59.7,324.0,55,0.3,5,2800.0,13350.0,0,Premium
C04931,Setif,Prepaid,11,7.8,126.0,23,0.3,2,300.0,590.0,0,Students
C04932,Alger,Prepaid,19,3.8,53.0,1,0.13,1,150.0,140.0,0,Low spenders
C04933,Tizi Ouzou,Prepaid,14,32.0,106.0,49,0.51,4,350.0,1390.0,0,Students
C04934,Batna,Prepaid,26,30.8,177.0,17,0.42,3,1050.0,3350.0,0,Data lovers
C04935,Batna,Prepaid,57,4.2,663.0,61,0.15,2,350.0,730.0,0,Talkers
C04936,Tlemcen,Prepaid,9,20.0,167.0,44,0.54,2,350.0,650.0,0,Students
C04937,Constantine,Prepaid,42,34.4,64.0,22,0.19,4,950.0,3810.0,0,Data lovers
C04938,Alger,Prepaid,1,28.6,124.0,25,0.46,3,350.0,1130.0,0,Students
C04939,Constantine,Prepaid,34,7.3,612.0,43,0.16,4,450.0,1620.0,0,Talkers
C04940,Batna,Postpaid,38,45.9,495.0,71,0.35,5,2850.0,12850.0,0,Premium
C04941,Setif,Prepaid,23,2.4,128.0,27,0.24,0,200.0,0.0,0,Low spenders
C04942,Blida,Prepaid,12,2.5,85.0,10,0.15,1,150.0,150.0,0,Low spenders
C04943,Batna,Prepaid,21,26.1,0.0,10,0.44,4,950.0,3550.0,0,Data lovers
C04944,Oran,Postpaid,30,1.8,24.0,21,0.17,1,300.0,320.0,0,Low spenders
C04945,Annaba,Prepaid,38,56.5,636.0,71,0.25,5,2700.0,13230.0,0,Premium
C04946,Annaba,Prepaid,23,0.8,721.0,69,0.14,4,400.0,1610.0,0,Talkers
C04947,Ouargla,Prepaid,32,2.6,503.0,59,0.18,3,800.0,2490.0,0,Talkers
C04948,Tizi Ouzou,Prepaid,33,5.3,82.0,26,0.26,1,200.0,200.0,0,Low spenders
C04949,Tlemcen,Prepaid,42,23.7,83.0,25,0.47,3,800.0,2480.0,0,Data lovers
C04950,Alger,Prepaid,12,13.1,153.0,39,0.61,2,450.0,950.0,0,Students
C04951,Blida,Prepaid,6,31.5,154.0,31,0.27,4,1000.0,4250.0,0,Data lovers
C04952,Oran,Prepaid,26,4.6,104.0,25,0.13,1,300.0,270.0,0,Low spenders
C04953,Alger,Prepaid,64,4.6,476.0,31,0.16,3,550.0,1690.0,0,Talkers
C04954,Ouargla,Postpaid,50,2.7,568.0,38,0.21,3,900.0,2820.0,0,Talkers
C04955,Batna,Postpaid,12,5.4,85.0,51,0.25,1,150.0,160.0,0,Low spenders
C04956,Constantine,Prepaid,15,4.4,53.0,0,0.08,1,350.0,360.0,0,Low spenders
C04957,Annaba,Prepaid,26,4.8,800.0,73,0.18,2,450.0,920.0,0,Talkers
C04958,Constantine,Prepaid,28,59.7,119.0,15,0.32,3,850.0,2630.0,0,Data lovers
C04959,Tizi Ouzou,Prepaid,54,1.0,625.0,81,0.15,3,450.0,1390.0,0,Talkers
C04960,Annaba,Prepaid,23,3.5,70.0,16,0.2,2,200.0,410.0,0,Low spenders
C04961,Annaba,Prepaid,41,24.8,72.0,0,0.38,3,400.0,1250.0,0,Data lovers
C04962,Setif,Prepaid,13,1.7,5.0,34,0.24,1,250.0,260.0,0,Low spenders
C04963,Tlemcen,Prepaid,27,4.0,92.0,6,0.2,2,250.0,510.0,0,Low spenders
C04964,Tlemcen,Prepaid,0,27.9,72.0,11,0.34,3,1050.0,3000.0,0,Data lovers
C04965,Batna,Prepaid,54,29.3,514.0,63,0.33,3,2750.0,7900.0,1,Premium
C04966,Batna,Prepaid,28,50.1,594.0,31,0.27,5,2650.0,14310.0,0,Premium
C04967,Tizi Ouzou,Prepaid,31,1.9,60.0,24,0.13,0,150.0,0.0,0,Low spenders
C04968,Alger,Prepaid,52,5.9,603.0,47,0.13,4,800.0,3040.0,0,Talkers
C04969,Tlemcen,Prepaid,45,1.7,561.0,64,0.15,1,650.0,630.0,0,Talkers
C04970,Blida,Prepaid,38,3.7,589.0,64,0.16,4,300.0,1100.0,0,Talkers
C04971,Tizi Ouzou,Postpaid,7,25.0,197.0,0,0.65,4,450.0,1680.0,0,Students
C04972,Oran,Prepaid,19,0.6,92.0,24,0.23,0,200.0,0.0,0,Low spenders
C04973,Alger,Prepaid,15,0.9,0.0,31,0.16,2,200.0,430.0,0,Low spenders
C04974,Ouargla,Prepaid,7,35.9,124.0,12,0.57,5,850.0,4170.0,0,Data lovers
C04975,Setif,Prepaid,27,6.4,769.0,71,0.11,3,600.0,1740.0,0,Talkers
C04976,Batna,Prepaid,2,40.6,49.0,0,0.34,3,800.0,2470.0,0,Data lovers
C04977,Ouargla,Prepaid,17,1.7,82.0,9,0.0,1,50.0,50.0,1,Low spenders
C04978,Ouargla,Prepaid,52,0.9,763.0,84,0.2,2,900.0,1900.0,0,Talkers
C04979,Blida,Prepaid,14,1.6,67.0,6,0.21,2,150.0,280.0,0,Low spenders
C04980,Tlemcen,Prepaid,25,17.9,177.0,26,0.52,6,600.0,3690.0,0,Data lovers
C04981,Tizi Ouzou,Postpaid,55,22.5,136.0,6,0.38,4,900.0,3810.0,0,Data lovers
C04982,Setif,Prepaid,0,2.2,102.0,27,0.33,1,200.0,200.0,0,Low spenders
C04983,Tlemcen,Prepaid,26,16.2,99.0,59,0.45,3,450.0,1290.0,0,Students
C04984,Tizi Ouzou,Prepaid,10,24.7,147.0,37,0.68,5,300.0,1520.0,0,Students
C04985,Tlemcen,Prepaid,23,1.9,89.0,10,0.23,1,300.0,270.0,0,Low spenders
C04986,Constantine,Postpaid,21,17.9,192.0,60,0.48,2,300.0,620.0,0,Students
C04987,Tlemcen,Prepaid,15,31.8,124.0,15,0.39,4,1050.0,3890.0,0,Data lovers
C04988,Batna,Prepaid,19,2.3,79.0,14,0.23,2,150.0,310.0,0,Low spenders
C04989,Constantine,Prepaid,24,2.6,124.0,21,0.31,0,150.0,0.0,0,Low spenders
C04990,Annaba,Prepaid,57,20.1,126.0,11,0.24,4,1050.0,3870.0,0,Data lovers
C04991,Annaba,Postpaid,54,4.7,656.0,83,0.22,5,700.0,3330.0,1,Talkers
C04992,Blida,Prepaid,7,35.4,112.0,23,0.44,6,1100.0,5970.0,0,Data lovers
C04993,Constantine,Postpaid,26,3.1,69.0,7,0.17,1,200.0,210.0,0,Low spenders
C04994,Blida,Postpaid,18,6.2,116.0,11,0.26,1,200.0,200.0,0,Low spenders
C04995,Annaba,Postpaid,6,2.4,32.0,14,0.19,2,100.0,180.0,0,Low spenders
C04996,Alger,Postpaid,26,25.7,100.0,57,0.42,2,250.0,530.0,0,Students
C04997,Tlemcen,Prepaid,39,32.7,114.0,39,0.43,5,1100.0,5990.0,0,Data lovers
C04998,Batna,Prepaid,17,2.6,26.0,6,0.34,1,100.0,100.0,0,Low spenders
C04999,Ouargla,Prepaid,63,59.7,581.0,74,0.13,5,1850.0,8390.0,0,Premium
C05000,Alger,Prepaid,33,25.6,54.0,21,0.52,3,1050.0,3320.0,0,Data lovers
